笔记ID,笔记标题,账号,发布时间,笔记类型,推广状态,曝光量,阅读量,互动量,支付金额,支付订单数,支付人数,商品点击次数,商品点击人数,加购件数,退款金额,退款订单数,GPM,GPM状态
6a07c7de0000000035026f41,同事以为我天天点轻食🥹,鲜水湾甄选,2026-05-16 15:42:01,图文笔记,未推广,123.0,16.0,11.0,128.0,1.0,1.0,3.0,1.0,1.0,0.0,0.0,1040.65,有成交
6a759bea00000000350175b1,谁能想到，300多把冰箱囤满了三文鱼 🐟,菲菲上班吃什么,2026-08-07 16:48:42,图文笔记,未推广,231.0,25.0,2.0,117.0,1.0,1.0,2.0,2.0,0.0,0.0,0.0,506.49,有成交
6a681e7a000000001f01dc3b,以为虾仁很贵，结果60来块够吃一周✅,鲜水湾,2026-07-28 11:14:02,图文笔记,未推广,378.0,17.0,17.0,191.0,2.0,2.0,4.0,2.0,1.0,0.0,0.0,505.29,有成交
6a1907370000000008001f19,低估了300块的购买力，竟然这么多！,鲜水湾,2026-05-29 11:25:43,图文笔记,已推广,863.0,56.0,11.0,368.0,1.0,1.0,15.0,13.0,3.0,0.0,0.0,426.42,有成交
69ede86a000000001e00df64,普通人减脂真不贵！69实现一周虾仁自由✨,菲菲上班吃什么,2026-04-26 18:26:50,图文笔记,未推广,322.0,26.0,14.0,128.0,1.0,1.0,2.0,2.0,0.0,0.0,0.0,397.52,有成交
6a0290310000000007020130,减脂期冰箱有这几袋虾仁，真的不怕没饭吃,婉婉上班吃什么,2026-05-12 10:28:01,图文笔记,未推广,408.0,27.0,15.0,128.0,1.0,1.0,5.0,5.0,1.0,0.0,0.0,313.73,有成交
69fdeb20000000001b0223fd,🥹早八打工人真的挖到宝！,菲菲上班吃什么,2026-05-08 23:14:00,图文笔记,未推广,722.0,42.0,12.0,207.0,3.0,3.0,12.0,12.0,0.0,0.0,0.0,286.7,有成交
6a55f788000000000702b9b8,办公室午饭被问最多的，居然是一餐一包虾仁,菲菲上班吃什么,2026-07-14 16:47:04,图文笔记,未推广,442.0,23.0,16.0,123.0,1.0,1.0,3.0,3.0,0.0,0.0,0.0,278.28,有成交
6a1408cf0000000006032ff9,早八打工人建议：管理期被拿捏…,菲菲上班吃什么,2026-05-25 16:31:11,图文笔记,已推广,275.0,18.0,13.0,69.0,1.0,1.0,4.0,2.0,0.0,0.0,0.0,250.91,有成交
6a7af210000000002500c310,跟老爸商量后，决定推出独居小包装三文鱼,婉婉上班吃什么,2026-08-11 17:57:36,图文笔记,未推广,503.0,40.0,14.0,117.0,1.0,1.0,21.0,18.0,5.0,0.0,0.0,232.6,有成交
6a0fba74000000000702ca82,整条8斤三文鱼，限时直降100💰再减30,鲜水湾,2026-05-22 10:07:48,图文笔记,已推广,257.0,31.0,9.0,57.0,1.0,1.0,3.0,2.0,0.0,0.0,0.0,221.79,有成交
6a1b8ddb0000000007025cc0,不敢相信😱100块承包了我十顿轻食餐,菲菲上班吃什么,2026-05-31 14:36:00,图文笔记,未推广,321.0,25.0,13.0,69.0,1.0,1.0,3.0,3.0,1.0,0.0,0.0,214.95,有成交
6a1811010000000035024aa0,和爸妈商量后，推出为早八人设计的小包装,鲜水湾甄选,2026-05-28 19:55:02,图文笔记,未推广,327.0,20.0,12.0,69.0,1.0,1.0,1.0,1.0,0.0,0.0,0.0,211.01,有成交
69e9b21700000000210074dc,终于等到夏天，我要开始猛吃猛控体了,鲜水湾甄选,2026-04-24 21:30:15,图文笔记,未推广,327.0,25.0,12.0,69.0,1.0,1.0,2.0,2.0,0.0,0.0,0.0,211.01,有成交
6a3ca20c000000000f016956,控体期，打工人午饭被这虾仁承包了！！！,鲜水湾甄选,2026-06-25 11:35:40,图文笔记,已推广,920.0,40.0,15.0,194.0,2.0,2.0,9.0,9.0,4.0,0.0,0.0,210.87,有成交
6a0d864100000000070263d3,100块吃不了一顿火锅，但承包我一周减脂餐！,菲菲上班吃什么,2026-05-20 18:48:04,图文笔记,已推广,944.0,59.0,12.0,197.0,2.0,2.0,9.0,7.0,1.0,128.0,1.0,208.69,有成交
6a6a015000000000110171ed,100块解决打工人半个月的轻食餐！,鲜水湾甄选,2026-07-29 21:34:08,图文笔记,未推广,598.0,39.0,20.0,123.0,1.0,1.0,6.0,6.0,1.0,0.0,0.0,205.69,有成交
6a07c8b3000000003502b12a,我妈都夸我终于会吃了😂,鲜水湾甄选,2026-05-16 20:30:34,图文笔记,未推广,662.0,53.0,11.0,128.0,1.0,1.0,6.0,5.0,1.0,0.0,0.0,193.35,有成交
6a4a45f30000000006030f2e,谁顶得住啊😭60元直接实现虾仁自由！,菲菲上班吃什么,2026-07-05 19:54:27,图文笔记,未推广,358.0,23.0,14.0,68.0,1.0,1.0,5.0,5.0,0.0,0.0,0.0,189.94,有成交
6a22a7b600000000220211eb,真别低估了100来块的购买力，够吃半个月了,鲜水湾甄选,2026-06-05 18:40:54,图文笔记,已推广,384.0,26.0,13.0,69.0,1.0,1.0,9.0,8.0,0.0,69.0,1.0,179.69,有成交
69f71e28000000001a037687,这69块一周的减脂餐，吃！,菲菲上班吃什么,2026-05-03 18:06:32,图文笔记,未推广,394.0,20.0,13.0,69.0,1.0,1.0,4.0,4.0,1.0,0.0,0.0,175.13,有成交
69f16b51000000003501f685,普通人减脂省钱分享：100+吃半个月,鲜水湾甄选,2026-04-29 10:22:09,图文笔记,未推广,809.0,65.0,18.0,138.0,2.0,2.0,6.0,6.0,2.0,0.0,0.0,170.58,有成交
69fdee8a0000000035020af6,在办公室吃了一天，整个办公室都在跟着回购！,鲜水湾甄选,2026-05-09 00:37:00,图文笔记,未推广,838.0,72.0,11.0,138.0,2.0,2.0,14.0,12.0,6.0,69.0,1.0,164.68,有成交
69f74a60000000001b0200b0,别低估69块在小红书的购买力…,菲菲上班吃什么,2026-05-03 21:15:12,图文笔记,未推广,799.0,41.0,12.0,128.0,1.0,1.0,6.0,6.0,0.0,0.0,0.0,160.2,有成交
6a3dfb10000000000702cb9c,发现人减脂根本花不了几个钱…,菲菲上班吃什么,2026-06-26 12:07:44,图文笔记,未推广,894.0,86.0,14.0,133.0,2.0,2.0,6.0,6.0,1.0,0.0,0.0,148.77,有成交
69e87d60000000001d01f604,谁懂啊…靠它！两周变化太明显了,鲜水湾甄选,2026-04-23 10:00:54,图文笔记,未推广,873.0,62.0,12.0,128.0,1.0,1.0,5.0,5.0,0.0,0.0,0.0,146.62,有成交
6a35f92a00000000210205a9,早八带饭党，5分钟备餐全靠独立小包装✅,菲菲上班吃什么,2026-06-20 10:21:30,图文笔记,已推广,858.0,70.0,13.0,125.0,1.0,1.0,10.0,9.0,0.0,0.0,0.0,145.69,有成交
6a366845000000001003c573,69 元的购买力，控体期解决一周工作餐,鲜水湾甄选,2026-06-20 21:15:02,图文笔记,已推广,885.0,92.0,16.0,128.0,1.0,1.0,11.0,10.0,1.0,0.0,0.0,144.63,有成交
6a0592c30000000035029f8f,由于我不停的吃！！ 不停的吃！！！,鲜水湾甄选,2026-05-14 22:26:01,图文笔记,未推广,955.0,120.0,11.0,138.0,2.0,2.0,10.0,10.0,2.0,0.0,0.0,144.5,有成交
6a549748000000000803359a,办公室午饭被问最多的，居然是一餐一包虾仁,菲菲上班吃什么,2026-07-13 15:44:08,图文笔记,未推广,945.0,87.0,15.0,136.0,2.0,2.0,8.0,8.0,1.0,0.0,0.0,143.92,有成交
6a36683a000000000f015682,夏天必备的懒人菜搭子✅！！（附调料教程）,鲜水湾甄选,2026-06-20 19:15:03,图文笔记,已推广,893.0,29.0,13.0,127.0,1.0,1.0,3.0,3.0,0.0,0.0,0.0,142.22,有成交
6a3929300000000007029228,减脂期后发现，100块真能吃半个月虾仁,菲菲上班吃什么,2026-06-22 21:10:03,图文笔记,未推广,468.0,24.0,13.0,66.0,1.0,1.0,8.0,6.0,3.0,0.0,0.0,141.03,有成交
6a44cfc8000000000f014734,以为100没多少，结果够吃半个月了😂,鲜水湾甄选,2026-07-01 16:28:56,图文笔记,未推广,487.0,25.0,13.0,68.0,1.0,1.0,7.0,6.0,2.0,0.0,0.0,139.63,有成交
69f71e58000000003503103a,练后补给最严厉的母亲,鲜水湾甄选,2026-05-03 18:07:20,图文笔记,未推广,927.0,58.0,14.0,128.0,1.0,1.0,7.0,7.0,0.0,0.0,0.0,138.08,有成交
6a3e40c3000000000f02835b,多亏了这虾仁，夏天前的控体KPI提前完成,鲜水湾甄选,2026-06-26 17:05:07,图文笔记,已推广,955.0,60.0,16.0,130.0,2.0,2.0,7.0,5.0,1.0,0.0,0.0,136.13,有成交
69e72b5e000000001d019e44,年轻人严重低估了69的购买力！,鲜水湾甄选,2026-04-22 10:30:18,图文笔记,未推广,947.0,55.0,14.0,128.0,1.0,1.0,6.0,6.0,0.0,0.0,0.0,135.16,有成交
6a5de6ed0000000009035ed9,同事对于我每天吃一盒虾仁，表示很奢侈,婉婉上班吃什么,2026-07-20 17:14:21,图文笔记,未推广,960.0,64.0,9.0,128.0,1.0,1.0,9.0,8.0,1.0,0.0,0.0,133.33,有成交
6a13e164000000000602051a,夏日减脂真不多，区区300块够吃一个月了😆,婉婉上班吃什么,2026-05-25 13:43:00,图文笔记,未推广,973.0,79.0,11.0,128.0,1.0,1.0,13.0,13.0,4.0,0.0,0.0,131.55,有成交
6a2fa999000000000701157d,现在年轻人，严重低估了69的购买力！,菲菲上班吃什么,2026-06-15 15:28:25,图文笔记,已推广,531.0,28.0,12.0,69.0,1.0,1.0,7.0,6.0,0.0,0.0,0.0,129.94,有成交
6a32812f000000002103d76f,😭爬坡1小时 vs 煮虾仁3分钟，我选后者…,菲菲上班吃什么,2026-06-17 19:12:47,图文笔记,已推广,992.0,49.0,12.0,128.0,1.0,1.0,5.0,5.0,0.0,0.0,0.0,129.03,有成交
69f35b35000000003501fa9e,本以为69块没多少，没想到吃了整整一周…,鲜水湾甄选,2026-04-30 21:37:57,图文笔记,未推广,995.0,116.0,13.0,128.0,1.0,1.0,15.0,14.0,3.0,0.0,0.0,128.64,有成交
6a5065b100000000060334e8,打工人的减脂餐，真的不用每天想吃什么,菲菲上班吃什么,2026-07-10 11:23:29,图文笔记,未推广,550.0,20.0,15.0,68.0,1.0,1.0,3.0,2.0,0.0,0.0,0.0,123.64,有成交
69ae737e000000001a0265ad,控体期不知道回购了多少袋的虾仁,婉婉上班吃什么,2026-03-09 15:15:10,图文笔记,未推广,777.0,50.0,11.0,96.0,1.0,1.0,9.0,9.0,0.0,0.0,0.0,123.55,有成交
6a0d72bb0000000035039ccc,减脂餐终于不是水煮菜了🤣,鲜水湾甄选,2026-05-20 21:14:00,图文笔记,未推广,561.0,24.0,11.0,69.0,1.0,1.0,1.0,1.0,1.0,0.0,0.0,122.99,有成交
6a4a3450000000001101647e,夏日减脂真不贵，69承包我一周减脂餐！,鲜水湾甄选,2026-07-05 18:39:12,图文笔记,未推广,531.0,41.0,16.0,64.0,1.0,1.0,10.0,8.0,2.0,0.0,0.0,120.53,有成交
6a2b9b94000000000702e7d3,一人食！都去炫这个三文鱼墩墩🤤,鲜水湾,2026-06-12 13:39:32,图文笔记,已推广,753.0,63.0,8.0,89.9,1.0,1.0,12.0,9.0,1.0,0.0,0.0,119.39,有成交
69b58683000000001f0051e3,和老爹商量后！专门出了69元年后减脂小包装,鲜水湾,2026-03-15 00:02:11,图文笔记,未推广,598.0,34.0,12.0,69.0,1.0,1.0,5.0,4.0,2.0,69.0,1.0,115.38,有成交
6a39033e000000002201abe0,听劝，咱家虾仁收到就白水煮！,鲜水湾甄选,2026-06-22 17:41:18,图文笔记,未推广,577.0,38.0,15.0,66.0,1.0,1.0,6.0,6.0,1.0,0.0,0.0,114.38,有成交
6a2cd9d00000000021023f17,真别低估了100来块的购买力，够吃半个月了,菲菲上班吃什么,2026-06-13 12:17:20,图文笔记,已推广,616.0,48.0,13.0,69.0,1.0,1.0,6.0,6.0,0.0,0.0,0.0,112.01,有成交
6a140ba00000000008024cb9,管理期必囤！多少个晚上靠它,菲菲上班吃什么,2026-05-25 20:09:01,图文笔记,未推广,630.0,39.0,12.0,69.0,1.0,1.0,6.0,6.0,1.0,0.0,0.0,109.52,有成交
6a2935670000000022020f41,我承认，是虾仁让我开始认真吃饭了……,鲜水湾甄选,2026-06-10 17:59:03,图文笔记,未推广,632.0,48.0,12.0,69.0,1.0,1.0,13.0,10.0,0.0,0.0,0.0,109.18,有成交
6a18419a000000000702d7dd,同事看我天天吃虾，还以为我伙食费很高😭,菲菲上班吃什么,2026-05-28 22:09:01,图文笔记,未推广,640.0,57.0,13.0,69.0,1.0,1.0,4.0,4.0,2.0,0.0,0.0,107.81,有成交
6a447c57000000000f01ce05,我承认，是虾仁让我开始认真吃饭了,鲜水湾甄选,2026-07-01 10:32:55,图文笔记,未推广,595.0,38.0,15.0,64.0,1.0,1.0,4.0,4.0,1.0,0.0,0.0,107.56,有成交
69a50939000000000d009d8a,年后减脂真花不了几个钱，98够吃一周了,鲜水湾,2026-03-02 11:51:21,图文笔记,未推广,913.0,61.0,8.0,98.0,1.0,1.0,9.0,8.0,1.0,0.0,0.0,107.34,有成交
69e73130000000001d01fc0a,SOS！连续一周带虾仁便当被同事追着问工资,鲜水湾甄选,2026-04-22 13:30:08,图文笔记,未推广,650.0,41.0,14.0,69.0,1.0,1.0,8.0,7.0,1.0,0.0,0.0,106.15,有成交
6a3b66ab000000000f028a16,以为没多少，结果69够我吃一周了😂,鲜水湾甄选,2026-06-24 13:10:03,图文笔记,已推广,655.0,60.0,14.0,68.0,1.0,1.0,10.0,10.0,1.0,68.0,1.0,103.82,有成交
69bcd6740000000023004715,谁还去超市买虾呀，小红书买的便宜又好吃,鲜水湾,2026-03-20 13:09:08,图文笔记,已推广,778.0,63.0,5.0,79.0,1.0,1.0,10.0,9.0,1.0,79.0,1.0,101.54,有成交
69b516b2000000001f00118d,和老妈商量了，给独居人定制了小包装,鲜水湾,2026-03-14 16:05:06,图文笔记,未推广,689.0,47.0,12.0,69.0,1.0,1.0,8.0,6.0,1.0,0.0,0.0,100.15,有成交
6a0ff035000000003502d98d,我妈对我吃虾仁，表示震惊…,鲜水湾甄选,2026-05-22 13:57:09,图文笔记,未推广,696.0,61.0,12.0,69.0,1.0,1.0,4.0,4.0,1.0,0.0,0.0,99.14,有成交
6a466634000000001101831c,100块解决打工人半个月的轻食餐！,鲜水湾甄选,2026-07-02 21:23:00,图文笔记,已推广,697.0,36.0,15.0,68.0,1.0,1.0,8.0,7.0,1.0,0.0,0.0,97.56,有成交
6a3f2d42000000001003c199,手剥虾仁69管一周？一人食减脂餐,鲜水湾甄选,2026-06-27 09:54:10,图文笔记,未推广,701.0,23.0,14.0,68.0,1.0,1.0,7.0,7.0,0.0,0.0,0.0,97.0,有成交
6a65fa70000000000c015876,请大数据推给减脂的姐妹，吃的干净真的会瘦,婉婉上班吃什么,2026-07-26 20:15:44,图文笔记,未推广,723.0,52.0,17.0,68.0,1.0,1.0,5.0,3.0,0.0,0.0,0.0,94.05,有成交
69f06fca000000001a03482d,还以为100来块没多少，结果够我吃半个月,菲菲上班吃什么,2026-04-28 16:28:58,图文笔记,未推广,739.0,25.0,12.0,69.0,1.0,1.0,5.0,3.0,1.0,0.0,0.0,93.37,有成交
6a0ad35f0000000035024e5e,原来69吃一周的低脂餐也能吃这么爽😭,鲜水湾甄选,2026-05-18 18:33:05,图文笔记,未推广,740.0,52.0,13.0,69.0,1.0,1.0,8.0,7.0,1.0,0.0,0.0,93.24,有成交
69faff38000000003501eea1,69元直接囤够了我一周的轻食🥗,鲜水湾甄选,2026-05-06 16:43:36,图文笔记,未推广,741.0,33.0,12.0,69.0,1.0,1.0,4.0,2.0,2.0,0.0,0.0,93.12,有成交
6a2631af000000002202d757,减脂期，吃这个的人简直是天才！！！,鲜水湾甄选,2026-06-08 11:06:23,图文笔记,未推广,688.0,56.0,15.0,64.0,1.0,1.0,10.0,6.0,2.0,0.0,0.0,93.02,有成交
6a211d6500000000080248cf,多亏了这虾仁，夏天前的控体KPI提前完成…,菲菲上班吃什么,2026-06-04 14:38:29,图文笔记,未推广,758.0,41.0,2.0,69.0,1.0,1.0,1.0,1.0,0.0,0.0,0.0,91.03,有成交
6a2807bb000000003502941f,早八赶时间，我的带饭公式被同事抄走了！！！！,鲜水湾甄选,2026-06-09 20:31:55,图文笔记,已推广,751.0,64.0,16.0,68.0,1.0,1.0,6.0,6.0,1.0,68.0,1.0,90.55,有成交
6a7a78cd0000000033035eac,现在年轻人，严重低估了 60 块的购买力了,婉婉上班吃什么,2026-08-11 09:20:13,图文笔记,未推广,770.0,64.0,15.0,69.0,1.0,1.0,13.0,10.0,4.0,0.0,0.0,89.61,有成交
69a79f18000000001a01c308,为啥很少有人减脂主食吃虾呀,鲜水湾,2026-03-04 10:55:20,图文笔记,已推广,772.0,68.0,1.0,69.0,1.0,1.0,11.0,9.0,0.0,0.0,0.0,89.38,有成交
69f3249c000000003501ec2f,安利给减脂期姐妹，69r实现虾仁自由！,鲜水湾甄选,2026-04-30 17:45:00,图文笔记,未推广,777.0,25.0,12.0,69.0,1.0,1.0,3.0,3.0,0.0,0.0,0.0,88.8,有成交
6a1956aa0000000008003068,感谢老板！一人食独立小包装太方便了😉,婉婉上班吃什么,2026-05-29 17:04:42,图文笔记,已推广,779.0,71.0,17.0,69.0,1.0,1.0,11.0,9.0,3.0,0.0,0.0,88.58,有成交
6a12607d0000000035026a45,我宣布这是我减脂期买过的zui好的虾仁,鲜水湾甄选,2026-05-24 19:37:01,图文笔记,未推广,787.0,55.0,16.0,69.0,1.0,1.0,5.0,5.0,1.0,0.0,0.0,87.67,有成交
6a2014730000000022024f58,手剥虾仁69管一周？一人食减脂餐！！,鲜水湾甄选,2026-06-03 19:48:03,图文笔记,未推广,814.0,52.0,16.0,69.0,1.0,1.0,10.0,7.0,1.0,0.0,0.0,84.77,有成交
6a1a41930000000035024ff3,健身后最方便带得干净健康餐来了😎,鲜水湾甄选,2026-05-30 11:46:01,图文笔记,未推广,817.0,46.0,12.0,69.0,1.0,1.0,11.0,9.0,4.0,0.0,0.0,84.46,有成交
6a5c3e52000000000e0360fa,独居打工人一餐一包，真的很懂一人食,菲菲上班吃什么,2026-07-19 11:02:42,图文笔记,未推广,807.0,29.0,15.0,68.0,1.0,1.0,4.0,4.0,3.0,0.0,0.0,84.26,有成交
6a3743f00000000007024d43,控体期69虾仁吃一周，外卖两顿没了,菲菲上班吃什么,2026-06-21 09:52:48,图文笔记,已推广,846.0,47.0,13.0,69.0,1.0,1.0,8.0,7.0,0.0,0.0,0.0,81.56,有成交
6a0fc631000000000702b352,瘦干螂饮食法真的有点东西 亲测有效的…,菲菲上班吃什么,2026-05-22 11:57:01,图文笔记,未推广,874.0,75.0,11.0,69.0,1.0,1.0,9.0,8.0,2.0,0.0,0.0,78.95,有成交
6a3d15e80000000011019758,不要科技狠活的虾仁，70元囤一周减脂餐,鲜水湾甄选,2026-06-25 19:50:00,图文笔记,已推广,892.0,44.0,14.0,69.0,1.0,1.0,12.0,10.0,2.0,0.0,0.0,77.35,有成交
6a5477d6000000000702095d,健身后才发现，我买虾仁的频率越来越高,菲菲上班吃什么,2026-07-13 13:29:58,图文笔记,未推广,881.0,69.0,14.0,68.0,1.0,1.0,10.0,10.0,1.0,0.0,0.0,77.19,有成交
6a33dd9e0000000011018b55,爸妈觉得我每天吃一包虾仁很奢侈……,鲜水湾甄选,2026-06-18 19:59:26,图文笔记,已推广,899.0,38.0,12.0,69.0,1.0,1.0,7.0,7.0,2.0,0.0,0.0,76.75,有成交
6a51bf44000000001102d99a,夏天来了，我决定花69吃一周轻食餐！,鲜水湾甄选,2026-07-11 11:57:56,图文笔记,未推广,892.0,35.0,14.0,68.0,1.0,1.0,5.0,4.0,1.0,68.0,1.0,76.23,有成交
6a462caa000000000f01c241,打工人，懒人减脂餐真的别低估这包虾仁…,鲜水湾甄选,2026-07-02 17:17:30,图文笔记,已推广,900.0,30.0,12.0,68.0,1.0,1.0,3.0,3.0,0.0,0.0,0.0,75.56,有成交
6a28079c0000000022017043,听我一句劝，夏天减脂期控体还来得及！！！,菲菲上班吃什么,2026-06-09 21:31:01,图文笔记,已推广,916.0,52.0,12.0,69.0,1.0,1.0,9.0,7.0,2.0,0.0,0.0,75.33,有成交
6a70753b000000002c0064e2,和老爸商讨后，连夜上架一人食小包装,鲜水湾甄选,2026-08-03 19:02:19,图文笔记,未推广,903.0,72.0,15.0,68.0,1.0,1.0,12.0,12.0,2.0,0.0,0.0,75.3,有成交
6a3657060000000021018862,现在年轻人，严重低估了69的购买力！,菲菲上班吃什么,2026-06-20 17:01:58,图文笔记,已推广,918.0,67.0,13.0,69.0,1.0,1.0,5.0,5.0,2.0,0.0,0.0,75.16,有成交
6a3bc04c0000000006037b0c,69块的虾仁，承包了我一周的工作餐,菲菲上班吃什么,2026-06-24 19:32:28,图文笔记,已推广,919.0,39.0,12.0,69.0,1.0,1.0,15.0,12.0,1.0,0.0,0.0,75.08,有成交
6a33901d0000000021019fbc,轻食吃不起了。。。还是自己煮虾仁香,婉婉上班吃什么,2026-06-18 14:28:46,图文笔记,未推广,941.0,95.0,20.0,69.0,1.0,1.0,7.0,7.0,0.0,0.0,0.0,73.33,有成交
6a55a926000000001101776b,没想到，独居人最先戒掉的是大包装,鲜水湾甄选,2026-07-14 11:12:38,图文笔记,未推广,928.0,85.0,17.0,68.0,1.0,1.0,5.0,5.0,1.0,0.0,0.0,73.28,有成交
6a1f9ce400000000080277f0,控体期能持续掉秤，全靠吃的干净！,婉婉上班吃什么,2026-06-03 11:17:56,图文笔记,未推广,943.0,56.0,18.0,69.0,1.0,1.0,12.0,11.0,3.0,0.0,0.0,73.17,有成交
6a229e0c0000000007013d5b,区区69💰居然够我自律期吃一周了！！！,菲菲上班吃什么,2026-06-05 17:59:41,图文笔记,未推广,948.0,54.0,8.0,69.0,1.0,1.0,5.0,5.0,3.0,0.0,0.0,72.78,有成交
6a3f2c7e000000000702294f,你信吗？接下来一个月减脂人会买😂😂,菲菲上班吃什么,2026-06-27 09:50:55,图文笔记,未推广,911.0,73.0,15.0,66.0,1.0,1.0,10.0,6.0,2.0,0.0,0.0,72.45,有成交
6a3282760000000008032509,区区69元，承包了我一周减脂的快乐！！！,菲菲上班吃什么,2026-06-17 20:17:02,图文笔记,未推广,953.0,61.0,13.0,69.0,1.0,1.0,13.0,12.0,1.0,0.0,0.0,72.4,有成交
6a576f52000000000702bb94,一餐一包，真把早八打工人外卖改了！！！！,菲菲上班吃什么,2026-07-15 19:30:27,图文笔记,未推广,941.0,56.0,16.0,68.0,1.0,1.0,8.0,7.0,0.0,0.0,0.0,72.26,有成交
6a0d71170000000035021e37,比轻食外卖划算太多了🥹,鲜水湾甄选,2026-05-20 19:22:02,图文笔记,未推广,958.0,111.0,11.0,69.0,1.0,1.0,5.0,5.0,2.0,0.0,0.0,72.03,有成交
69ffd0c4000000000702177c,我妈：终于不天天吃外卖了🤣,菲菲上班吃什么,2026-05-10 19:26:02,图文笔记,未推广,959.0,92.0,12.0,69.0,1.0,1.0,8.0,7.0,1.0,0.0,0.0,71.95,有成交
6a32ad0100000000070121d8,别再花30多点轻食了自己煮虾仁更香,婉婉上班吃什么,2026-06-17 22:19:45,图文笔记,未推广,956.0,58.0,17.0,68.0,1.0,1.0,10.0,10.0,1.0,0.0,0.0,71.13,有成交
69b9206b000000002003a746,发现人减脂根本花不了几个钱…,鲜水湾,2026-03-17 17:35:39,图文笔记,未推广,986.0,118.0,13.0,69.0,1.0,1.0,5.0,5.0,1.0,0.0,0.0,69.98,有成交
6a26bca700000000350312ac,又囤上了....69承包了我一周的减脂餐…,鲜水湾甄选,2026-06-08 20:59:19,图文笔记,已推广,997.0,62.0,16.0,69.0,1.0,1.0,6.0,5.0,1.0,0.0,0.0,69.21,有成交
6a058a700000000006022d32,69直接囤了我一周的减脂餐…,菲菲上班吃什么,2026-05-14 19:32:02,图文笔记,未推广,997.0,107.0,14.0,69.0,1.0,1.0,8.0,8.0,2.0,0.0,0.0,69.21,有成交
6a759e66000000002803154b,懒人真的可以常备这款三文鱼🐟,鲜水湾,2026-08-07 16:59:18,图文笔记,未推广,911.0,89.0,18.0,63.0,1.0,1.0,16.0,16.0,7.0,0.0,0.0,69.15,有成交
6a4e42ed0000000006033160,我也不想买啊😭但69够我吃一周虾仁了,菲菲上班吃什么,2026-07-08 20:30:37,图文笔记,未推广,931.0,66.0,14.0,64.0,1.0,1.0,12.0,11.0,2.0,0.0,0.0,68.74,有成交
6a26384f000000000702b3a6,能控制住血压的人，都有一个饮食特点,婉婉上班吃什么,2026-06-08 11:34:39,图文笔记,已推广,998.0,64.0,15.0,68.0,1.0,1.0,9.0,7.0,1.0,0.0,0.0,68.14,有成交
6a34a5f300000000080243ed,69块独立小包装虾仁吃一周，你还说我奢侈…,菲菲上班吃什么,2026-06-19 10:14:11,图文笔记,已推广,988.0,63.0,15.0,66.0,1.0,1.0,13.0,12.0,2.0,0.0,0.0,66.8,有成交
69f30527000000001a02cc0e,同事都说我天天吃虾仁，看着好奢侈😅,菲菲上班吃什么,2026-04-30 15:30:47,图文笔记,未推广,998.0,34.0,13.0,0.0,0.0,0.0,9.0,7.0,2.0,0.0,0.0,0,无成交数据
6a6f0c6a00000000270206a2,果然是生活化减脂，吃的干净真的会快乐🍤,鲜水湾甄选,2026-08-02 17:22:50,图文笔记,未推广,993.0,64.0,14.0,0.0,0.0,0.0,11.0,11.0,3.0,0.0,0.0,0,无成交数据
697b6bcd000000002800b16c,整条三文鱼，送礼首选！,鲜水湾,2026-01-29 22:16:45,图文笔记,已推广,993.0,90.0,8.0,0.0,0.0,0.0,1.0,1.0,0.0,0.0,0.0,0,无成交数据
6a2a5f84000000002202fc68,别说了！！早八打工人和虾仁锁死了 ！！！,鲜水湾甄选,2026-06-11 15:11:00,图文笔记,未推广,992.0,54.0,13.0,0.0,0.0,0.0,9.0,9.0,2.0,0.0,0.0,0,无成交数据
6a11225a000000003502c503,减脂人冰箱里一定要有虾仁😭,鲜水湾甄选,2026-05-23 11:43:22,图文笔记,未推广,991.0,87.0,12.0,0.0,0.0,0.0,2.0,2.0,1.0,0.0,0.0,0,无成交数据
6a50a927000000002101723a,下班回家的一人食，简单又治愈,婉婉上班吃什么,2026-07-10 16:11:19,图文笔记,已推广,990.0,87.0,12.0,0.0,0.0,0.0,8.0,8.0,0.0,0.0,0.0,0,无成交数据
6a0c1bfb0000000035027ce2,减脂党狂喜！69冰箱囤满一周！！ 独立小包装！！,鲜水湾甄选,2026-05-19 22:32:01,图文笔记,未推广,989.0,82.0,12.0,0.0,0.0,0.0,15.0,14.0,2.0,0.0,0.0,0,无成交数据
69ffd3d5000000003501cd76,空气炸锅+虾仁，减脂绝配😭,鲜水湾甄选,2026-05-10 19:39:02,图文笔记,未推广,987.0,82.0,11.0,0.0,0.0,0.0,3.0,3.0,0.0,0.0,0.0,0,无成交数据
69a55512000000000d00b2c7,和老爸商量了，决定为早八人定制专属小包装,鲜水湾,2026-03-02 17:14:58,图文笔记,已推广,985.0,46.0,10.0,0.0,0.0,0.0,9.0,9.0,2.0,0.0,0.0,0,无成交数据
6a4e038d000000000f01fe94,被同事追问最多的，居然是我的午饭！！！,鲜水湾甄选,2026-07-08 16:00:13,图文笔记,未推广,984.0,69.0,15.0,0.0,0.0,0.0,6.0,5.0,0.0,0.0,0.0,0,无成交数据
6a2a76e900000000080274ee,我承认，是虾仁让我开始认真吃饭了……,菲菲上班吃什么,2026-06-11 16:50:49,图文笔记,已推广,983.0,77.0,15.0,0.0,0.0,0.0,10.0,8.0,0.0,0.0,0.0,0,无成交数据
6a0bd2620000000008001073,区区300块搞定一个月的干净饮食,鲜水湾,2026-05-19 11:00:50,图文笔记,已推广,983.0,57.0,7.0,0.0,0.0,0.0,9.0,5.0,0.0,0.0,0.0,0,无成交数据
69de0fe6000000001b02377f,同事以为我每天吃虾很奢侈...,婉婉上班吃什么,2026-04-14 17:59:02,图文笔记,已推广,983.0,66.0,13.0,0.0,0.0,0.0,8.0,7.0,1.0,0.0,0.0,0,无成交数据
6a521923000000002201797e,我妈说：现在年轻人就该这样囤一餐一包的,菲菲上班吃什么,2026-07-11 18:21:24,图文笔记,未推广,982.0,48.0,13.0,0.0,0.0,0.0,7.0,6.0,0.0,0.0,0.0,0,无成交数据
6a327fa7000000001101876e,减脂期别再吃草了！虾仁不香吗！！！,鲜水湾甄选,2026-06-17 19:06:15,图文笔记,已推广,982.0,53.0,12.0,0.0,0.0,0.0,6.0,6.0,1.0,0.0,0.0,0,无成交数据
697af1bc000000002801d22d,过年就靠这个来油焖大虾惊呀小朋友啦～,鲜水湾,2026-01-29 13:35:56,图文笔记,已推广,982.0,96.0,4.0,0.0,0.0,0.0,0.0,0.0,0.0,0.0,0.0,0,无成交数据
6a5067b2000000001003ee18,谁懂？独居人的冰箱终于有标准答案了 ！！！,鲜水湾甄选,2026-07-10 11:32:02,图文笔记,未推广,981.0,63.0,15.0,0.0,0.0,0.0,8.0,8.0,1.0,0.0,0.0,0,无成交数据
6a0ec0bd000000003501d152,上班带饭被同事围观一个月！没想到瘦了13斤！,鲜水湾甄选,2026-05-21 18:30:35,图文笔记,未推广,981.0,95.0,14.0,0.0,0.0,0.0,5.0,5.0,1.0,0.0,0.0,0,无成交数据
6953f2f4000000001f005a86,现在的年轻人真的对40多的购买力没概念了…,鲜水湾,2025-12-30 23:42:44,图文笔记,已推广,980.0,98.0,7.0,0.0,0.0,0.0,0.0,0.0,0.0,0.0,0.0,0,无成交数据
6a5f61e100000000100258dd,区区300多，承包了我一个月的减脂餐,鲜水湾,2026-07-21 20:11:13,图文笔记,未推广,977.0,64.0,12.0,0.0,0.0,0.0,7.0,7.0,1.0,0.0,0.0,0,无成交数据
6a5494140000000022008e43,本来只想囤点三文鱼，结果半个月晚饭都有了,婉婉上班吃什么,2026-07-13 15:30:28,图文笔记,已推广,976.0,111.0,13.0,0.0,0.0,0.0,7.0,7.0,0.0,0.0,0.0,0,无成交数据
6a0d8e7e0000000006023417,打工人带饭省太多了😭 比外卖省多了！！,菲菲上班吃什么,2026-05-20 21:31:00,图文笔记,未推广,974.0,93.0,12.0,0.0,0.0,0.0,4.0,4.0,0.0,0.0,0.0,0,无成交数据
691441d10000000005030f68,60几块钱的购买力，远比我想得多得多,鲜水湾,2025-11-12 16:14:09,图文笔记,已推广,974.0,28.0,1.0,0.0,0.0,0.0,0.0,0.0,0.0,0.0,0.0,0,无成交数据
6a07cbb0000000000702a5c1,夏天能不能穿漂亮裙子，就靠你了！,菲菲上班吃什么,2026-05-16 19:43:01,图文笔记,未推广,966.0,59.0,11.0,0.0,0.0,0.0,11.0,9.0,3.0,0.0,0.0,0,无成交数据
69f59b4f000000001a037907,脱脂牛马的工作餐，终于又一次100斤了🍤,菲菲上班吃什么,2026-05-02 14:35:59,图文笔记,未推广,965.0,49.0,14.0,0.0,0.0,0.0,1.0,1.0,0.0,0.0,0.0,0,无成交数据
69f88fa3000000001f001c83,100来块实现带饭自由！终于和外卖说拜拜👋,菲菲上班吃什么,2026-05-04 20:22:59,图文笔记,未推广,964.0,62.0,13.0,0.0,0.0,0.0,1.0,1.0,0.0,0.0,0.0,0,无成交数据
695bcd41000000000e00f3bb,感谢山东网友推荐！40+一箱的生蚝太肥了,鲜水湾,2026-01-05 22:40:01,图文笔记,已推广,961.0,63.0,6.0,0.0,0.0,0.0,3.0,3.0,0.0,0.0,0.0,0,无成交数据
69f042ce0000000035027aa1,还有比虾仁更适合懒人的减脂餐嘛🫣,鲜水湾甄选,2026-04-28 13:17:02,图文笔记,未推广,960.0,58.0,14.0,0.0,0.0,0.0,7.0,7.0,0.0,0.0,0.0,0,无成交数据
6a3e79c6000000002101632c,以为 69 块买不了多少，结果足足够我吃一周,菲菲上班吃什么,2026-06-26 21:08:22,图文笔记,已推广,958.0,59.0,15.0,0.0,0.0,0.0,9.0,9.0,4.0,0.0,0.0,0,无成交数据
69abb441000000000e00fe5c,坚持这样吃早餐，体态真的越来越稳了,鲜水湾,2026-03-07 13:14:41,图文笔记,已推广,958.0,77.0,5.0,0.0,0.0,0.0,5.0,4.0,3.0,0.0,0.0,0,无成交数据
6a1e640c0000000006032802,减脂期别再吃水煮西兰花了🍤全靠虾仁！！,菲菲上班吃什么,2026-06-02 13:03:08,图文笔记,未推广,956.0,64.0,13.0,0.0,0.0,0.0,5.0,5.0,1.0,0.0,0.0,0,无成交数据
6a3103880000000006020ae6,我爸说：真的低估69块的购买力了！,菲菲上班吃什么,2026-06-16 16:04:24,图文笔记,已推广,955.0,51.0,11.0,0.0,0.0,0.0,8.0,8.0,0.0,0.0,0.0,0,无成交数据
6a0d18e2000000003503a661,区区69块，结果够我吃一周的了,鲜水湾甄选,2026-05-20 10:13:54,图文笔记,未推广,955.0,102.0,16.0,0.0,0.0,0.0,12.0,11.0,1.0,0.0,0.0,0,无成交数据
6a02eb3500000000360004b6,半夜饿到睡不着，真的别乱吃😭,鲜水湾甄选,2026-05-12 22:04:01,图文笔记,未推广,955.0,77.0,11.0,0.0,0.0,0.0,8.0,8.0,1.0,0.0,0.0,0,无成交数据
6a5a16a2000000001302e292,夏天减脂真不贵，区区69💰够我吃一周了！,菲菲上班吃什么,2026-07-17 19:48:50,图文笔记,未推广,952.0,41.0,14.0,0.0,0.0,0.0,0.0,0.0,0.0,0.0,0.0,0,无成交数据
69fdeccf000000001e00cd3c,早八打工人真的挖到宝！,菲菲上班吃什么,2026-05-09 03:01:00,图文笔记,未推广,952.0,65.0,16.0,0.0,0.0,0.0,6.0,6.0,2.0,0.0,0.0,0,无成交数据
69f0a45b000000001f006525,最懂早八打工人的0添加小包装,菲菲上班吃什么,2026-04-28 20:13:15,图文笔记,未推广,949.0,48.0,12.0,0.0,0.0,0.0,5.0,5.0,1.0,0.0,0.0,0,无成交数据
6a5331800000000021019aeb,健身人别再囤鸡胸了，我宣布换小包装了！,菲菲上班吃什么,2026-07-12 14:17:36,图文笔记,未推广,947.0,56.0,14.0,0.0,0.0,0.0,7.0,7.0,4.0,0.0,0.0,0,无成交数据
69f5cf0b000000001a02cee2,来抄作业——69💰吃一周减脂餐,菲菲上班吃什么,2026-05-02 18:16:44,图文笔记,未推广,946.0,74.0,16.0,0.0,0.0,0.0,2.0,2.0,1.0,0.0,0.0,0,无成交数据
6a23d8680000000022018a58,普通人减脂省钱分享：100+吃半个月…,鲜水湾甄选,2026-06-06 19:20:05,图文笔记,未推广,945.0,64.0,14.0,0.0,0.0,0.0,16.0,14.0,1.0,0.0,0.0,0,无成交数据
6a5f90f1000000001c010586,习惯了高蛋白饮食后……,鲜水湾,2026-07-21 23:32:01,图文笔记,已推广,943.0,81.0,13.0,0.0,0.0,0.0,7.0,7.0,2.0,0.0,0.0,0,无成交数据
6a3b6b5e0000000006033fda,早八赶时间，我的带饭公式被同事抄走了,菲菲上班吃什么,2026-06-24 13:30:06,图文笔记,已推广,943.0,62.0,16.0,0.0,0.0,0.0,8.0,7.0,0.0,0.0,0.0,0,无成交数据
6a5af000000000000903455b,区区300块，囤够了我一个月的减脂餐,婉婉上班吃什么,2026-07-18 11:16:16,图文笔记,未推广,940.0,53.0,11.0,0.0,0.0,0.0,10.0,10.0,1.0,0.0,0.0,0,无成交数据
6a2168770000000035029f58,减脂期，独居一人食安全感来自冰箱……,鲜水湾甄选,2026-06-04 19:58:47,图文笔记,未推广,940.0,79.0,9.0,0.0,0.0,0.0,7.0,7.0,1.0,0.0,0.0,0,无成交数据
69bcb440000000001f00573b,爸妈总说我天天吃虾仁太奢侈！,婉婉上班吃什么,2026-03-20 10:43:12,图文笔记,已推广,939.0,58.0,14.0,0.0,0.0,0.0,7.0,6.0,1.0,0.0,0.0,0,无成交数据
690d96940000000004011cda,这一口含金量谁懂🥹🥹🥹,婉婉上班吃什么,2025-11-07 14:49:56,视频笔记,已推广,939.0,235.0,0.0,0.0,0.0,0.0,0.0,0.0,0.0,0.0,0.0,0,无成交数据
69f3252c00000000230075c4,上班搭子对我每天吃虾仁表示很奢侈🤫,菲菲上班吃什么,2026-04-30 17:47:24,图文笔记,未推广,936.0,51.0,12.0,0.0,0.0,0.0,11.0,8.0,1.0,0.0,0.0,0,无成交数据
69846671000000002801fca8,听教练的！健身爬坡的姐妹都去吃高蛋白,鲜水湾,2026-02-05 17:44:17,图文笔记,已推广,935.0,122.0,3.0,0.0,0.0,0.0,1.0,1.0,0.0,0.0,0.0,0,无成交数据
69b27fef000000002800b95f,上班带饭，区区69元够我吃一周了,鲜水湾,2026-03-12 16:57:19,图文笔记,未推广,934.0,100.0,4.0,0.0,0.0,0.0,9.0,8.0,1.0,0.0,0.0,0,无成交数据
6a6e9dec000000002c007b77,教练盯着我的饭盒看了半天，天天吃虾真奢侈,鲜水湾甄选,2026-08-02 09:31:24,图文笔记,未推广,930.0,66.0,15.0,0.0,0.0,0.0,13.0,10.0,1.0,0.0,0.0,0,无成交数据
6a466205000000000803e104,和爸妈商量后，推出为早八人设计的小包装,菲菲上班吃什么,2026-07-02 21:05:09,图文笔记,未推广,928.0,41.0,12.0,0.0,0.0,0.0,9.0,7.0,1.0,0.0,0.0,0,无成交数据
6a7c38410000000035017136,和老爸商量后，推出减脂一人食小包装🍤,鲜水湾,2026-08-12 17:09:21,图文笔记,未推广,927.0,69.0,17.0,0.0,0.0,0.0,9.0,9.0,2.0,0.0,0.0,0,无成交数据
6a34d98600000000070236de,和爸妈商量后，推出夏日减脂一人食小包装…,菲菲上班吃什么,2026-06-19 13:54:15,图文笔记,未推广,926.0,58.0,14.0,0.0,0.0,0.0,11.0,10.0,3.0,0.0,0.0,0,无成交数据
69f202fc0000000023007ae1,果然带饭的尽头是极简🍤,菲菲上班吃什么,2026-04-29 21:09:16,图文笔记,未推广,926.0,80.0,14.0,0.0,0.0,0.0,5.0,5.0,2.0,0.0,0.0,0,无成交数据
6a2177fe00000000060345b6,69真的够我吃一周减脂餐……,菲菲上班吃什么,2026-06-04 21:05:02,图文笔记,未推广,925.0,51.0,16.0,0.0,0.0,0.0,6.0,6.0,1.0,0.0,0.0,0,无成交数据
6a6817a1000000001102c62d,跟点外卖说不通，虾仁减脂餐一餐一包！！,鲜水湾甄选,2026-07-28 10:44:49,图文笔记,未推广,924.0,78.0,14.0,0.0,0.0,0.0,7.0,7.0,2.0,0.0,0.0,0,无成交数据
69d3196c000000001f000597,新手友好🔥外脆里嫩的香煎柠檬三文鱼,婉婉上班吃什么,2026-04-06 10:24:44,图文笔记,未推广,924.0,74.0,6.0,0.0,0.0,0.0,3.0,3.0,0.0,0.0,0.0,0,无成交数据
6a3897f80000000021022f40,和父母商量后，决定再放200单，顺丰包邮,鲜水湾,2026-06-22 10:03:36,图文笔记,已推广,922.0,70.0,11.0,0.0,0.0,0.0,11.0,11.0,2.0,0.0,0.0,0,无成交数据
69e871d4000000001e00e242,别拿Sam和我比真的没有可比性😎,菲菲上班吃什么,2026-04-23 10:30:17,图文笔记,已推广,921.0,43.0,13.0,0.0,0.0,0.0,5.0,4.0,1.0,0.0,0.0,0,无成交数据
6a0685980000000035023e8f,和老爸商量后，为减脂姐妹推出专属小包,鲜水湾甄选,2026-05-15 10:31:52,图文笔记,未推广,920.0,59.0,13.0,0.0,0.0,0.0,6.0,6.0,2.0,0.0,0.0,0,无成交数据
694d4d55000000001e02f936,区区300多承包了我一个月的减脂餐😎,鲜水湾,2025-12-25 22:42:29,图文笔记,未推广,920.0,32.0,5.0,0.0,0.0,0.0,2.0,1.0,0.0,0.0,0.0,0,无成交数据
6a547859000000001101397b,和老爸商量后，决定推出低卡独立小包装！,鲜水湾甄选,2026-07-13 13:32:09,图文笔记,未推广,917.0,53.0,13.0,0.0,0.0,0.0,11.0,7.0,2.0,0.0,0.0,0,无成交数据
6a29629b000000002202b94a,谁顶得住啊😭60元直接实现虾仁自由！！！！,鲜水湾甄选,2026-06-10 22:11:00,图文笔记,未推广,917.0,52.0,10.0,0.0,0.0,0.0,9.0,9.0,4.0,0.0,0.0,0,无成交数据
6a4ca0960000000022019ec0,我宣布！一次一袋！太适合早八打工人了！！,鲜水湾甄选,2026-07-07 14:45:42,图文笔记,未推广,916.0,52.0,14.0,0.0,0.0,0.0,6.0,5.0,0.0,0.0,0.0,0,无成交数据
6a1ea58300000000220211c9,早八带饭党，早晨5分钟备餐全靠它！！！,鲜水湾甄选,2026-06-02 17:42:27,图文笔记,未推广,916.0,75.0,13.0,0.0,0.0,0.0,1.0,1.0,0.0,0.0,0.0,0,无成交数据
6a15057e0000000007025af4,上班带减脂餐不到一周8️⃣斤..好可怕！,菲菲上班吃什么,2026-05-26 10:29:18,图文笔记,未推广,916.0,69.0,14.0,0.0,0.0,0.0,7.0,6.0,0.0,0.0,0.0,0,无成交数据
6a1d1b500000000006030966,终于在家吃上轻食同款了！巨简单！！,菲菲上班吃什么,2026-06-01 13:40:32,图文笔记,未推广,915.0,98.0,15.0,0.0,0.0,0.0,8.0,8.0,0.0,0.0,0.0,0,无成交数据
6a1c04da0000000007026f40,今年坠成功的消费降级，69吃一周！,婉婉上班吃什么,2026-05-31 17:52:26,图文笔记,已推广,915.0,43.0,18.0,0.0,0.0,0.0,3.0,3.0,0.0,0.0,0.0,0,无成交数据
69ffcee7000000000701120e,下班10分钟搞定晚餐，比外卖快🍤,菲菲上班吃什么,2026-05-10 13:18:01,图文笔记,已推广,912.0,52.0,11.0,0.0,0.0,0.0,9.0,9.0,4.0,0.0,0.0,0,无成交数据
6a07cb4f0000000006031ad9,脱脂牛马的工作餐，终于又一次100斤了,菲菲上班吃什么,2026-05-16 18:50:05,图文笔记,未推广,911.0,96.0,11.0,0.0,0.0,0.0,8.0,7.0,4.0,0.0,0.0,0,无成交数据
69f2e50200000000360026b9,才100多块钱，轻松解决我半个月的减脂餐,鲜水湾甄选,2026-04-30 13:13:38,图文笔记,未推广,910.0,42.0,12.0,0.0,0.0,0.0,5.0,5.0,2.0,0.0,0.0,0,无成交数据
6a26b0e50000000022020d26,感觉控体期掉秤最明显的还是吃虾仁😭,鲜水湾甄选,2026-06-08 20:09:09,图文笔记,未推广,909.0,40.0,16.0,0.0,0.0,0.0,8.0,8.0,0.0,0.0,0.0,0,无成交数据
6a661445000000001f01e799,谁懂！60块独立小包装虾仁，承包我一周减脂餐,菲菲上班吃什么,2026-07-26 22:05:57,图文笔记,未推广,907.0,104.0,17.0,0.0,0.0,0.0,6.0,5.0,1.0,0.0,0.0,0,无成交数据
6a0c1b12000000003501fd5c,打工人纯邪修减脂！！69元直接吃一周！！,鲜水湾甄选,2026-05-19 21:09:02,图文笔记,未推广,907.0,69.0,12.0,0.0,0.0,0.0,2.0,2.0,0.0,0.0,0.0,0,无成交数据
690e0de20000000007017008,真的会谢🥲对60多块的购买力有了新概念,鲜水湾甄选,2025-11-07 23:18:58,图文笔记,已推广,907.0,58.0,1.0,0.0,0.0,0.0,0.0,0.0,0.0,0.0,0.0,0,无成交数据
6a30ca26000000000f0300c4,减脂期，打工人带饭靠虾仁续命……,鲜水湾甄选,2026-06-16 11:59:34,图文笔记,已推广,906.0,92.0,13.0,0.0,0.0,0.0,6.0,5.0,0.0,0.0,0.0,0,无成交数据
6a4f5549000000001102f73d,不敢相信😱100块承包了我十顿轻食餐,鲜水湾甄选,2026-07-09 16:01:13,图文笔记,未推广,905.0,87.0,20.0,0.0,0.0,0.0,15.0,12.0,1.0,0.0,0.0,0,无成交数据
6a4e2027000000002200bf2d,69 元的购买力，解决一周工作餐,婉婉上班吃什么,2026-07-08 18:02:15,图文笔记,未推广,905.0,32.0,16.0,0.0,0.0,0.0,7.0,7.0,1.0,0.0,0.0,0,无成交数据
6a40cf3600000000110048e6,同事以为我天天点轻食🥹,鲜水湾甄选,2026-06-28 15:37:26,图文笔记,未推广,905.0,35.0,13.0,0.0,0.0,0.0,6.0,5.0,0.0,0.0,0.0,0,无成交数据
6a06c48c000000000702bb17,健身餐有救了！这虾仁让我心甘情愿吃草,菲菲上班吃什么,2026-05-15 15:00:28,图文笔记,未推广,902.0,44.0,13.0,0.0,0.0,0.0,2.0,2.0,0.0,0.0,0.0,0,无成交数据
69a424e6000000000e00e78a,以为98元没多少，结果够我吃一周的了,鲜水湾,2026-03-01 19:37:10,图文笔记,已推广,900.0,46.0,16.0,0.0,0.0,0.0,11.0,11.0,1.0,0.0,0.0,0,无成交数据
6a0589f5000000000802494d,减脂期晚餐不发愁，全靠这袋虾🦐,菲菲上班吃什么,2026-05-14 20:31:02,图文笔记,未推广,899.0,76.0,14.0,0.0,0.0,0.0,9.0,7.0,2.0,0.0,0.0,0,无成交数据
69e71f260000000023010cc2,五一前必囤🥹69承包一周减脂餐,鲜水湾甄选,2026-04-21 17:30:34,图文笔记,未推广,897.0,51.0,14.0,0.0,0.0,0.0,6.0,6.0,2.0,0.0,0.0,0,无成交数据
69899080000000000903b066,讲真！自己像米其林大厨🧑‍🍳,鲜水湾甄选,2026-02-09 15:45:04,图文笔记,已推广,897.0,34.0,4.0,0.0,0.0,0.0,1.0,1.0,0.0,0.0,0.0,0,无成交数据
6a3a6929000000000702c0df,早八打工人，我的懒人减脂餐公式……,菲菲上班吃什么,2026-06-23 19:08:25,图文笔记,已推广,892.0,66.0,14.0,0.0,0.0,0.0,5.0,5.0,1.0,0.0,0.0,0,无成交数据
6a0c1a6700000000350200f8,区区69‼️居然够我自律期吃一周了,鲜水湾甄选,2026-05-19 17:42:03,图文笔记,未推广,892.0,49.0,12.0,0.0,0.0,0.0,8.0,5.0,1.0,0.0,0.0,0,无成交数据
6a1655680000000007013a35,算了一下，自己带饭一周能省300块,婉婉上班吃什么,2026-05-27 10:22:32,图文笔记,已推广,891.0,86.0,14.0,0.0,0.0,0.0,10.0,8.0,2.0,0.0,0.0,0,无成交数据
6a47bd510000000007022f52,早八打工人，饭盒一包虾仁搞定减脂餐,菲菲上班吃什么,2026-07-03 21:46:57,图文笔记,已推广,890.0,50.0,13.0,0.0,0.0,0.0,6.0,6.0,0.0,0.0,0.0,0,无成交数据
6a2cce25000000003502a1b3,100块解决半个多月的减脂餐！ 救命！,鲜水湾甄选,2026-06-13 11:27:33,图文笔记,未推广,887.0,58.0,12.0,0.0,0.0,0.0,15.0,14.0,6.0,0.0,0.0,0,无成交数据
6a1263140000000008032b45,只有减脂的姐妹懂这一碗的含金量！！！,菲菲上班吃什么,2026-05-24 17:31:01,图文笔记,未推广,887.0,65.0,16.0,0.0,0.0,0.0,5.0,4.0,0.0,0.0,0.0,0,无成交数据
69b24cb60000000004001084,补营养吃三文鱼才是最夯的😌,鲜水湾,2026-03-12 13:18:46,图文笔记,未推广,887.0,77.0,6.0,0.0,0.0,0.0,7.0,6.0,2.0,0.0,0.0,0,无成交数据
6a5498ad000000000f01d01b,减脂期必囤！多少个晚上靠一餐一包虾仁！！,鲜水湾甄选,2026-07-13 15:50:05,图文笔记,未推广,886.0,29.0,13.0,0.0,0.0,0.0,1.0,1.0,0.0,0.0,0.0,0,无成交数据
6a1a4d240000000008026d2e,生意惨淡的真相😂是我太老实了,鲜水湾,2026-05-30 10:36:20,图文笔记,已推广,885.0,40.0,16.0,0.0,0.0,0.0,13.0,10.0,2.0,0.0,0.0,0,无成交数据
6a0d8e830000000008002c05,以为69没多少，结果又够一周带饭了🤭,菲菲上班吃什么,2026-05-20 20:30:30,图文笔记,未推广,884.0,102.0,12.0,0.0,0.0,0.0,9.0,7.0,1.0,0.0,0.0,0,无成交数据
6a6ed4b000000000330185fe,和老爸商讨后，连夜上架一人食小包装,鲜水湾甄选,2026-08-02 13:25:04,图文笔记,未推广,883.0,43.0,14.0,0.0,0.0,0.0,10.0,8.0,1.0,0.0,0.0,0,无成交数据
699eed440000000028022ad0,我的食欲稳定两件套：,鲜水湾,2026-02-25 20:38:28,图文笔记,已推广,882.0,94.0,5.0,0.0,0.0,0.0,0.0,0.0,0.0,0.0,0.0,0,无成交数据
691426fb0000000007039a15,女孩们，千万别小瞧60块的购买力,鲜水湾甄选,2025-11-12 14:19:39,图文笔记,已推广,877.0,71.0,3.0,0.0,0.0,0.0,1.0,1.0,0.0,0.0,0.0,0,无成交数据
6a338d9a0000000021022e9e,吃了半个多月的虾仁，发现才花了100多！！,菲菲上班吃什么,2026-06-18 14:18:02,图文笔记,已推广,874.0,47.0,14.0,0.0,0.0,0.0,5.0,4.0,1.0,0.0,0.0,0,无成交数据
6a2d3a5e000000003502778f,69囤的虾仁，居然让我开始做饭了😂,鲜水湾甄选,2026-06-13 19:47:01,图文笔记,已推广,873.0,27.0,12.0,0.0,0.0,0.0,7.0,6.0,0.0,0.0,0.0,0,无成交数据
69f1c298000000001a036ee3,凭一己之力带动办公室天天吃虾仁🍤,菲菲上班吃什么,2026-04-29 16:34:32,图文笔记,未推广,871.0,105.0,12.0,0.0,0.0,0.0,4.0,3.0,1.0,0.0,0.0,0,无成交数据
6a33af060000000022009fa3,一个人吃饭才懂，小包虾仁有多省事,婉婉上班吃什么,2026-06-18 16:40:38,图文笔记,已推广,868.0,47.0,15.0,0.0,0.0,0.0,5.0,4.0,1.0,0.0,0.0,0,无成交数据
6a3668660000000008026548,69r就解决一周晚上吃减脂餐的快乐！！,菲菲上班吃什么,2026-06-20 21:46:00,图文笔记,未推广,867.0,40.0,14.0,0.0,0.0,0.0,3.0,3.0,0.0,0.0,0.0,0,无成交数据
69ae55a2000000000d00820d,节后减脂无限回购，鲜水湾家的大虾,婉婉上班吃什么,2026-03-09 13:07:46,图文笔记,未推广,865.0,61.0,3.0,0.0,0.0,0.0,11.0,10.0,1.0,0.0,0.0,0,无成交数据
6a51b55b000000000702b56c,得听粉丝的话，推出一人食小包装！！,菲菲上班吃什么,2026-07-11 11:15:39,图文笔记,未推广,862.0,78.0,14.0,0.0,0.0,0.0,11.0,11.0,0.0,0.0,0.0,0,无成交数据
6a377def0000000021015b49,无添加虾仁救了打工人的晚饭！独立小包装！,菲菲上班吃什么,2026-06-21 14:00:15,图文笔记,已推广,862.0,51.0,14.0,0.0,0.0,0.0,5.0,5.0,2.0,0.0,0.0,0,无成交数据
6a583b38000000001f01c230,老实人来说真话！自律期吃三文鱼真没负担,婉婉上班吃什么,2026-07-16 10:00:24,图文笔记,已推广,860.0,75.0,11.0,0.0,0.0,0.0,11.0,10.0,3.0,0.0,0.0,0,无成交数据
69fef7b200000000350264e3,独居的快乐：虾仁自由终于实现了🥹,鲜水湾甄选,2026-05-09 21:30:20,图文笔记,未推广,860.0,37.0,11.0,0.0,0.0,0.0,5.0,5.0,1.0,0.0,0.0,0,无成交数据
69babf45000000002301e817,和老爸商量后，为早八人推出的专属小包,鲜水湾,2026-03-18 23:05:41,图文笔记,未推广,858.0,32.0,12.0,0.0,0.0,0.0,10.0,10.0,3.0,0.0,0.0,0,无成交数据
69f997c7000000003501fced,健身减脂党狂喜‼️100来块吃半个月,鲜水湾甄选,2026-05-05 15:09:59,图文笔记,未推广,857.0,43.0,12.0,0.0,0.0,0.0,3.0,2.0,0.0,0.0,0.0,0,无成交数据
69894c2b0000000028009f8a,不要低估了300来块的购买力，能买八九斤……,鲜水湾,2026-02-09 10:53:31,图文笔记,未推广,857.0,78.0,2.0,0.0,0.0,0.0,4.0,4.0,0.0,0.0,0.0,0,无成交数据
6a217a1e000000003503b5c9,为了夏天穿吊带，我先戒外卖了……,鲜水湾甄选,2026-06-04 21:14:06,图文笔记,未推广,856.0,52.0,15.0,0.0,0.0,0.0,4.0,4.0,0.0,0.0,0.0,0,无成交数据
69bb9b6a0000000023012ff1,这个练后餐我真的给到夯！,鲜水湾甄选,2026-03-19 14:44:58,图文笔记,未推广,855.0,79.0,11.0,0.0,0.0,0.0,4.0,3.0,0.0,0.0,0.0,0,无成交数据
6a6bfa5e000000003300aea0,我爸让在网上宣传 69💰5 袋总比卖不出强,鲜水湾,2026-07-31 09:29:02,图文笔记,未推广,850.0,36.0,16.0,0.0,0.0,0.0,2.0,2.0,0.0,0.0,0.0,0,无成交数据
6a4227210000000007013be8,和老爸商量了推出独居人单独包装扇贝肉,鲜水湾,2026-06-29 16:04:49,图文笔记,未推广,850.0,58.0,4.0,0.0,0.0,0.0,11.0,9.0,1.0,0.0,0.0,0,无成交数据
6a22a799000000002100a964,算了，和你们点外卖的说不清楚……,菲菲上班吃什么,2026-06-05 19:40:06,图文笔记,未推广,849.0,39.0,12.0,0.0,0.0,0.0,2.0,2.0,0.0,0.0,0.0,0,无成交数据
69b76136000000002003883f,凭一己之力💪带动全公司人吃虾！,婉婉上班吃什么,2026-03-16 09:47:34,图文笔记,已推广,849.0,66.0,11.0,0.0,0.0,0.0,7.0,7.0,0.0,0.0,0.0,0,无成交数据
6a2a953d0000000022026474,我宣布虾仁才是减脂界的顶流……,鲜水湾甄选,2026-06-11 20:01:38,图文笔记,未推广,848.0,68.0,4.0,0.0,0.0,0.0,15.0,9.0,2.0,0.0,0.0,0,无成交数据
6a6acdf50000000011017233,你听我说，控体期女孩子多吃点蛋白质！！！,鲜水湾甄选,2026-07-30 12:07:17,图文笔记,未推广,846.0,67.0,15.0,0.0,0.0,0.0,9.0,7.0,2.0,0.0,0.0,0,无成交数据
6a125e00000000003502fe91,😭上班带虾仁，被说“炫富”！,鲜水湾甄选,2026-05-24 11:38:01,图文笔记,未推广,845.0,84.0,15.0,0.0,0.0,0.0,5.0,5.0,0.0,0.0,0.0,0,无成交数据
694964bf000000001f00a8c5,答应我！爱吃生蚝的都去冲！,鲜水湾,2025-12-22 23:33:19,图文笔记,已推广,844.0,70.0,7.0,0.0,0.0,0.0,0.0,0.0,0.0,0.0,0.0,0,无成交数据
69ae5be10000000022020b8c,我百试百灵的方法，节后快速恢复,小宅减脂餐,2026-03-09 13:34:25,图文笔记,未推广,843.0,21.0,0.0,0.0,0.0,0.0,0.0,0.0,0.0,0.0,0.0,0,无成交数据
6a4d0c9b00000000220085e0,我宣布！这一餐一包就是独居人天花板！,菲菲上班吃什么,2026-07-07 22:26:35,图文笔记,未推广,841.0,53.0,14.0,0.0,0.0,0.0,6.0,6.0,0.0,0.0,0.0,0,无成交数据
6a111897000000000702bf53,懒人带饭真的需要这种开袋就能煮的虾仁,婉婉上班吃什么,2026-05-23 11:01:44,图文笔记,未推广,841.0,51.0,13.0,0.0,0.0,0.0,6.0,4.0,2.0,0.0,0.0,0,无成交数据
69f85d3b000000003501c1fd,又囤一冰箱😋独立小包装太适合独居人了,鲜水湾甄选,2026-05-04 16:47:55,图文笔记,未推广,840.0,50.0,15.0,0.0,0.0,0.0,12.0,10.0,2.0,0.0,0.0,0,无成交数据
6a27ddc500000000070213ec,300多承包我一个月控体餐,鲜水湾,2026-06-09 17:32:53,图文笔记,未推广,839.0,63.0,10.0,0.0,0.0,0.0,7.0,6.0,0.0,0.0,0.0,0,无成交数据
69b7ad78000000001e00ff44,被催很久的小包装虾仁，上架了,鲜水湾,2026-03-16 15:12:56,图文笔记,未推广,839.0,41.0,12.0,0.0,0.0,0.0,7.0,4.0,1.0,0.0,0.0,0,无成交数据
69a10854000000002303bbc7,不啰嗦了！甜虾1r💰1⃣️只,鲜水湾甄选,2026-02-27 10:58:28,图文笔记,未推广,839.0,79.0,4.0,0.0,0.0,0.0,2.0,2.0,1.0,0.0,0.0,0,无成交数据
6a4b89d70000000007013e01,独居后才懂，一人食独立小包装真的很爽！！！,菲菲上班吃什么,2026-07-06 18:56:23,图文笔记,未推广,838.0,70.0,14.0,0.0,0.0,0.0,8.0,5.0,0.0,0.0,0.0,0,无成交数据
6a2558d3000000003503921b,减脂党狂喜！69冰箱囤满一周！！ 独立小包装！！,鲜水湾甄选,2026-06-07 19:41:07,图文笔记,未推广,838.0,37.0,15.0,0.0,0.0,0.0,6.0,6.0,0.0,0.0,0.0,0,无成交数据
69eb3f2d000000002301ee00,自己做的芝士虾仁滑蛋汉堡真的太香了！,婉婉上班吃什么,2026-04-24 18:00:13,图文笔记,未推广,838.0,70.0,15.0,0.0,0.0,0.0,2.0,2.0,0.0,0.0,0.0,0,无成交数据
699e7341000000001a02240c,春节快速回复状态：多吃高钾食物,鲜水湾,2026-02-25 11:57:53,图文笔记,未推广,837.0,81.0,6.0,0.0,0.0,0.0,1.0,1.0,0.0,0.0,0.0,0,无成交数据
6a4e527a0000000008002247,独居人的饭盒，一餐一包真的经不起复杂操作,菲菲上班吃什么,2026-07-08 21:36:58,图文笔记,未推广,836.0,60.0,13.0,0.0,0.0,0.0,5.0,4.0,1.0,0.0,0.0,0,无成交数据
69af83f4000000000d009cb2,控体期和老公就这么吃，低卡美味全占了,婉婉上班吃什么,2026-03-10 10:37:40,图文笔记,未推广,835.0,79.0,3.0,0.0,0.0,0.0,11.0,10.0,2.0,0.0,0.0,0,无成交数据
69ef621600000000350278b2,闺蜜说我减脂期吃虾仁很奢侈！？,鲜水湾甄选,2026-04-27 21:18:14,图文笔记,未推广,834.0,58.0,16.0,0.0,0.0,0.0,6.0,4.0,0.0,0.0,0.0,0,无成交数据
69420d65000000001f00fd34,我宣布三文鱼熟的比生的好吃！,鲜水湾,2025-12-17 09:54:45,图文笔记,未推广,830.0,76.0,5.0,0.0,0.0,0.0,0.0,0.0,0.0,0.0,0.0,0,无成交数据
6a2947d200000000080257f9,减脂期虾仁自由以后，外卖都不香了 ！！,菲菲上班吃什么,2026-06-10 19:17:38,图文笔记,未推广,829.0,41.0,12.0,0.0,0.0,0.0,6.0,6.0,2.0,0.0,0.0,0,无成交数据
6a6c7722000000003301b6c6,减脂期，打工人带饭靠虾仁续命,鲜水湾甄选,2026-07-31 18:21:22,图文笔记,未推广,827.0,61.0,14.0,0.0,0.0,0.0,11.0,10.0,2.0,0.0,0.0,0,无成交数据
6a0ad4750000000007026ece,早八人真的离不开这种懒人虾仁😭,菲菲上班吃什么,2026-05-18 20:49:02,图文笔记,未推广,826.0,46.0,12.0,0.0,0.0,0.0,7.0,7.0,1.0,0.0,0.0,0,无成交数据
6a447b49000000000800079e,每天吃上一片，入夏悄悄惊艳所有人🥰,鲜水湾,2026-07-01 10:28:25,图文笔记,未推广,825.0,70.0,13.0,0.0,0.0,0.0,9.0,9.0,4.0,0.0,0.0,0,无成交数据
69f6ba59000000002300616c,五一别人特种兵旅游，我靠69块偷偷逆袭…,菲菲上班吃什么,2026-05-03 11:00:41,图文笔记,未推广,824.0,72.0,14.0,0.0,0.0,0.0,10.0,9.0,1.0,0.0,0.0,0,无成交数据
6a16fd6c000000000803ecd0,不到70💰的购买力真的具象化了,婉婉上班吃什么,2026-05-27 22:19:24,图文笔记,未推广,822.0,42.0,7.0,0.0,0.0,0.0,6.0,5.0,0.0,0.0,0.0,0,无成交数据
6a6b50bb00000000290302bf,后来才发现，100块就能搞定一周减脂餐,鲜水湾甄选,2026-07-30 21:25:15,图文笔记,未推广,820.0,67.0,17.0,0.0,0.0,0.0,6.0,6.0,0.0,0.0,0.0,0,无成交数据
6914588500000000040292dc,对不起，减酯人的白月光，真的不踩雷,鲜水湾,2025-11-12 17:51:01,图文笔记,已推广,819.0,60.0,2.0,0.0,0.0,0.0,0.0,0.0,0.0,0.0,0.0,0,无成交数据
69845ee6000000001a027068,感谢小红书🙏承包了我一个月的晚餐,鲜水湾,2026-02-05 17:12:06,图文笔记,已推广,818.0,68.0,7.0,0.0,0.0,0.0,4.0,4.0,0.0,0.0,0.0,0,无成交数据
6a152e0f000000003501c8e0,可惜你没吃过手剥虾仁，又怎知道虾仁有多香,鲜水湾甄选,2026-05-26 13:44:00,图文笔记,未推广,817.0,53.0,12.0,0.0,0.0,0.0,7.0,4.0,2.0,0.0,0.0,0,无成交数据
6a5d8447000000001d0213c8,90斤同事中午就是吃的这个三文鱼轻食餐,婉婉上班吃什么,2026-07-20 10:13:27,图文笔记,已推广,816.0,111.0,15.0,0.0,0.0,0.0,11.0,10.0,3.0,0.0,0.0,0,无成交数据
6935948e000000001f004a65,69💰看着不起眼 实际够我吃一个周,鲜水湾,2025-12-07 22:51:58,图文笔记,已推广,815.0,45.0,4.0,0.0,0.0,0.0,0.0,0.0,0.0,0.0,0.0,0,无成交数据
6a336159000000000f0046e4,和老爸商量后，推出专为独居姐妹做的小包装,鲜水湾甄选,2026-06-18 11:09:13,图文笔记,已推广,814.0,37.0,12.0,0.0,0.0,0.0,11.0,9.0,2.0,0.0,0.0,0,无成交数据
69b8ea03000000001b020297,说一个撑死人但热量很低的东西！,婉婉上班吃什么,2026-03-17 13:43:31,图文笔记,未推广,814.0,59.0,13.0,0.0,0.0,0.0,5.0,4.0,1.0,0.0,0.0,0,无成交数据
6950fcf3000000001e02024c,建议12月份狠狠吃生蚝,婉婉上班吃什么,2025-12-28 17:48:35,视频笔记,已推广,814.0,324.0,12.0,0.0,0.0,0.0,0.0,0.0,0.0,0.0,0.0,0,无成交数据
6a5231820000000022009485,夏日减脂真不贵，69承包我一周减脂餐！,菲菲上班吃什么,2026-07-11 20:05:22,图文笔记,未推广,813.0,52.0,14.0,0.0,0.0,0.0,11.0,10.0,1.0,0.0,0.0,0,无成交数据
6a4e18ab000000002103f72f,奉劝大家不要低估 100 来块的购买力,鲜水湾,2026-07-08 17:30:19,图文笔记,未推广,812.0,33.0,3.0,0.0,0.0,0.0,7.0,7.0,2.0,0.0,0.0,0,无成交数据
69f2f826000000002202b826,100来块虾仁吃半个月，打工人带饭上班神器！,菲菲上班吃什么,2026-04-30 14:35:18,图文笔记,未推广,810.0,43.0,12.0,0.0,0.0,0.0,5.0,5.0,1.0,0.0,0.0,0,无成交数据
69569555000000001e036b60,我爸说：五斤就卖49.9，总比倒闭了强,鲜水湾,2026-01-01 23:40:05,图文笔记,已推广,809.0,49.0,7.0,0.0,0.0,0.0,0.0,0.0,0.0,0.0,0.0,0,无成交数据
6a3a16b70000000011005d83,以前一份轻食外卖三四十，虾仁少得可怜……,鲜水湾甄选,2026-06-23 13:16:39,图文笔记,未推广,804.0,68.0,15.0,0.0,0.0,0.0,6.0,4.0,1.0,0.0,0.0,0,无成交数据
6a043cd6000000003502839a,宝妈真的需要这种“高效率食材”……,鲜水湾甄选,2026-05-13 18:50:07,图文笔记,未推广,803.0,22.0,11.0,0.0,0.0,0.0,4.0,4.0,0.0,0.0,0.0,0,无成交数据
6a70045e000000003302c3f5,在网上买的三文鱼，被爸妈夸了一整天😭,菲菲上班吃什么,2026-08-03 11:00:46,图文笔记,未推广,802.0,71.0,13.0,0.0,0.0,0.0,3.0,2.0,0.0,0.0,0.0,0,无成交数据
6a35052c000000001101a8a4,以为100块没多少，结果够我吃半个月了！,鲜水湾甄选,2026-06-19 17:00:28,图文笔记,已推广,800.0,36.0,14.0,0.0,0.0,0.0,4.0,4.0,1.0,0.0,0.0,0,无成交数据
69e883f20000000021006477,我愿称它为懒人减脂期虾仁的天花板！,鲜水湾甄选,2026-04-23 11:30:30,图文笔记,已推广,797.0,42.0,12.0,0.0,0.0,0.0,3.0,3.0,0.0,0.0,0.0,0,无成交数据
69c10ac5000000002301d11c,因为我一个人，带动了办公室…,菲菲上班吃什么,2026-03-23 17:41:25,图文笔记,未推广,797.0,32.0,12.0,0.0,0.0,0.0,4.0,4.0,1.0,0.0,0.0,0,无成交数据
69894079000000001a023627,青岛发过来的！被爸妈夸了一整天！,鲜水湾,2026-02-09 10:03:37,图文笔记,已推广,794.0,51.0,5.0,0.0,0.0,0.0,4.0,3.0,0.0,0.0,0.0,0,无成交数据
6a5ae9c6000000000c017755,我宣布！早八打工人终于等到一餐一包！！！,菲菲上班吃什么,2026-07-18 10:49:42,图文笔记,未推广,793.0,38.0,15.0,0.0,0.0,0.0,4.0,2.0,0.0,0.0,0.0,0,无成交数据
6a55f55200000000080027e1,300多看着贵，摊到一个月真香,婉婉上班吃什么,2026-07-14 16:37:38,图文笔记,未推广,793.0,69.0,11.0,0.0,0.0,0.0,12.0,10.0,3.0,0.0,0.0,0,无成交数据
69ca0620000000001a037781,还好被我找到了，不用处理的蛋白质补给,菲菲上班吃什么,2026-03-30 13:12:00,图文笔记,未推广,793.0,19.0,12.0,0.0,0.0,0.0,3.0,3.0,1.0,0.0,0.0,0,无成交数据
6a68afa2000000000f005b35,不敢相信😱100块承包了我十顿轻食餐,鲜水湾甄选,2026-07-28 21:33:22,图文笔记,未推广,792.0,69.0,19.0,0.0,0.0,0.0,9.0,7.0,2.0,0.0,0.0,0,无成交数据
6a675e7a000000000f016efe,和老爸商讨后，连夜上架一人食小包装,鲜水湾甄选,2026-07-27 21:34:50,图文笔记,未推广,791.0,28.0,15.0,0.0,0.0,0.0,6.0,5.0,1.0,0.0,0.0,0,无成交数据
6a213eab000000002003861f,100块吃半个月轻食餐，太省了😂,婉婉上班吃什么,2026-06-04 17:00:27,图文笔记,已推广,790.0,64.0,16.0,0.0,0.0,0.0,4.0,4.0,1.0,0.0,0.0,0,无成交数据
6a019bea0000000008001a93,同事以为我天天点轻食🥹,菲菲上班吃什么,2026-05-11 20:42:02,图文笔记,未推广,790.0,56.0,12.0,0.0,0.0,0.0,9.0,5.0,0.0,0.0,0.0,0,无成交数据
699ffa9a000000001a0256e5,和老爸商量了，专为减脂人推出的小包装,鲜水湾,2026-02-26 15:47:38,图文笔记,未推广,789.0,30.0,4.0,0.0,0.0,0.0,0.0,0.0,0.0,0.0,0.0,0,无成交数据
6a6da03e000000002c0075d8,同事把虾仁拿出来的那一刻我小脑萎缩了,鲜水湾甄选,2026-08-01 15:29:02,图文笔记,未推广,788.0,53.0,15.0,0.0,0.0,0.0,7.0,7.0,1.0,0.0,0.0,0,无成交数据
6a4e2a610000000011016161,69块的虾仁，承包了我一周的工作餐,鲜水湾甄选,2026-07-08 18:45:53,图文笔记,未推广,788.0,38.0,15.0,0.0,0.0,0.0,10.0,9.0,0.0,0.0,0.0,0,无成交数据
6a4279a80000000008024b63,我想问问，70块吃一个月虾仁是怎么吃的😂😂,菲菲上班吃什么,2026-06-29 22:34:00,图文笔记,未推广,788.0,42.0,14.0,0.0,0.0,0.0,5.0,5.0,0.0,0.0,0.0,0,无成交数据
6a277aaa000000002202e885,69块的虾仁，承包了我一周的工作餐,鲜水湾甄选,2026-06-09 10:30:02,图文笔记,已推广,787.0,60.0,15.0,0.0,0.0,0.0,7.0,5.0,2.0,0.0,0.0,0,无成交数据
6a2d39f5000000002103e1d2,我承认，是虾仁让我开始认真吃饭了！！！！,菲菲上班吃什么,2026-06-13 19:07:33,图文笔记,已推广,785.0,50.0,12.0,0.0,0.0,0.0,2.0,2.0,1.0,0.0,0.0,0,无成交数据
6a5306b5000000001102eec6,60块独立小包装虾仁，解决我一周减脂餐！！！,鲜水湾甄选,2026-07-12 11:15:01,图文笔记,未推广,783.0,15.0,7.0,0.0,0.0,0.0,4.0,4.0,0.0,0.0,0.0,0,无成交数据
69e9a841000000001a02c77e,别问我宝宝能不能吃虾仁？你买就行了！,菲菲上班吃什么,2026-04-24 22:30:07,图文笔记,已推广,783.0,47.0,11.0,0.0,0.0,0.0,3.0,2.0,1.0,0.0,0.0,0,无成交数据
6a2bd4b1000000000702e7a1,现在年轻人，严重低估了70块的购买力了,菲菲上班吃什么,2026-06-12 17:43:13,图文笔记,未推广,782.0,40.0,15.0,0.0,0.0,0.0,7.0,7.0,1.0,0.0,0.0,0,无成交数据
69f9f42f0000000035032fcc,普通人减脂真不贵❗️69块直接吃满一周😋,鲜水湾甄选,2026-05-05 21:44:15,图文笔记,未推广,782.0,30.0,12.0,0.0,0.0,0.0,4.0,2.0,1.0,0.0,0.0,0,无成交数据
69ffcfa80000000008032c08,带饭被同事围观：你也吃太好了吧🍤,菲菲上班吃什么,2026-05-10 15:21:01,图文笔记,未推广,781.0,55.0,11.0,0.0,0.0,0.0,6.0,5.0,0.0,0.0,0.0,0,无成交数据
69b9ff77000000001e00c6f6,69块够吃一周！跟轻食外卖说再见👋,婉婉上班吃什么,2026-03-18 09:27:19,图文笔记,未推广,780.0,57.0,12.0,0.0,0.0,0.0,6.0,5.0,0.0,0.0,0.0,0,无成交数据
6a100f2d000000003503114e,本人打工带饭已经next level了 …,鲜水湾甄选,2026-05-22 16:24:01,图文笔记,未推广,778.0,51.0,11.0,0.0,0.0,0.0,2.0,2.0,0.0,0.0,0.0,0,无成交数据
69f202ce000000003503ba47,和⛰️姆说拜拜了，还是小包装更适合独居人,鲜水湾甄选,2026-04-29 21:08:30,图文笔记,未推广,778.0,35.0,13.0,0.0,0.0,0.0,4.0,4.0,0.0,0.0,0.0,0,无成交数据
69805c08000000001a032143,和爸妈商量后，决定69三斤大虾，试试就500单,鲜水湾,2026-02-02 16:10:48,图文笔记,已推广,772.0,65.0,4.0,0.0,0.0,0.0,2.0,2.0,0.0,0.0,0.0,0,无成交数据
6a661c4b0000000009034690,太适合上班带饭了，一袋一顿,鲜水湾,2026-07-26 22:40:11,图文笔记,已推广,770.0,74.0,14.0,0.0,0.0,0.0,25.0,15.0,6.0,0.0,0.0,0,无成交数据
6957e73c000000001f00d9de,区区300多承包了我一个月的减脂餐,鲜水湾,2026-01-02 23:41:48,图文笔记,未推广,769.0,40.0,6.0,0.0,0.0,0.0,0.0,0.0,0.0,0.0,0.0,0,无成交数据
6a0d733d0000000035033f84,独居女夏日减脂，69吃一周轻食餐！,鲜水湾甄选,2026-05-20 21:56:00,图文笔记,未推广,768.0,50.0,11.0,0.0,0.0,0.0,7.0,7.0,0.0,0.0,0.0,0,无成交数据
6a2a952c00000000210180f4,我妈说：外卖患者居然开始自己做饭了！！！！,菲菲上班吃什么,2026-06-11 20:58:01,图文笔记,已推广,766.0,60.0,15.0,0.0,0.0,0.0,2.0,2.0,0.0,0.0,0.0,0,无成交数据
6a0412eb0000000035038c50,最近办公室好多同事都在问我： 你这个虾仁…,鲜水湾甄选,2026-05-13 13:58:03,图文笔记,未推广,766.0,62.0,12.0,0.0,0.0,0.0,7.0,6.0,1.0,0.0,0.0,0,无成交数据
6911df3c00000000040159fe,对60几块钱的概念越来越模糊了,鲜水湾,2025-11-10 20:49:00,图文笔记,已推广,766.0,43.0,4.0,0.0,0.0,0.0,0.0,0.0,0.0,0.0,0.0,0,无成交数据
6a28d6660000000035020dc5,虾仁别吓人！69够减脂期吃一周！！！！,鲜水湾甄选,2026-06-10 11:13:42,图文笔记,未推广,765.0,43.0,13.0,0.0,0.0,0.0,7.0,7.0,2.0,0.0,0.0,0,无成交数据
69ef44ed000000001e00c782,100来块钱解决我半个月的减脂餐🤩,菲菲上班吃什么,2026-04-27 19:13:49,图文笔记,未推广,765.0,47.0,12.0,0.0,0.0,0.0,5.0,5.0,3.0,0.0,0.0,0,无成交数据
69ae3512000000002801e740,减脂党必囤！冷冻大虾真的太省心了,婉婉上班吃什么,2026-03-09 10:48:50,图文笔记,未推广,761.0,42.0,5.0,0.0,0.0,0.0,5.0,5.0,0.0,0.0,0.0,0,无成交数据
6a1a454500000000060302f5,又囤上了....69承包了我一周的减脂餐,菲菲上班吃什么,2026-05-30 13:02:00,图文笔记,已推广,760.0,41.0,15.0,0.0,0.0,0.0,11.0,11.0,3.0,0.0,0.0,0,无成交数据
6a141096000000003502a1c0,只有减脂的姐妹懂这一碗的含金量，不够吃,鲜水湾甄选,2026-05-25 17:44:01,图文笔记,未推广,760.0,44.0,13.0,0.0,0.0,0.0,5.0,5.0,1.0,0.0,0.0,0,无成交数据
69bea57e000000002301cb49,吃吧吃吧，海边人推荐的虾仁准不会错！🍤,鲜水湾,2026-03-21 22:04:46,图文笔记,已推广,760.0,55.0,16.0,0.0,0.0,0.0,5.0,4.0,0.0,0.0,0.0,0,无成交数据
6a126398000000000702895f,你永远可以相信一个减脂人的选择！！,菲菲上班吃什么,2026-05-24 19:33:01,图文笔记,未推广,759.0,57.0,14.0,0.0,0.0,0.0,6.0,5.0,2.0,0.0,0.0,0,无成交数据
69f49a9a0000000035029c1d,这才是真虾仁！减脂期买过坠满意的一次,鲜水湾甄选,2026-05-01 20:20:42,图文笔记,未推广,759.0,19.0,12.0,0.0,0.0,0.0,3.0,3.0,0.0,0.0,0.0,0,无成交数据
6a0d15090000000006032347,和老爸商量后，推出独居姐妹专属一人食,菲菲上班吃什么,2026-05-20 09:57:29,图文笔记,未推广,758.0,51.0,12.0,0.0,0.0,0.0,8.0,8.0,1.0,0.0,0.0,0,无成交数据
6a535ce20000000007012e1d,独居人一餐一包后，我终于戒掉了大包装食材,菲菲上班吃什么,2026-07-12 17:22:42,图文笔记,未推广,753.0,39.0,13.0,0.0,0.0,0.0,3.0,3.0,0.0,0.0,0.0,0,无成交数据
6a239ce00000000036000c03,我妈：终于不天天吃外卖了😂,鲜水湾甄选,2026-06-06 12:06:56,图文笔记,未推广,753.0,39.0,13.0,0.0,0.0,0.0,1.0,1.0,0.0,0.0,0.0,0,无成交数据
69ef561c000000002301f64d,放弃⛰️姆了！这种小包装虾仁太有性价比！,菲菲上班吃什么,2026-04-27 20:27:08,图文笔记,未推广,753.0,43.0,12.0,0.0,0.0,0.0,6.0,4.0,1.0,0.0,0.0,0,无成交数据
6a059180000000003502f6dc,⛰️母对不起，还是小包装更有幸福感✌️,鲜水湾甄选,2026-05-14 22:26:01,图文笔记,未推广,752.0,47.0,11.0,0.0,0.0,0.0,1.0,1.0,0.0,0.0,0.0,0,无成交数据
6a3290d90000000007025fa1,🫢原来虾线不用挑，人生都顺了…,菲菲上班吃什么,2026-06-17 21:03:02,图文笔记,已推广,750.0,39.0,14.0,0.0,0.0,0.0,4.0,4.0,0.0,0.0,0.0,0,无成交数据
69b267560000000005033d82,公主！今天的减脂餐是吃左边还是右边,鲜水湾,2026-03-12 15:12:22,图文笔记,未推广,750.0,79.0,4.0,0.0,0.0,0.0,0.0,0.0,0.0,0.0,0.0,0,无成交数据
69699aeb000000000e03dd8f,和老爸商量好了，49.9一箱先给你们都尝尝,婉婉上班吃什么,2026-01-16 09:56:59,视频笔记,已推广,750.0,241.0,5.0,0.0,0.0,0.0,0.0,0.0,0.0,0.0,0.0,0,无成交数据
6a3a58ed000000000f0062d6,和老爸商量后，推出专为独居人做独立小包装,鲜水湾甄选,2026-06-23 17:59:09,图文笔记,未推广,748.0,31.0,13.0,0.0,0.0,0.0,5.0,5.0,1.0,0.0,0.0,0,无成交数据
6a599fb600000000090342c3,区区300多，囤够了我一个月的减脂餐,鲜水湾,2026-07-17 11:21:26,图文笔记,已推广,747.0,50.0,13.0,0.0,0.0,0.0,10.0,10.0,2.0,0.0,0.0,0,无成交数据
6a16904300000000070213f8,以为69块的虾仁只够吃两顿，结果够吃一周,婉婉上班吃什么,2026-05-27 14:33:39,图文笔记,已推广,747.0,60.0,15.0,0.0,0.0,0.0,5.0,5.0,0.0,0.0,0.0,0,无成交数据
6a11022e000000003502dce2,‼️瘦干螂饮食法真的有点东西,鲜水湾甄选,2026-05-23 11:25:02,图文笔记,未推广,747.0,81.0,12.0,0.0,0.0,0.0,1.0,1.0,1.0,0.0,0.0,0,无成交数据
6a02f075000000000702c108,宝妈真的需要这种“高效率食材”……,菲菲上班吃什么,2026-05-12 18:18:13,图文笔记,未推广,747.0,34.0,11.0,0.0,0.0,0.0,9.0,7.0,1.0,0.0,0.0,0,无成交数据
69f7613d0000000022028a7f,每天上班带虾仁被同事背后蛐蛐,菲菲上班吃什么,2026-05-03 22:52:45,图文笔记,未推广,747.0,35.0,12.0,0.0,0.0,0.0,2.0,2.0,0.0,0.0,0.0,0,无成交数据
6930000d000000001f00808f,对60几块钱的概念越来越模糊了,鲜水湾,2025-12-03 17:17:01,图文笔记,未推广,747.0,128.0,2.0,0.0,0.0,0.0,0.0,0.0,0.0,0.0,0.0,0,无成交数据
6a599c8e000000001d0204ca,和老爸商量后，推出夏日减脂小包装！！,菲菲上班吃什么,2026-07-17 11:07:58,图文笔记,未推广,742.0,30.0,16.0,0.0,0.0,0.0,7.0,7.0,2.0,0.0,0.0,0,无成交数据
6a4c590b0000000022008623,请大家直观感受一下79 块的购买力！！,鲜水湾,2026-07-07 09:40:27,图文笔记,未推广,742.0,56.0,3.0,0.0,0.0,0.0,4.0,3.0,0.0,0.0,0.0,0,无成交数据
6a2e59b8000000002101818a,每天带饭最怕别人问： “你怎么天天吃这么好,菲菲上班吃什么,2026-06-14 17:35:02,图文笔记,已推广,741.0,69.0,14.0,0.0,0.0,0.0,7.0,5.0,1.0,0.0,0.0,0,无成交数据
6a3d28d8000000000f006d3a,早八打工人，懒人减脂被这个虾仁治好了,鲜水湾甄选,2026-06-25 21:10:48,图文笔记,未推广,740.0,40.0,13.0,0.0,0.0,0.0,2.0,2.0,0.0,0.0,0.0,0,无成交数据
69b4bd9b000000001a02f455,讲真…69一大盒虾，太适合打工人带饭了,鲜水湾,2026-03-14 09:44:59,图文笔记,未推广,739.0,55.0,6.0,0.0,0.0,0.0,12.0,9.0,3.0,0.0,0.0,0,无成交数据
6a37f3de000000000803faf4,再也不用反复解冻了！专为一人食设计的小包,菲菲上班吃什么,2026-06-21 22:46:00,图文笔记,已推广,738.0,43.0,13.0,0.0,0.0,0.0,6.0,5.0,3.0,0.0,0.0,0,无成交数据
6a20e9b700000000220205ef,减脂期！！你们吃虾仁的嘴真严啊！！！,鲜水湾甄选,2026-06-04 10:57:59,图文笔记,未推广,738.0,62.0,13.0,0.0,0.0,0.0,7.0,6.0,0.0,0.0,0.0,0,无成交数据
69f18714000000001e00d53d,春季减脂真花不了多少钱，300多块够吃一月,婉婉上班吃什么,2026-04-29 12:20:36,图文笔记,未推广,737.0,58.0,7.0,0.0,0.0,0.0,2.0,2.0,1.0,0.0,0.0,0,无成交数据
69f5f297000000003502c36c,减脂吃虾仁，居然被说瞎讲究？,鲜水湾甄选,2026-05-02 20:48:23,图文笔记,未推广,736.0,45.0,12.0,0.0,0.0,0.0,5.0,4.0,2.0,0.0,0.0,0,无成交数据
6a392908000000000f033da6,按照客户要求，推出不到100卡一人食小包装,鲜水湾甄选,2026-06-22 20:22:32,图文笔记,未推广,732.0,48.0,12.0,0.0,0.0,0.0,6.0,5.0,2.0,0.0,0.0,0,无成交数据
69f0a4280000000035026ce4,69r就解决我一周减脂晚餐！！！,鲜水湾甄选,2026-04-28 20:12:24,图文笔记,未推广,731.0,59.0,13.0,0.0,0.0,0.0,7.0,6.0,0.0,0.0,0.0,0,无成交数据
6a0e7303000000000701089a,自从买了三文鱼再也没点过轻食了…,鲜水湾,2026-05-21 10:50:43,图文笔记,已推广,730.0,76.0,18.0,0.0,0.0,0.0,6.0,6.0,1.0,0.0,0.0,0,无成交数据
6a66cbf2000000000f016350,不敢相信😱100块承包了我十顿轻食餐,鲜水湾甄选,2026-07-27 11:09:39,图文笔记,未推广,729.0,42.0,14.0,0.0,0.0,0.0,5.0,5.0,2.0,0.0,0.0,0,无成交数据
6a39290c000000001003f518,第一次对爬坡后吃虾仁起了敬意……,鲜水湾甄选,2026-06-22 21:29:01,图文笔记,未推广,729.0,64.0,13.0,0.0,0.0,0.0,5.0,5.0,0.0,0.0,0.0,0,无成交数据
6a093e080000000008003dbd,我妈都夸我终于会吃了😂,菲菲上班吃什么,2026-05-17 21:35:02,图文笔记,未推广,727.0,41.0,12.0,0.0,0.0,0.0,1.0,1.0,0.0,0.0,0.0,0,无成交数据
6a2ffda70000000011011e02,我妈：终于不天天吃外卖了🤣,鲜水湾甄选,2026-06-15 21:27:03,图文笔记,未推广,725.0,54.0,12.0,0.0,0.0,0.0,5.0,4.0,1.0,0.0,0.0,0,无成交数据
69feeee90000000035023b22,你说69元5包我微心动，你说顺丰包邮我直接冲,鲜水湾甄选,2026-05-09 17:20:06,图文笔记,未推广,725.0,35.0,11.0,0.0,0.0,0.0,5.0,3.0,1.0,0.0,0.0,0,无成交数据
6978cf1c000000000e00df74,三文鱼补蛋白质比牛肉还猛，整条才300多…,鲜水湾,2026-01-27 22:43:40,图文笔记,已推广,725.0,62.0,5.0,0.0,0.0,0.0,0.0,0.0,0.0,0.0,0.0,0,无成交数据
6a72af73000000002800ae08,爸妈误以为很贵的整条三文鱼。。。,婉婉上班吃什么,2026-08-05 11:35:15,图文笔记,未推广,724.0,47.0,11.0,0.0,0.0,0.0,11.0,8.0,3.0,0.0,0.0,0,无成交数据
6a0c226a000000000603058f,凭一己之力带动公司买了10斤虾仁,婉婉上班吃什么,2026-05-19 16:42:18,图文笔记,已推广,724.0,66.0,17.0,0.0,0.0,0.0,3.0,3.0,0.0,0.0,0.0,0,无成交数据
69b41ebb000000001b0209b6,吃的干净才能长得干净,鲜水湾,2026-03-13 22:27:07,图文笔记,未推广,723.0,64.0,4.0,0.0,0.0,0.0,13.0,13.0,2.0,0.0,0.0,0,无成交数据
6a6602fd000000001302c4f5,同事看我天天吃虾，还以为我伙食开销很高😭,菲菲上班吃什么,2026-07-26 20:52:13,图文笔记,未推广,720.0,35.0,13.0,0.0,0.0,0.0,3.0,3.0,0.0,0.0,0.0,0,无成交数据
69fdee12000000003501c6aa,早八打工人真的挖到宝！,鲜水湾甄选,2026-05-08 22:07:14,图文笔记,未推广,719.0,45.0,13.0,0.0,0.0,0.0,9.0,6.0,0.0,0.0,0.0,0,无成交数据
69f83629000000003502ae54,减脂期吃虾仁被爸妈吐槽奢侈🥹,鲜水湾甄选,2026-05-04 14:01:13,图文笔记,未推广,717.0,33.0,12.0,0.0,0.0,0.0,7.0,7.0,0.0,0.0,0.0,0,无成交数据
6a253557000000002101a22a,早八打工人建议：减脂虾仁不要随便买 ！！,菲菲上班吃什么,2026-06-07 17:09:43,图文笔记,未推广,716.0,53.0,15.0,0.0,0.0,0.0,5.0,5.0,2.0,0.0,0.0,0,无成交数据
6a2a186e000000000803d88b,100块解决打工人半个月的轻食餐！,菲菲上班吃什么,2026-06-11 10:07:42,图文笔记,已推广,715.0,28.0,13.0,0.0,0.0,0.0,2.0,2.0,0.0,0.0,0.0,0,无成交数据
6a295902000000000803ccb6,原来虾仁才是，减脂期的六边形战士…,菲菲上班吃什么,2026-06-10 20:30:58,图文笔记,已推广,711.0,49.0,12.0,0.0,0.0,0.0,4.0,4.0,0.0,0.0,0.0,0,无成交数据
699ea65a000000001a030d01,瘦女淡饭🥣,鲜水湾,2026-02-25 15:35:54,图文笔记,已推广,711.0,61.0,3.0,0.0,0.0,0.0,0.0,0.0,0.0,0.0,0.0,0,无成交数据
6a55a4410000000006037c36,按粉丝的要求，推出早八人独爱的小包装,菲菲上班吃什么,2026-07-14 10:51:45,图文笔记,未推广,707.0,39.0,17.0,0.0,0.0,0.0,6.0,4.0,1.0,0.0,0.0,0,无成交数据
69a7ec23000000000e00df59,每天带一盒虾仁上班，同事说我很有钱,鲜水湾,2026-03-04 16:24:03,图文笔记,已推广,704.0,79.0,3.0,0.0,0.0,0.0,10.0,10.0,1.0,0.0,0.0,0,无成交数据
6a351d1a00000000060326d1,普通人减脂真不贵，69够吃一周了,菲菲上班吃什么,2026-06-19 20:23:01,图文笔记,未推广,703.0,39.0,11.0,0.0,0.0,0.0,6.0,6.0,1.0,0.0,0.0,0,无成交数据
6a5756b50000000006031a1d,打工人的午饭，真的别再点外卖了,菲菲上班吃什么,2026-07-15 17:45:25,图文笔记,未推广,701.0,61.0,18.0,0.0,0.0,0.0,6.0,6.0,2.0,0.0,0.0,0,无成交数据
6a27cea20000000008027b44,买三文鱼鱼块，中段和尾段怎么选？,鲜水湾,2026-06-09 16:28:18,图文笔记,已推广,701.0,48.0,11.0,0.0,0.0,0.0,6.0,5.0,1.0,0.0,0.0,0,无成交数据
6a75abed00000000250033e2,请所有孕妈宝妈安心闭眼入，没打一点药✨,鲜水湾甄选,2026-08-07 17:57:01,图文笔记,未推广,699.0,29.0,17.0,0.0,0.0,0.0,4.0,3.0,0.0,0.0,0.0,0,无成交数据
6a058c3e000000000702577a,这个虾仁夯爆了！区区69块后我吃一周了…,菲菲上班吃什么,2026-05-14 22:37:01,图文笔记,未推广,698.0,31.0,11.0,0.0,0.0,0.0,2.0,2.0,1.0,0.0,0.0,0,无成交数据
690cbb3700000000040286d6,减脂餐打分,鲜水湾,2025-11-06 23:13:59,图文笔记,未推广,698.0,106.0,8.0,0.0,0.0,0.0,0.0,0.0,0.0,0.0,0.0,0,无成交数据
6a141185000000003501e2ac,你永远可以相信一个减脂人的选择！！,鲜水湾甄选,2026-05-25 21:44:00,图文笔记,未推广,696.0,48.0,15.0,0.0,0.0,0.0,7.0,5.0,2.0,0.0,0.0,0,无成交数据
6a043367000000000702639d,专为减脂人群出的小包装🐟,菲菲上班吃什么,2026-05-13 17:10:08,图文笔记,未推广,695.0,11.0,11.0,0.0,0.0,0.0,0.0,0.0,0.0,0.0,0.0,0,无成交数据
69c8f5fd00000000220294cd,我宣布这是管理期解馋天花板！,鲜水湾,2026-03-29 17:50:53,图文笔记,已推广,695.0,48.0,5.0,0.0,0.0,0.0,2.0,2.0,0.0,0.0,0.0,0,无成交数据
6a3e3afa0000000022016dcc,太绝了，这才是适合上班带饭姐妹的虾仁,婉婉上班吃什么,2026-06-26 16:40:26,图文笔记,已推广,694.0,38.0,16.0,0.0,0.0,0.0,5.0,4.0,3.0,0.0,0.0,0,无成交数据
69b0cd40000000000600cca2,立马回购6箱！家附近超市再也看不上了🦐,婉婉上班吃什么,2026-03-11 10:02:40,图文笔记,未推广,694.0,54.0,4.0,0.0,0.0,0.0,10.0,10.0,2.0,0.0,0.0,0,无成交数据
6a3a54020000000008026544,大家似乎对300块的购买力越来越没啥概念了,婉婉上班吃什么,2026-06-23 17:38:10,图文笔记,已推广,693.0,43.0,14.0,0.0,0.0,0.0,2.0,2.0,0.0,0.0,0.0,0,无成交数据
6a1fc5bf0000000008003111,吃了一星期虾仁，才花了70元🥳,婉婉上班吃什么,2026-06-03 14:12:15,图文笔记,已推广,690.0,38.0,15.0,0.0,0.0,0.0,6.0,6.0,1.0,0.0,0.0,0,无成交数据
6a18fe100000000006034b0a,以为300块没多少，结果够吃一个月了,婉婉上班吃什么,2026-05-29 10:46:40,图文笔记,未推广,690.0,67.0,13.0,0.0,0.0,0.0,11.0,9.0,1.0,0.0,0.0,0,无成交数据
69142b920000000004001b6b,凭一己之力带动办公室回购了10箱,鲜水湾,2025-11-12 14:39:14,图文笔记,已推广,690.0,41.0,2.0,0.0,0.0,0.0,0.0,0.0,0.0,0.0,0.0,0,无成交数据
69bff38d0000000028009a81,一人食手剥海虾仁🍤 终于和老爸敲定上线啦！,鲜水湾,2026-03-22 21:50:05,图文笔记,已推广,689.0,33.0,10.0,0.0,0.0,0.0,6.0,4.0,1.0,0.0,0.0,0,无成交数据
6a16a0ab000000000803fcfe,跟老爸商量后，决定推出独居姐妹小包装虾仁,菲菲上班吃什么,2026-05-27 15:43:39,图文笔记,未推广,688.0,57.0,12.0,0.0,0.0,0.0,8.0,8.0,1.0,0.0,0.0,0,无成交数据
697c8086000000001a01c2f5,千万别小看300块的购买力！,鲜水湾,2026-01-30 17:57:26,图文笔记,已推广,688.0,52.0,6.0,0.0,0.0,0.0,0.0,0.0,0.0,0.0,0.0,0,无成交数据
694514ff000000001f00b732,回购3次的大虾，好吃到停不下来😋,鲜水湾,2025-12-19 17:03:59,图文笔记,已推广,688.0,56.0,1.0,0.0,0.0,0.0,0.0,0.0,0.0,0.0,0.0,0,无成交数据
6a7007730000000026035407,减脂期夯爆的两件套❗️早八人的5分钟带饭,鲜水湾甄选,2026-08-03 11:13:55,图文笔记,未推广,687.0,38.0,13.0,0.0,0.0,0.0,2.0,2.0,0.0,0.0,0.0,0,无成交数据
6985f011000000000d00ae2b,发现现在的年轻人真的低估了100块的购买力…,鲜水湾,2026-02-06 21:43:45,图文笔记,已推广,686.0,52.0,6.0,0.0,0.0,0.0,0.0,0.0,0.0,0.0,0.0,0,无成交数据
6a672527000000001003ed27,吃半个多月的虾仁，发现才花了100多！！！,鲜水湾甄选,2026-07-27 17:30:15,图文笔记,未推广,684.0,41.0,13.0,0.0,0.0,0.0,1.0,1.0,1.0,0.0,0.0,0,无成交数据
6a58acae000000000e036ce8,独居人的冰箱，真的需要这种存在感！！！,菲菲上班吃什么,2026-07-16 18:04:30,图文笔记,未推广,684.0,28.0,3.0,0.0,0.0,0.0,1.0,1.0,1.0,0.0,0.0,0,无成交数据
6a1103e600000000350329fb,办公室午餐被问爆了😭 谁天天吃虾仁！！！,鲜水湾甄选,2026-05-23 15:33:01,图文笔记,未推广,683.0,49.0,15.0,0.0,0.0,0.0,13.0,10.0,1.0,0.0,0.0,0,无成交数据
6a143e160000000007024664,以为300块没多少，结果够我吃一个月了,鲜水湾,2026-05-25 20:18:30,图文笔记,已推广,682.0,43.0,11.0,0.0,0.0,0.0,9.0,8.0,0.0,0.0,0.0,0,无成交数据
696deb26000000001a034564,只要Xhs一直给！我就一直薅,鲜水湾,2026-01-19 16:28:22,图文笔记,已推广,682.0,37.0,6.0,0.0,0.0,0.0,1.0,1.0,0.0,0.0,0.0,0,无成交数据
6a2e59c80000000006031d48,这虾仁让独居党少点了很多外卖……,菲菲上班吃什么,2026-06-14 18:35:02,图文笔记,已推广,681.0,57.0,12.0,0.0,0.0,0.0,5.0,5.0,1.0,0.0,0.0,0,无成交数据
69f9bac10000000035020d4f,极品好虾仁！减脂期买过最满意的一次🍤,鲜水湾甄选,2026-05-05 17:39:13,图文笔记,未推广,681.0,30.0,12.0,0.0,0.0,0.0,7.0,6.0,1.0,0.0,0.0,0,无成交数据
69b21e14000000000800c395,减脂搭子推荐的！锯锯锯掉秤！,婉婉上班吃什么,2026-03-12 09:59:48,图文笔记,未推广,681.0,74.0,4.0,0.0,0.0,0.0,7.0,7.0,1.0,0.0,0.0,0,无成交数据
69d5b763000000001f00381f,我发现上班带饭减肥真的很省钱,婉婉上班吃什么,2026-04-08 10:03:15,图文笔记,未推广,680.0,40.0,10.0,0.0,0.0,0.0,8.0,7.0,3.0,0.0,0.0,0,无成交数据
693e80da000000001f00cfc3,别傻了，大虾才是掉秤神器,鲜水湾,2025-12-14 17:18:18,图文笔记,未推广,678.0,43.0,3.0,0.0,0.0,0.0,0.0,0.0,0.0,0.0,0.0,0,无成交数据
6a5f6f3c000000000c015220,5年健身人！！！吃的干净真的会上瘾！！,菲菲上班吃什么,2026-07-21 21:08:12,图文笔记,未推广,677.0,27.0,15.0,0.0,0.0,0.0,0.0,0.0,0.0,0.0,0.0,0,无成交数据
69f6bac10000000035029cc5,我称它为我春日减脂大功臣！,鲜水湾甄选,2026-05-03 11:02:25,图文笔记,未推广,676.0,38.0,13.0,0.0,0.0,0.0,2.0,2.0,1.0,0.0,0.0,0,无成交数据
694561ea000000001e0286e5,天才想出来的……减脂搭子！！,鲜水湾,2025-12-19 22:32:10,图文笔记,未推广,675.0,48.0,6.0,0.0,0.0,0.0,0.0,0.0,0.0,0.0,0.0,0,无成交数据
6a50a8e40000000021021a99,独居女夏日减脂，69吃一周轻食餐！,菲菲上班吃什么,2026-07-10 16:10:12,图文笔记,未推广,674.0,23.0,17.0,0.0,0.0,0.0,6.0,6.0,1.0,0.0,0.0,0,无成交数据
693a719e000000001e02ecbd,大家吃虾，去不去虾头啊？,鲜水湾,2025-12-11 15:24:14,图文笔记,已推广,673.0,66.0,5.0,0.0,0.0,0.0,0.0,0.0,0.0,0.0,0.0,0,无成交数据
6a601ebe000000001b01e939,减脂晚餐吃腻了水煮菜？试试这个虾仁减脂餐～,婉婉上班吃什么,2026-07-22 09:37:02,图文笔记,未推广,672.0,34.0,16.0,0.0,0.0,0.0,2.0,2.0,0.0,0.0,0.0,0,无成交数据
6a0ffdd80000000008027174,感谢赵露s…虾仁真的太顶了😭,菲菲上班吃什么,2026-05-22 14:55:20,图文笔记,未推广,671.0,44.0,12.0,0.0,0.0,0.0,1.0,1.0,1.0,0.0,0.0,0,无成交数据
69a91ce00000000028023ab3,别再节食了！打工人这样吃，反而瘦得快,鲜水湾,2026-03-05 14:04:16,图文笔记,未推广,670.0,82.0,3.0,0.0,0.0,0.0,6.0,6.0,0.0,0.0,0.0,0,无成交数据
6912ce19000000000401511c,随手一买带动全办公室开始减酯,鲜水湾,2025-11-11 13:48:09,图文笔记,已推广,669.0,51.0,3.0,0.0,0.0,0.0,0.0,0.0,0.0,0.0,0.0,0,无成交数据
6a60d5db000000001c00d27b,区区300块解决了一周的上班带饭,鲜水湾,2026-07-22 22:38:19,图文笔记,未推广,668.0,33.0,11.0,0.0,0.0,0.0,5.0,5.0,0.0,0.0,0.0,0,无成交数据
6931794a000000001e0341c1,在鲜水湾囤了整条三文鱼,鲜水湾,2025-12-04 20:06:34,图文笔记,已推广,668.0,69.0,2.0,0.0,0.0,0.0,0.0,0.0,0.0,0.0,0.0,0,无成交数据
69ae92ee000000001a02fa72,明兰，你是陪我吃饭最多的人,婉婉上班吃什么,2026-03-09 17:29:19,图文笔记,已推广,667.0,45.0,7.0,0.0,0.0,0.0,2.0,2.0,1.0,0.0,0.0,0,无成交数据
6a1261f40000000007026be9,发现人减脂根本花不了几个钱…,菲菲上班吃什么,2026-05-24 11:47:01,图文笔记,未推广,666.0,44.0,12.0,0.0,0.0,0.0,6.0,6.0,1.0,0.0,0.0,0,无成交数据
69fdebc6000000002003bc89,区区69元，承包我一天的快乐！,菲菲上班吃什么,2026-05-09 00:47:00,图文笔记,未推广,666.0,23.0,11.0,0.0,0.0,0.0,8.0,8.0,3.0,0.0,0.0,0,无成交数据
69b12c91000000000c009b34,一个礼拜掉了7斤的人中午都吃了啥,婉婉上班吃什么,2026-03-11 16:49:21,图文笔记,未推广,663.0,76.0,5.0,0.0,0.0,0.0,9.0,7.0,2.0,0.0,0.0,0,无成交数据
6a5f8f76000000000903776c,吃了一个星期的减脂餐才100多,婉婉上班吃什么,2026-07-21 23:25:42,图文笔记,未推广,662.0,56.0,14.0,0.0,0.0,0.0,4.0,4.0,1.0,0.0,0.0,0,无成交数据
6950a11e000000001f0088b8,你心中减脂期最好吃的食物是什么🤔,鲜水湾,2025-12-28 11:16:46,图文笔记,未推广,661.0,77.0,2.0,0.0,0.0,0.0,0.0,0.0,0.0,0.0,0.0,0,无成交数据
699fe58b000000002801d856,高质量减脂餐，承包了我一年！,鲜水湾,2026-02-26 14:17:47,图文笔记,已推广,660.0,57.0,5.0,0.0,0.0,0.0,0.0,0.0,0.0,0.0,0.0,0,无成交数据
6a0fe3f6000000003501c203,我爸都说我终于会做饭了🤣,鲜水湾甄选,2026-05-22 13:04:54,图文笔记,未推广,659.0,49.0,12.0,0.0,0.0,0.0,5.0,4.0,1.0,0.0,0.0,0,无成交数据
6a195aab000000000803289a,第一次对爬坡后吃快碳起了敬意……,菲菲上班吃什么,2026-05-29 17:21:47,图文笔记,未推广,658.0,87.0,4.0,0.0,0.0,0.0,2.0,2.0,1.0,0.0,0.0,0,无成交数据
6a5309d10000000022008d99,听客户说处理虾太烦，连夜改了独立小包装,菲菲上班吃什么,2026-07-12 11:28:17,图文笔记,未推广,657.0,17.0,7.0,0.0,0.0,0.0,10.0,7.0,2.0,0.0,0.0,0,无成交数据
6911a9ec000000000400776e,原以为不便宜，其实70多3斤大虾太过瘾,鲜水湾,2025-11-10 17:01:32,图文笔记,已推广,654.0,41.0,1.0,0.0,0.0,0.0,2.0,2.0,0.0,0.0,0.0,0,无成交数据
69ec68bc000000001f005460,不夸张，我在xhs买的虾仁从未失手过,婉婉上班吃什么,2026-04-25 15:09:48,图文笔记,未推广,653.0,40.0,14.0,0.0,0.0,0.0,9.0,9.0,0.0,0.0,0.0,0,无成交数据
6a58485d000000000f011598,同事问我：你天天吃独立小包装虾仁，工资多少,菲菲上班吃什么,2026-07-16 10:56:29,图文笔记,未推广,650.0,33.0,14.0,0.0,0.0,0.0,5.0,4.0,0.0,0.0,0.0,0,无成交数据
69a2be17000000002801e15b,年后控体大法，一般人我不告诉,鲜水湾,2026-02-28 18:06:15,图文笔记,未推广,650.0,56.0,3.0,0.0,0.0,0.0,5.0,4.0,0.0,0.0,0.0,0,无成交数据
69faa5c90000000022026eeb,以为69没多少，结果够我一周上班带饭了,婉婉上班吃什么,2026-05-06 10:22:01,图文笔记,未推广,649.0,32.0,15.0,0.0,0.0,0.0,8.0,6.0,4.0,0.0,0.0,0,无成交数据
6a1b8d8c00000000060320a4,夏日减脂真不贵，69承包我一周减脂餐！,菲菲上班吃什么,2026-05-31 10:23:01,图文笔记,未推广,647.0,43.0,12.0,0.0,0.0,0.0,9.0,8.0,1.0,0.0,0.0,0,无成交数据
6a5cd53b000000000f03d53d,减脂期的快乐只花69块就能拥有～,菲菲上班吃什么,2026-07-19 21:46:35,图文笔记,未推广,644.0,36.0,13.0,0.0,0.0,0.0,3.0,3.0,0.0,0.0,0.0,0,无成交数据
69a52f2d000000002801ee70,区区100块，结果够我吃半个月了！,鲜水湾,2026-03-02 14:33:17,图文笔记,已推广,644.0,31.0,8.0,0.0,0.0,0.0,6.0,6.0,0.0,0.0,0.0,0,无成交数据
69a160d6000000002801f58c,过完年发现，原来大家都有干净饮食的习惯,鲜水湾,2026-02-27 17:16:06,图文笔记,已推广,642.0,58.0,4.0,0.0,0.0,0.0,0.0,0.0,0.0,0.0,0.0,0,无成交数据
6a51dbb7000000000603219c,听劝！真的别小看一包100g的小食材,菲菲上班吃什么,2026-07-11 13:59:19,图文笔记,未推广,641.0,37.0,14.0,0.0,0.0,0.0,6.0,5.0,1.0,0.0,0.0,0,无成交数据
693d11c7000000001f00d4a6,区区200多，承包了我整个月的减脂餐,鲜水湾,2025-12-13 15:12:07,图文笔记,未推广,641.0,52.0,7.0,0.0,0.0,0.0,4.0,2.0,1.0,0.0,0.0,0,无成交数据
6a50635c0000000021018072,可惜你不是自律人，不懂这碗三文鱼的快乐‼️,鲜水湾,2026-07-10 11:13:32,图文笔记,已推广,640.0,46.0,11.0,0.0,0.0,0.0,9.0,5.0,0.0,0.0,0.0,0,无成交数据
6a0fee350000000007020d41,爸妈商量了一下，决定300来块一整条，50份,鲜水湾,2026-05-22 13:48:37,图文笔记,已推广,638.0,57.0,11.0,0.0,0.0,0.0,11.0,10.0,0.0,0.0,0.0,0,无成交数据
695542bc000000001e03711a,到季节了！这个乳山生蚝太肥了,鲜水湾,2025-12-31 23:35:24,图文笔记,已推广,638.0,28.0,7.0,0.0,0.0,0.0,0.0,0.0,0.0,0.0,0.0,0,无成交数据
6a56326a000000000702469e,早八打工人！感谢一餐一包的独立小包装🍤,菲菲上班吃什么,2026-07-14 20:58:18,图文笔记,未推广,637.0,25.0,12.0,0.0,0.0,0.0,4.0,4.0,1.0,0.0,0.0,0,无成交数据
69b971b900000000230225e8,我健身教练推荐的,鲜水湾甄选,2026-03-17 23:22:33,图文笔记,未推广,637.0,43.0,12.0,0.0,0.0,0.0,1.0,1.0,0.0,0.0,0.0,0,无成交数据
6a3ba7f10000000021023b12,我也不想吃啊，但100块能让我吃一周减脂餐！,菲菲上班吃什么,2026-06-24 17:48:33,图文笔记,未推广,636.0,38.0,15.0,0.0,0.0,0.0,7.0,7.0,1.0,0.0,0.0,0,无成交数据
6a2a9501000000002202c8b0,独居党的冰箱，真的经不起瞎囤……,鲜水湾甄选,2026-06-11 18:59:13,图文笔记,已推广,636.0,50.0,12.0,0.0,0.0,0.0,6.0,6.0,2.0,0.0,0.0,0,无成交数据
6a351ce0000000001003e78b,感谢315，让我家无添加虾仁又爆单了！！！,鲜水湾甄选,2026-06-19 18:41:36,图文笔记,已推广,634.0,20.0,12.0,0.0,0.0,0.0,3.0,3.0,0.0,0.0,0.0,0,无成交数据
69a53fd7000000001a02c36d,老妈商量后，推出0添加减脂专属小包,婉婉上班吃什么,2026-03-02 15:44:23,图文笔记,未推广,634.0,26.0,9.0,0.0,0.0,0.0,2.0,2.0,1.0,0.0,0.0,0,无成交数据
6a1109c40000000006034e11,我妈：终于不天天吃外卖了🤣,菲菲上班吃什么,2026-05-23 16:58:01,图文笔记,未推广,633.0,58.0,15.0,0.0,0.0,0.0,6.0,6.0,1.0,0.0,0.0,0,无成交数据
69f07efa000000001e00ec9a,打工人超省事减脂餐，69可以吃一周🥹,菲菲上班吃什么,2026-04-28 17:33:46,图文笔记,未推广,631.0,41.0,12.0,0.0,0.0,0.0,4.0,4.0,0.0,0.0,0.0,0,无成交数据
69287242000000001e02637f,为什么网上减脂的人很少吃虾啊？,鲜水湾,2025-11-27 23:46:10,图文笔记,未推广,629.0,48.0,3.0,0.0,0.0,0.0,0.0,0.0,0.0,0.0,0.0,0,无成交数据
6a22434b000000002202b4b4,我宣布这个是减脂期买过坠成功的虾仁！！！,鲜水湾甄选,2026-06-05 11:32:27,图文笔记,未推广,627.0,33.0,13.0,0.0,0.0,0.0,4.0,4.0,0.0,0.0,0.0,0,无成交数据
6a169f27000000000603609d,懒人做饭第一次这么有成就感！！！！,菲菲上班吃什么,2026-05-27 19:43:01,图文笔记,未推广,627.0,53.0,12.0,0.0,0.0,0.0,0.0,0.0,0.0,0.0,0.0,0,无成交数据
6a16f49100000000350318b3,减脂餐终于不是水煮菜了🤣,鲜水湾甄选,2026-05-27 21:41:37,图文笔记,未推广,625.0,55.0,12.0,0.0,0.0,0.0,1.0,1.0,0.0,0.0,0.0,0,无成交数据
69e73a440000000021007e6f,减脂期的快乐，我只花了69块就拥有了！,鲜水湾甄选,2026-04-22 15:30:12,图文笔记,未推广,624.0,27.0,12.0,0.0,0.0,0.0,3.0,3.0,0.0,0.0,0.0,0,无成交数据
69bbe136000000001a02fda0,原来吃的干净真的会掉秤,婉婉上班吃什么,2026-03-19 19:42:46,图文笔记,未推广,624.0,45.0,11.0,0.0,0.0,0.0,2.0,2.0,1.0,0.0,0.0,0,无成交数据
69466567000000001f00a3ce,过年了🧨买了整条三文鱼回家,鲜水湾,2025-12-20 16:59:19,图文笔记,已推广,623.0,47.0,7.0,0.0,0.0,0.0,1.0,1.0,0.0,0.0,0.0,0,无成交数据
69f89dab0000000023015c4e,真的小看69块了！直接解决我一整周减脂餐,菲菲上班吃什么,2026-05-04 21:22:51,图文笔记,未推广,622.0,40.0,12.0,0.0,0.0,0.0,2.0,2.0,0.0,0.0,0.0,0,无成交数据
696f434a000000001a02ed52,握靠现在70来块的购买力真的被低估了,鲜水湾,2026-01-20 16:56:42,图文笔记,已推广,622.0,30.0,6.0,0.0,0.0,0.0,0.0,0.0,0.0,0.0,0.0,0,无成交数据
6a65e1430000000006011d99,独居一人食，终于有人做独立小包装了,菲菲上班吃什么,2026-07-26 18:28:19,图文笔记,未推广,619.0,42.0,12.0,0.0,0.0,0.0,2.0,2.0,0.0,0.0,0.0,0,无成交数据
6a16a411000000003502eee4,比轻食外卖划算太多了🥹,鲜水湾甄选,2026-05-27 15:58:09,图文笔记,未推广,618.0,51.0,13.0,0.0,0.0,0.0,5.0,5.0,1.0,0.0,0.0,0,无成交数据
6a094099000000003502078c,夏天能不能穿漂亮裙子，就靠你了！,鲜水湾甄选,2026-05-17 19:55:02,图文笔记,未推广,617.0,34.0,12.0,0.0,0.0,0.0,3.0,3.0,1.0,0.0,0.0,0,无成交数据
69eddafb00000000360010c7,减脂期的快乐，来自于这个大虾仁！,鲜水湾甄选,2026-04-26 17:29:31,图文笔记,未推广,616.0,26.0,13.0,0.0,0.0,0.0,2.0,2.0,0.0,0.0,0.0,0,无成交数据
6a1d68af0000000008027147,儿子吃过一次后…决定早餐就它了！！！,菲菲上班吃什么,2026-06-01 19:10:39,图文笔记,未推广,614.0,42.0,15.0,0.0,0.0,0.0,5.0,5.0,1.0,0.0,0.0,0,无成交数据
69382453000000001e023427,跟爸妈商量后，一整条只需360💰,鲜水湾,2025-12-09 21:29:55,图文笔记,已推广,614.0,58.0,3.0,0.0,0.0,0.0,0.0,0.0,0.0,0.0,0.0,0,无成交数据
6a1fccf10000000008027c84,靠虾仁布局一下今年夏天小裙子计划！！！！,菲菲上班吃什么,2026-06-03 14:42:57,图文笔记,未推广,611.0,28.0,5.0,0.0,0.0,0.0,6.0,6.0,1.0,0.0,0.0,0,无成交数据
6a110319000000003502e07f,感谢赵露S…虾仁真的太顶了😭,鲜水湾甄选,2026-05-23 13:35:00,图文笔记,未推广,611.0,42.0,14.0,0.0,0.0,0.0,7.0,7.0,0.0,0.0,0.0,0,无成交数据
6a16fe07000000000702cbce,100块吃不了一顿火锅，但能承包我一周轻食餐,菲菲上班吃什么,2026-05-27 22:21:59,图文笔记,未推广,608.0,40.0,12.0,0.0,0.0,0.0,3.0,3.0,0.0,0.0,0.0,0,无成交数据
69a2663a000000002303bcc3,逼自己吃了两周虾仁,小宅减脂餐,2026-02-28 11:51:22,图文笔记,未推广,606.0,40.0,1.0,0.0,0.0,0.0,0.0,0.0,0.0,0.0,0.0,0,无成交数据
6a491edd0000000007028bdb,以为69没多少，真的够我吃一周减脂餐！！！！,菲菲上班吃什么,2026-07-04 22:55:25,图文笔记,未推广,602.0,60.0,14.0,0.0,0.0,0.0,10.0,9.0,1.0,0.0,0.0,0,无成交数据
69b3bdb9000000001a0340b0,,鲜水湾,2026-03-13 15:33:13,图文笔记,未推广,602.0,112.0,6.0,0.0,0.0,0.0,0.0,0.0,0.0,0.0,0.0,0,无成交数据
6a6577da000000000f011013,手剥虾仁69管一周？一人食减脂餐,菲菲上班吃什么,2026-07-26 10:58:34,图文笔记,未推广,601.0,39.0,14.0,0.0,0.0,0.0,3.0,3.0,0.0,0.0,0.0,0,无成交数据
69af8f94000000000b034fbd,听句劝！！吃对了一周瘦10斤都不止…,婉婉上班吃什么,2026-03-10 11:27:16,图文笔记,未推广,600.0,35.0,12.0,0.0,0.0,0.0,3.0,3.0,0.0,0.0,0.0,0,无成交数据
69a17d74000000001a037572,自从减脂买了这个虾仁🍤，一个月省好几百！,鲜水湾,2026-02-27 19:18:12,图文笔记,未推广,599.0,35.0,5.0,0.0,0.0,0.0,0.0,0.0,0.0,0.0,0.0,0,无成交数据
6a28e5240000000007013e7b,你永远可以相信一个减脂人的选择！！,菲菲上班吃什么,2026-06-10 12:16:36,图文笔记,未推广,596.0,60.0,15.0,0.0,0.0,0.0,5.0,5.0,2.0,0.0,0.0,0,无成交数据
697391e8000000001a024cb4,我妈让我赶紧宣传一下40多一箱了‼️包活包肥,鲜水湾,2026-01-23 23:21:12,图文笔记,已推广,596.0,35.0,4.0,0.0,0.0,0.0,0.0,0.0,0.0,0.0,0.0,0,无成交数据
6a1a45d7000000000702dfdf,夏天必备的懒人菜搭子✅！！（附调料教程）,菲菲上班吃什么,2026-05-30 15:05:01,图文笔记,已推广,595.0,21.0,12.0,0.0,0.0,0.0,0.0,0.0,0.0,0.0,0.0,0,无成交数据
6a5b84fe00000000100286e3,健身搭子一句话，我默默回购了很多次,菲菲上班吃什么,2026-07-18 21:51:58,图文笔记,未推广,594.0,34.0,17.0,0.0,0.0,0.0,5.0,5.0,0.0,0.0,0.0,0,无成交数据
69798e47000000001a02404b,早八人抄作业！十分钟搞定的早餐🥣,鲜水湾,2026-01-28 12:19:19,图文笔记,已推广,594.0,44.0,4.0,0.0,0.0,0.0,0.0,0.0,0.0,0.0,0.0,0,无成交数据
6a2807d70000000035033815,控体期别饿自己，我靠虾仁撑下来了！！！,鲜水湾甄选,2026-06-09 21:36:01,图文笔记,未推广,593.0,33.0,14.0,0.0,0.0,0.0,10.0,9.0,2.0,0.0,0.0,0,无成交数据
699fc28e000000002801c457,放纵餐吃完了，年后控体还得吃虾！,鲜水湾,2026-02-26 11:48:30,图文笔记,未推广,591.0,73.0,4.0,0.0,0.0,0.0,1.0,1.0,0.0,0.0,0.0,0,无成交数据
6a23d88b0000000007028b0f,现在年轻人，严重低估了70块的购买力…,菲菲上班吃什么,2026-06-06 19:43:01,图文笔记,已推广,588.0,34.0,12.0,0.0,0.0,0.0,3.0,3.0,0.0,0.0,0.0,0,无成交数据
6a15497c0000000035029c31,夏天快来了，我决定花69吃一周轻食餐！,鲜水湾甄选,2026-05-26 20:32:01,图文笔记,未推广,588.0,52.0,12.0,0.0,0.0,0.0,2.0,2.0,0.0,0.0,0.0,0,无成交数据
69aab1d9000000000e00c75a,我也不想买阿，可69r能吃一周减脂餐了,鲜水湾,2026-03-06 18:52:09,图文笔记,未推广,586.0,41.0,3.0,0.0,0.0,0.0,8.0,7.0,0.0,0.0,0.0,0,无成交数据
6a35e3800000000022015c0d,减脂期被同事说，天天吃虾仁太奢侈,菲菲上班吃什么,2026-06-20 08:49:04,图文笔记,未推广,584.0,36.0,14.0,0.0,0.0,0.0,2.0,2.0,0.0,0.0,0.0,0,无成交数据
6a2bf45300000000200381d5,控体期，同事以为我天天点轻食🥹,菲菲上班吃什么,2026-06-12 21:41:00,图文笔记,未推广,580.0,47.0,13.0,0.0,0.0,0.0,6.0,5.0,1.0,0.0,0.0,0,无成交数据
6a0438fd0000000008000ddf,天天这么吃…还不把我瘦s⚡️⚡️,菲菲上班吃什么,2026-05-13 22:36:01,图文笔记,未推广,580.0,33.0,12.0,0.0,0.0,0.0,1.0,1.0,0.0,0.0,0.0,0,无成交数据
69ad9d28000000000e03ee6e,笑亖 从83斤瘦子同事那里偷师学到的好东西,鲜水湾,2026-03-09 00:00:40,图文笔记,未推广,580.0,42.0,2.0,0.0,0.0,0.0,3.0,3.0,0.0,0.0,0.0,0,无成交数据
6a1e3ae2000000000702d1eb,独居后才懂，虾仁真是囤货神器！！！！,菲菲上班吃什么,2026-06-02 10:07:30,图文笔记,未推广,579.0,43.0,16.0,0.0,0.0,0.0,4.0,4.0,0.0,0.0,0.0,0,无成交数据
6a17fbe9000000003501c974,同事以为我天天吃大餐🤣,鲜水湾甄选,2026-05-28 16:25:13,图文笔记,未推广,578.0,35.0,12.0,0.0,0.0,0.0,2.0,2.0,0.0,0.0,0.0,0,无成交数据
6a3a795a0000000011010ac2,控体期，办公室午餐被问爆了😭,鲜水湾甄选,2026-06-23 20:17:30,图文笔记,未推广,577.0,48.0,12.0,0.0,0.0,0.0,6.0,5.0,1.0,0.0,0.0,0,无成交数据
69a0ffd8000000001a032e1b,年后，打工人带饭！,鲜水湾,2026-02-27 10:22:16,图文笔记,未推广,577.0,51.0,4.0,0.0,0.0,0.0,0.0,0.0,0.0,0.0,0.0,0,无成交数据
6a67408d000000001102de9e,办公室午餐被问链接，我把轻食店拉黑了,鲜水湾甄选,2026-07-27 19:27:09,图文笔记,未推广,575.0,36.0,3.0,0.0,0.0,0.0,2.0,2.0,0.0,0.0,0.0,0,无成交数据
6a435825000000001101b6cd,下班不想做饭，69带够一周减脂餐！！！,鲜水湾甄选,2026-06-30 13:46:13,图文笔记,未推广,575.0,30.0,16.0,0.0,0.0,0.0,3.0,2.0,0.0,0.0,0.0,0,无成交数据
6a1d209d0000000036002aff,独居党终于找到省事晚餐了……,鲜水湾甄选,2026-06-01 14:03:09,图文笔记,已推广,575.0,24.0,14.0,0.0,0.0,0.0,1.0,1.0,0.0,0.0,0.0,0,无成交数据
69f9de4000000000230148b4,大意了！彻底低估69块的购买力,菲菲上班吃什么,2026-05-05 20:10:40,图文笔记,未推广,575.0,36.0,12.0,0.0,0.0,0.0,6.0,6.0,0.0,0.0,0.0,0,无成交数据
693d2cdc000000001f0075a4,我妈让我通知各位：整条鱼200多可以冲了‼️,鲜水湾,2025-12-13 17:07:40,图文笔记,未推广,574.0,47.0,7.0,0.0,0.0,0.0,3.0,2.0,0.0,0.0,0.0,0,无成交数据
6a1658790000000007010969,公司微波炉坏了第三天，我反而吃得更健康,菲菲上班吃什么,2026-05-27 10:35:38,图文笔记,未推广,572.0,46.0,13.0,0.0,0.0,0.0,1.0,1.0,0.0,0.0,0.0,0,无成交数据
69a8041f000000002801cde5,意外发现掉秤最快的方法…,鲜水湾,2026-03-04 18:06:23,图文笔记,未推广,571.0,67.0,3.0,0.0,0.0,0.0,5.0,3.0,0.0,0.0,0.0,0,无成交数据
6a3bc05f000000002101bafb,老爸觉得我每天吃一包虾仁很奢侈……,菲菲上班吃什么,2026-06-24 20:32:02,图文笔记,已推广,568.0,43.0,14.0,0.0,0.0,0.0,6.0,6.0,0.0,0.0,0.0,0,无成交数据
69ad9c17000000002801e24f,笑亖 从83斤瘦子同事那里偷师学到的好东西,婉婉上班吃什么,2026-03-08 23:56:07,图文笔记,未推广,568.0,46.0,3.0,0.0,0.0,0.0,0.0,0.0,0.0,0.0,0.0,0,无成交数据
6a1fc821000000003502f8a9,减脂期！！由于我不停的吃！！！不停的吃！！！,鲜水湾甄选,2026-06-03 14:22:25,图文笔记,未推广,567.0,52.0,14.0,0.0,0.0,0.0,5.0,5.0,1.0,0.0,0.0,0,无成交数据
6a1d6b640000000036003317,家人们谁懂啊…懒人控体被这个把握了……,鲜水湾甄选,2026-06-01 19:22:12,图文笔记,未推广,567.0,34.0,17.0,0.0,0.0,0.0,5.0,4.0,0.0,0.0,0.0,0,无成交数据
6a0c1d250000000006023fe0,下班10分钟搞定晚餐，比外卖快🍤,菲菲上班吃什么,2026-05-19 21:43:01,图文笔记,未推广,567.0,32.0,12.0,0.0,0.0,0.0,2.0,2.0,0.0,0.0,0.0,0,无成交数据
6a315fb10000000006034f31,算了不劝了，一个人带动全公司买的🤣,菲菲上班吃什么,2026-06-16 22:37:37,图文笔记,已推广,565.0,35.0,12.0,0.0,0.0,0.0,6.0,5.0,3.0,0.0,0.0,0,无成交数据
69f81442000000003502bb5d,独居女五一减脂｜低成本搞定轻食餐,鲜水湾甄选,2026-05-04 11:36:35,图文笔记,未推广,564.0,40.0,12.0,0.0,0.0,0.0,2.0,2.0,1.0,0.0,0.0,0,无成交数据
6a7026940000000029030116,打工人的高蛋白，真不用天天靠外卖,鲜水湾甄选,2026-08-03 13:26:44,图文笔记,未推广,563.0,27.0,13.0,0.0,0.0,0.0,2.0,2.0,0.0,0.0,0.0,0,无成交数据
6911fc070000000004001a85,大家都是从哪买的大虾呀😋,鲜水湾,2025-11-10 22:51:51,图文笔记,未推广,561.0,115.0,5.0,0.0,0.0,0.0,0.0,0.0,0.0,0.0,0.0,0,无成交数据
69afbe380000000022023a73,年后管理，健身人值得按箱囤的大虾！,鲜水湾甄选,2026-03-10 14:46:16,图文笔记,未推广,560.0,53.0,1.0,0.0,0.0,0.0,9.0,8.0,0.0,0.0,0.0,0,无成交数据
6a68aedf00000000140040b2,300块一整条吃一个月，比日料店划算多了,鲜水湾,2026-07-28 21:30:07,图文笔记,已推广,557.0,46.0,3.0,0.0,0.0,0.0,9.0,6.0,1.0,0.0,0.0,0,无成交数据
698ec44b000000001a0270c5,我私教都在吃的高蛋白三文鱼，绝了！,鲜水湾,2026-02-13 14:27:23,图文笔记,未推广,557.0,47.0,3.0,0.0,0.0,0.0,0.0,0.0,0.0,0.0,0.0,0,无成交数据
6a6c328a000000003301c27e,扇贝肉哪里不能吃你知道吗？,小宅减脂餐,2026-07-31 13:28:42,视频笔记,未推广,556.0,210.0,5.0,0.0,0.0,0.0,0.0,0.0,0.0,0.0,0.0,0,无成交数据
6a27c70b00000000360027a1,独居后才发现，小包装食材真的太重要了！！！,鲜水湾甄选,2026-06-09 15:55:55,图文笔记,未推广,556.0,27.0,14.0,0.0,0.0,0.0,2.0,2.0,0.0,0.0,0.0,0,无成交数据
6a1a40dd00000000350291f4,只有减脂的姐妹懂这一碗的含金量，不够吃！！,鲜水湾甄选,2026-05-30 09:43:58,图文笔记,未推广,556.0,42.0,13.0,0.0,0.0,0.0,3.0,3.0,0.0,0.0,0.0,0,无成交数据
6a1a4f9d0000000006020e36,这虾仁比我前男友还省心😅,婉婉上班吃什么,2026-05-30 10:46:53,图文笔记,已推广,552.0,18.0,15.0,0.0,0.0,0.0,3.0,3.0,1.0,0.0,0.0,0,无成交数据
6a125fba0000000035023662,管理期必囤！多少个晚上靠它🍤,鲜水湾甄选,2026-05-24 17:35:02,图文笔记,未推广,552.0,45.0,14.0,0.0,0.0,0.0,0.0,0.0,0.0,0.0,0.0,0,无成交数据
6a491f0f000000001102f645,沉浸式懒人减脂备菜，69块吃一周！！！！,鲜水湾甄选,2026-07-04 23:29:00,图文笔记,已推广,551.0,17.0,14.0,0.0,0.0,0.0,4.0,4.0,0.0,0.0,0.0,0,无成交数据
69ae35f5000000002202f572,减脂期无限回购的冷冻大虾🔥,小宅减脂餐,2026-03-09 10:52:37,图文笔记,未推广,551.0,21.0,2.0,0.0,0.0,0.0,0.0,0.0,0.0,0.0,0.0,0,无成交数据
691746070000000005032d43,误以为很贵，实际60多三大斤真的过瘾！,鲜水湾,2025-11-14 23:08:55,图文笔记,已推广,549.0,31.0,1.0,0.0,0.0,0.0,0.0,0.0,0.0,0.0,0.0,0,无成交数据
6922b439000000001f00ac21,我也不想买呀！可是69.9到手3斤大虾,鲜水湾,2025-11-23 15:14:01,图文笔记,已推广,548.0,26.0,4.0,0.0,0.0,0.0,2.0,2.0,0.0,0.0,0.0,0,无成交数据
6a0194a0000000000803e20b,虾仁别再水煮了，这4种做法减脂期也能吃,鲜水湾,2026-05-11 16:34:41,图文笔记,未推广,547.0,44.0,18.0,0.0,0.0,0.0,5.0,3.0,1.0,0.0,0.0,0,无成交数据
693b85c8000000001e027f19,宝宝们，都是从哪个渠道买大虾的？,鲜水湾,2025-12-12 11:02:32,图文笔记,未推广,546.0,58.0,2.0,0.0,0.0,0.0,0.0,0.0,0.0,0.0,0.0,0,无成交数据
6913e42a00000000050133fc,健身党的优质蛋白！60多的大虾超划算,鲜水湾,2025-11-12 09:34:34,图文笔记,已推广,544.0,32.0,3.0,0.0,0.0,0.0,0.0,0.0,0.0,0.0,0.0,0,无成交数据
69f34f7d000000001f0039a5,打工人带饭的尽头，原来是极简,菲菲上班吃什么,2026-04-30 20:47:57,图文笔记,未推广,543.0,43.0,12.0,0.0,0.0,0.0,2.0,2.0,2.0,0.0,0.0,0,无成交数据
690eea290000000005010648,60几块钱吃一周！减脂党狂喜😋,鲜水湾,2025-11-08 14:58:49,图文笔记,已推广,542.0,32.0,4.0,0.0,0.0,0.0,0.0,0.0,0.0,0.0,0.0,0,无成交数据
6a34a615000000002201972d,独居后才懂，独立小包装虾仁才不是奢侈…,鲜水湾甄选,2026-06-19 10:14:45,图文笔记,未推广,541.0,36.0,13.0,0.0,0.0,0.0,3.0,3.0,0.0,0.0,0.0,0,无成交数据
6a6c0e2f0000000033018085,两眼一睁就是减，独居党终于等到一餐一包,鲜水湾甄选,2026-07-31 10:53:36,图文笔记,未推广,539.0,53.0,17.0,0.0,0.0,0.0,8.0,7.0,1.0,0.0,0.0,0,无成交数据
69ad60db000000001a029588,同事笑我吃虾仁奢侈？结果我一百能吃一周,婉婉上班吃什么,2026-03-08 19:43:23,图文笔记,已推广,537.0,39.0,15.0,0.0,0.0,0.0,6.0,6.0,2.0,0.0,0.0,0,无成交数据
6a34d957000000000f014d37,奉劝大家别小看 69 块的购买力！,鲜水湾甄选,2026-06-19 13:53:27,图文笔记,已推广,536.0,45.0,14.0,0.0,0.0,0.0,3.0,3.0,2.0,0.0,0.0,0,无成交数据
6a195cf8000000000803374e,我宣布这个是减脂期买过最成功的虾仁…,菲菲上班吃什么,2026-05-29 21:27:01,图文笔记,未推广,536.0,33.0,14.0,0.0,0.0,0.0,2.0,2.0,0.0,0.0,0.0,0,无成交数据
6a3503510000000007023455,减脂期不是虾仁便宜，是外卖太离谱…,菲菲上班吃什么,2026-06-19 16:52:34,图文笔记,已推广,532.0,38.0,13.0,0.0,0.0,0.0,7.0,7.0,1.0,0.0,0.0,0,无成交数据
69787b64000000001a02d584,以为69没多少，但一盒够我吃一周的了🥹,鲜水湾,2026-01-27 16:46:28,图文笔记,已推广,531.0,48.0,4.0,0.0,0.0,0.0,0.0,0.0,0.0,0.0,0.0,0,无成交数据
6a714ef7000000003302cf65,我妈误以为很贵的三文鱼😅,菲菲上班吃什么,2026-08-04 10:31:19,图文笔记,未推广,528.0,43.0,12.0,0.0,0.0,0.0,5.0,4.0,0.0,0.0,0.0,0,无成交数据
6a6dcdac0000000024025f0f,现在年轻人，严重低估了69的购买力！！！！,鲜水湾甄选,2026-08-01 18:42:52,图文笔记,未推广,528.0,17.0,15.0,0.0,0.0,0.0,1.0,1.0,0.0,0.0,0.0,0,无成交数据
6a26bcdb0000000008031a5c,普通牛马人……减脂餐也得好好吃饭😂,菲菲上班吃什么,2026-06-08 21:00:11,图文笔记,未推广,527.0,22.0,13.0,0.0,0.0,0.0,1.0,1.0,0.0,0.0,0.0,0,无成交数据
6a5f81b5000000000e0359e7,算了不劝了，一个人带动全公司买的🤣,菲菲上班吃什么,2026-07-21 22:27:01,图文笔记,未推广,526.0,21.0,14.0,0.0,0.0,0.0,2.0,2.0,0.0,0.0,0.0,0,无成交数据
6a0c1ee40000000007021b08,和老妈商量了，推出一人食减脂小包装三文鱼,鲜水湾,2026-05-19 16:27:16,图文笔记,未推广,526.0,64.0,11.0,0.0,0.0,0.0,9.0,8.0,1.0,0.0,0.0,0,无成交数据
69ce2ab9000000001f006ddf,爸妈对于我每天吃虾仁，表示很奢侈🥲…,菲菲上班吃什么,2026-04-02 16:37:13,图文笔记,未推广,526.0,53.0,14.0,0.0,0.0,0.0,6.0,6.0,1.0,0.0,0.0,0,无成交数据
6a2f70be000000000f029477,减脂期冰箱常驻，这虾我能吃到天荒地老…,鲜水湾甄选,2026-06-15 11:25:50,图文笔记,未推广,525.0,35.0,12.0,0.0,0.0,0.0,8.0,6.0,2.0,0.0,0.0,0,无成交数据
69f1734c000000002301c1fa,谁懂❗️网购虾仁终于得到全家一致好评🍤,菲菲上班吃什么,2026-04-29 10:56:12,图文笔记,未推广,524.0,23.0,12.0,0.0,0.0,0.0,1.0,1.0,0.0,0.0,0.0,0,无成交数据
69a83e5d000000001a034aec,某姆没有！因为我为早八姐妹定制的小包装,鲜水湾,2026-03-04 22:14:53,图文笔记,未推广,524.0,18.0,10.0,0.0,0.0,0.0,4.0,3.0,1.0,0.0,0.0,0,无成交数据
6a20161200000000220282eb,小裙子还没穿上，虾仁先安排上了……,鲜水湾甄选,2026-06-03 22:00:18,图文笔记,未推广,523.0,30.0,7.0,0.0,0.0,0.0,2.0,2.0,0.0,0.0,0.0,0,无成交数据
69f1d2c9000000001e00d450,被问爆了！69块真的能吃一周减脂餐🍤,菲菲上班吃什么,2026-04-29 17:43:37,图文笔记,未推广,521.0,24.0,12.0,0.0,0.0,0.0,2.0,2.0,1.0,0.0,0.0,0,无成交数据
6a59c465000000000f012592,身材管理期晚餐最爱！没有之一！！！,婉婉上班吃什么,2026-07-17 13:57:57,图文笔记,已推广,517.0,49.0,17.0,0.0,0.0,0.0,2.0,2.0,0.0,0.0,0.0,0,无成交数据
693397b8000000001d03918c,爸妈对我每天吃虾表示很奢侈,鲜水湾甄选,2025-12-06 10:40:56,图文笔记,已推广,517.0,28.0,5.0,0.0,0.0,0.0,0.0,0.0,0.0,0.0,0.0,0,无成交数据
6912fb9000000000070381c2,试吃之后发现！这大虾性价比太高了！,鲜水湾甄选,2025-11-11 17:02:08,图文笔记,已推广,516.0,24.0,3.0,0.0,0.0,0.0,0.0,0.0,0.0,0.0,0.0,0,无成交数据
69abb78e000000001a02c24b,控体坠🐮搭配，一个月掉78斤,婉婉上班吃什么,2026-03-07 13:28:46,图文笔记,未推广,515.0,60.0,11.0,0.0,0.0,0.0,5.0,4.0,1.0,0.0,0.0,0,无成交数据
6a5cac5c000000001302766a,再也不用反复解冻了！专为一人食设计小包装,菲菲上班吃什么,2026-07-19 18:52:12,图文笔记,未推广,513.0,23.0,15.0,0.0,0.0,0.0,5.0,3.0,0.0,0.0,0.0,0,无成交数据
693793e4000000001e0260d6,长期主义三文鱼。。。没有平替！,鲜水湾,2025-12-09 11:13:40,图文笔记,已推广,513.0,37.0,5.0,0.0,0.0,0.0,0.0,0.0,0.0,0.0,0.0,0,无成交数据
6a0d56720000000007025861,上班族带饭省钱秘诀😭独立小包装！！！,菲菲上班吃什么,2026-05-20 14:36:34,图文笔记,未推广,512.0,34.0,11.0,0.0,0.0,0.0,1.0,1.0,0.0,0.0,0.0,0,无成交数据
69b6ca1a000000001f003390,早八人：我怎么没早点发现小包装虾仁🍤,婉婉上班吃什么,2026-03-15 23:02:50,图文笔记,未推广,512.0,41.0,11.0,0.0,0.0,0.0,6.0,5.0,1.0,0.0,0.0,0,无成交数据
6a2bcae00000000022029fb3,谁敢信这是100💰的购买力！！！！,鲜水湾甄选,2026-06-12 17:01:20,图文笔记,已推广,511.0,23.0,12.0,0.0,0.0,0.0,1.0,1.0,0.0,0.0,0.0,0,无成交数据
6a140fff0000000035039d24,老板都说“奢侈”其实真不贵！！🥹,鲜水湾甄选,2026-05-25 19:10:05,图文笔记,未推广,511.0,29.0,12.0,0.0,0.0,0.0,4.0,4.0,0.0,0.0,0.0,0,无成交数据
6a0598650000000007020680,和爸妈商量了，给上班带饭的姐妹推出小包装,鲜水湾,2026-05-14 17:39:49,图文笔记,已推广,511.0,42.0,17.0,0.0,0.0,0.0,8.0,6.0,0.0,0.0,0.0,0,无成交数据
69a51b22000000000d00a521,区区98块，结果够我吃一周的了,婉婉上班吃什么,2026-03-02 13:07:46,图文笔记,未推广,511.0,24.0,8.0,0.0,0.0,0.0,10.0,6.0,1.0,0.0,0.0,0,无成交数据
6a0ebd1c00000000080307bf,早八打工人带饭的尽头…真的是极简…,菲菲上班吃什么,2026-05-21 17:31:01,图文笔记,未推广,507.0,39.0,14.0,0.0,0.0,0.0,5.0,5.0,0.0,0.0,0.0,0,无成交数据
6a2a81390000000035030e0d,我也不想吃啊，可它69够我吃一周了😂,鲜水湾甄选,2026-06-11 17:34:49,图文笔记,未推广,504.0,60.0,16.0,0.0,0.0,0.0,7.0,7.0,0.0,0.0,0.0,0,无成交数据
69ab9111000000001a033291,瘦子同事带的饭一天比一天离谱,鲜水湾,2026-03-07 10:44:33,图文笔记,已推广,502.0,60.0,3.0,0.0,0.0,0.0,7.0,6.0,1.0,0.0,0.0,0,无成交数据
6a0d80000000000007027dbe,宅家囤了无数次...比买活虾还划算,鲜水湾,2026-05-20 17:33:52,图文笔记,未推广,500.0,34.0,1.0,0.0,0.0,0.0,6.0,6.0,1.0,0.0,0.0,0,无成交数据
6a73f9360000000028009679,区区 300 块，囤够我一个月的控体餐,婉婉上班吃什么,2026-08-06 11:02:14,图文笔记,未推广,499.0,31.0,15.0,0.0,0.0,0.0,5.0,4.0,1.0,0.0,0.0,0,无成交数据
6a59e2ad0000000013027398,三伏天减脂餐，打工人终于不用将就了…,菲菲上班吃什么,2026-07-17 16:07:09,图文笔记,未推广,499.0,22.0,14.0,0.0,0.0,0.0,1.0,1.0,0.0,0.0,0.0,0,无成交数据
6a0ea0950000000007027ce4,我悟了！三文鱼真的可以天天吃！,鲜水湾,2026-05-21 14:05:09,图文笔记,已推广,496.0,30.0,15.0,0.0,0.0,0.0,4.0,3.0,0.0,0.0,0.0,0,无成交数据
6a408c93000000000f0077a1,谁顶得住啊😭60元直接实现虾仁自由！,鲜水湾甄选,2026-06-28 10:53:07,图文笔记,未推广,495.0,21.0,17.0,0.0,0.0,0.0,3.0,3.0,0.0,0.0,0.0,0,无成交数据
6913fbb10000000005010120,破案了！！！怪不得身材瘦的女生都喜欢吃虾,鲜水湾,2025-11-12 11:14:57,图文笔记,已推广,495.0,71.0,3.0,0.0,0.0,0.0,0.0,0.0,0.0,0.0,0.0,0,无成交数据
6a18054d0000000008000c09,吃了一个周虾仁，才花了不到70,婉婉上班吃什么,2026-05-28 17:05:17,图文笔记,已推广,491.0,48.0,14.0,0.0,0.0,0.0,4.0,3.0,0.0,0.0,0.0,0,无成交数据
69a8d860000000001a036232,年后掉秤！69块吃一周，大虾减脂太省心,鲜水湾,2026-03-05 09:12:01,图文笔记,未推广,491.0,51.0,3.0,0.0,0.0,0.0,9.0,8.0,0.0,0.0,0.0,0,无成交数据
690b165600000000040166a0,大家都喜欢吃什么海鲜呀？,鲜水湾,2025-11-05 17:18:14,图文笔记,未推广,491.0,81.0,6.0,0.0,0.0,0.0,0.0,0.0,0.0,0.0,0.0,0,无成交数据
6a16c77f000000003502b329,办公室午餐被问爆了😭,鲜水湾甄选,2026-05-27 18:29:20,图文笔记,未推广,490.0,34.0,13.0,0.0,0.0,0.0,2.0,2.0,0.0,0.0,0.0,0,无成交数据
69358c43000000001e026616,讲真…年轻人低估了100💰的购买力,鲜水湾,2025-12-07 22:16:35,图文笔记,已推广,489.0,29.0,4.0,0.0,0.0,0.0,1.0,1.0,1.0,0.0,0.0,0,无成交数据
69854a29000000001a025a5f,一个人带动全办公室姐妹囤了78910斤,鲜水湾,2026-02-06 09:55:53,图文笔记,已推广,484.0,41.0,6.0,0.0,0.0,0.0,2.0,2.0,0.0,0.0,0.0,0,无成交数据
69baa895000000002301c0c7,终于搞懂为什么我煎的三文鱼总是发腥啦！,鲜水湾,2026-03-18 21:28:53,图文笔记,未推广,483.0,51.0,7.0,0.0,0.0,0.0,0.0,0.0,0.0,0.0,0.0,0,无成交数据
69b77297000000002301ea16,请大数据推给天天吃轻食的宝子！,鲜水湾,2026-03-16 11:01:43,图文笔记,未推广,481.0,39.0,12.0,0.0,0.0,0.0,2.0,2.0,1.0,0.0,0.0,0,无成交数据
69bcf368000000001f007237,凭一己之力带动办公室买了十盒大虾,婉婉上班吃什么,2026-03-20 15:12:40,图文笔记,未推广,479.0,25.0,4.0,0.0,0.0,0.0,3.0,3.0,2.0,0.0,0.0,0,无成交数据
6a33df0a000000002201bc10,打工人真破防了，外卖比吃虾仁贵😭,鲜水湾甄选,2026-06-18 20:51:01,图文笔记,未推广,477.0,37.0,14.0,0.0,0.0,0.0,1.0,1.0,0.0,0.0,0.0,0,无成交数据
691d5e13000000001e032699,剥壳停不下来！Q弹鲜甜的大虾太绝了,鲜水湾,2025-11-19 14:05:07,图文笔记,已推广,475.0,22.0,2.0,0.0,0.0,0.0,0.0,0.0,0.0,0.0,0.0,0,无成交数据
69aa93db000000002800abd5,邪修减脂就是快，连吃一周真被惊艳到了,鲜水湾,2026-03-06 16:44:11,图文笔记,未推广,474.0,44.0,5.0,0.0,0.0,0.0,9.0,7.0,3.0,0.0,0.0,0,无成交数据
6924018a000000001f00bee4,我爸说：海捕大虾你早卖24一斤，早就爆单了❗️,鲜水湾,2025-11-24 14:56:10,图文笔记,已推广,473.0,33.0,3.0,0.0,0.0,0.0,0.0,0.0,0.0,0.0,0.0,0,无成交数据
6a6d9e0e000000002800bbef,300来块一整条真不贵！够吃一个月了,鲜水湾,2026-08-01 15:19:42,图文笔记,未推广,472.0,26.0,14.0,0.0,0.0,0.0,7.0,7.0,1.0,0.0,0.0,0,无成交数据
6a1109370000000007025e8b,带饭被同事围观：你也吃太好了吧🍤,菲菲上班吃什么,2026-05-23 14:55:00,图文笔记,未推广,472.0,57.0,13.0,0.0,0.0,0.0,1.0,1.0,0.0,0.0,0.0,0,无成交数据
69b6d18d0000000023006acc,别乱囤了！69元搞定一周轻食餐🍤,婉婉上班吃什么,2026-03-15 23:34:37,图文笔记,未推广,469.0,35.0,10.0,0.0,0.0,0.0,5.0,5.0,0.0,0.0,0.0,0,无成交数据
6985a5f1000000000d0081ba,感谢小红书！承包了我26年的身材管理餐,鲜水湾,2026-02-06 16:27:29,图文笔记,已推广,468.0,40.0,3.0,0.0,0.0,0.0,0.0,0.0,0.0,0.0,0.0,0,无成交数据
692c173c000000001e0263ff,误以为很贵，实际80块够吃一周的大虾,鲜水湾,2025-11-30 18:06:52,图文笔记,已推广,468.0,32.0,3.0,0.0,0.0,0.0,1.0,1.0,1.0,0.0,0.0,0,无成交数据
69304151000000001f00d55d,和老爸商量，20+💰让你们先尝尝,鲜水湾,2025-12-03 21:55:29,图文笔记,未推广,467.0,35.0,1.0,0.0,0.0,0.0,0.0,0.0,0.0,0.0,0.0,0,无成交数据
6a2fabdf0000000007029316,刚吃完一条，我妈让我再囤一条！,鲜水湾,2026-06-15 15:38:07,图文笔记,已推广,465.0,41.0,11.0,0.0,0.0,0.0,8.0,8.0,1.0,0.0,0.0,0,无成交数据
69a01b0d000000002203acff,鲜香甜糯，给甜虾脑袋哄成翘嘴了,鲜水湾甄选,2026-02-26 18:06:05,图文笔记,未推广,464.0,26.0,4.0,0.0,0.0,0.0,0.0,0.0,0.0,0.0,0.0,0,无成交数据
6a799b270000000028030161,我妈误以为很贵的整条三文鱼✨,鲜水湾,2026-08-10 17:34:31,图文笔记,未推广,463.0,30.0,11.0,0.0,0.0,0.0,7.0,7.0,1.0,0.0,0.0,0,无成交数据
6a0e79c00000000007024b85,奉劝健身房爬坡的姐妹！！！都听劝！！！,菲菲上班吃什么,2026-05-21 11:40:04,图文笔记,未推广,462.0,39.0,14.0,0.0,0.0,0.0,2.0,1.0,0.0,0.0,0.0,0,无成交数据
69f74990000000003503a521,这一碗的含金量只有减脂人才懂吧…,鲜水湾甄选,2026-05-03 21:11:44,图文笔记,未推广,461.0,25.0,13.0,0.0,0.0,0.0,1.0,1.0,0.0,0.0,0.0,0,无成交数据
69a25ce9000000000e00c0fb,58元吃一周！打工人闭眼冲的高性价比虾仁,鲜水湾,2026-02-28 11:11:37,图文笔记,未推广,461.0,29.0,3.0,0.0,0.0,0.0,3.0,3.0,0.0,0.0,0.0,0,无成交数据
6a39081800000000210162f9,减脂期！！由于我不停的吃！！ 由于我不停的吃！,菲菲上班吃什么,2026-06-22 18:02:01,图文笔记,未推广,460.0,34.0,13.0,0.0,0.0,0.0,3.0,3.0,0.0,0.0,0.0,0,无成交数据
69d2107c0000000023007868,vocal…凭一己之力带动全办公室囤大虾,菲菲上班吃什么,2026-04-05 15:34:20,图文笔记,未推广,460.0,29.0,3.0,0.0,0.0,0.0,3.0,2.0,0.0,0.0,0.0,0,无成交数据
6a1f9dc6000000002202a34d,控体期别饿自己，我靠虾仁撑下来了…,鲜水湾甄选,2026-06-03 11:21:42,图文笔记,未推广,459.0,28.0,13.0,0.0,0.0,0.0,4.0,4.0,3.0,0.0,0.0,0,无成交数据
6a10104400000000350317c4,减脂期同事带的饭，真的好离谱…,鲜水湾甄选,2026-05-22 18:37:01,图文笔记,未推广,459.0,42.0,11.0,0.0,0.0,0.0,4.0,2.0,0.0,0.0,0.0,0,无成交数据
6a3f9b3d000000000f028e86,独居党真的会疯狂囤独立小包装虾仁……,鲜水湾甄选,2026-06-27 17:43:25,图文笔记,已推广,458.0,29.0,15.0,0.0,0.0,0.0,4.0,4.0,0.0,0.0,0.0,0,无成交数据
6a3e6aa80000000007023cd9,和老爸商量后，推出夏日减脂小包装！,菲菲上班吃什么,2026-06-26 20:03:52,图文笔记,未推广,457.0,11.0,13.0,0.0,0.0,0.0,1.0,1.0,0.0,0.0,0.0,0,无成交数据
6a1cee580000000006032d93,不是…这玩意减脂期吃太香了吧！！！,菲菲上班吃什么,2026-06-01 10:28:40,图文笔记,已推广,457.0,42.0,13.0,0.0,0.0,0.0,3.0,3.0,0.0,0.0,0.0,0,无成交数据
691988350000000005039d0a,控体人看到了嘛！上班带饭真的超简单,鲜水湾,2025-11-16 16:15:49,图文笔记,已推广,452.0,29.0,3.0,0.0,0.0,0.0,0.0,0.0,0.0,0.0,0.0,0,无成交数据
6a66fc7c000000000f0154e6,以为70块没多少，结果够我吃一个星期减脂餐,鲜水湾甄选,2026-07-27 14:36:44,图文笔记,未推广,450.0,29.0,13.0,0.0,0.0,0.0,5.0,5.0,2.0,0.0,0.0,0,无成交数据
6a6d54d000000000290307eb,夏日控体真不贵！月薪3k照样实现虾仁自由🤩,鲜水湾甄选,2026-08-01 10:07:12,图文笔记,未推广,448.0,33.0,15.0,0.0,0.0,0.0,6.0,5.0,0.0,0.0,0.0,0,无成交数据
6948fb79000000001f008c86,可不可以让我看看减脂期你们都吃什么,鲜水湾,2025-12-22 16:04:09,图文笔记,未推广,448.0,36.0,0.0,0.0,0.0,0.0,0.0,0.0,0.0,0.0,0.0,0,无成交数据
6a07cc0700000000080257f6,这虾仁真的很适合囤货😭,菲菲上班吃什么,2026-05-16 20:51:01,图文笔记,未推广,447.0,27.0,11.0,0.0,0.0,0.0,4.0,4.0,0.0,0.0,0.0,0,无成交数据
69a27ea40000000028022315,年后控体，区区100多竟然够我吃一周！,鲜水湾,2026-02-28 13:35:33,图文笔记,已推广,446.0,14.0,3.0,0.0,0.0,0.0,0.0,0.0,0.0,0.0,0.0,0,无成交数据
694002d6000000001f00dda4,低估了200多的购买力了,鲜水湾,2025-12-15 20:45:10,图文笔记,未推广,445.0,23.0,7.0,0.0,0.0,0.0,1.0,1.0,1.0,0.0,0.0,0,无成交数据
6a71e863000000002c0032b8,独居一人食以后，我开始拒绝大包装,鲜水湾甄选,2026-08-04 21:25:55,图文笔记,未推广,444.0,15.0,13.0,0.0,0.0,0.0,4.0,4.0,0.0,0.0,0.0,0,无成交数据
6a6d87690000000033009b54,老板看我每天带饭，以为家庭困难,鲜水湾,2026-08-01 13:43:05,图文笔记,未推广,441.0,49.0,3.0,0.0,0.0,0.0,3.0,3.0,0.0,0.0,0.0,0,无成交数据
6a5edf71000000000c0156a4,应粉丝要求，推出了减脂期虾仁独立小包装！,菲菲上班吃什么,2026-07-21 10:54:41,图文笔记,未推广,441.0,17.0,13.0,0.0,0.0,0.0,4.0,3.0,2.0,0.0,0.0,0,无成交数据
6a20149c000000002103c360,减脂餐吃腻后我爱上虾仁！！！！！,菲菲上班吃什么,2026-06-03 20:17:02,图文笔记,未推广,441.0,29.0,12.0,0.0,0.0,0.0,2.0,2.0,0.0,0.0,0.0,0,无成交数据
6a100f500000000035023a14,除非你对虾仁过敏，不然真没理由拒绝！！！,鲜水湾甄选,2026-05-22 19:33:02,图文笔记,未推广,441.0,35.0,11.0,0.0,0.0,0.0,2.0,2.0,0.0,0.0,0.0,0,无成交数据
69e87400000000001f006247,网购虾仁试水成功,菲菲上班吃什么,2026-04-23 13:30:07,图文笔记,未推广,441.0,40.0,13.0,0.0,0.0,0.0,2.0,2.0,0.0,0.0,0.0,0,无成交数据
6944bc2b000000001e03b50a,大虾脑袋碰到，回购已成定局,鲜水湾,2025-12-19 10:44:59,图文笔记,已推广,441.0,22.0,1.0,0.0,0.0,0.0,0.0,0.0,0.0,0.0,0.0,0,无成交数据
6a4a347b000000000803d1b7,69元的减脂餐，真的让我吃了一星期！！！,菲菲上班吃什么,2026-07-05 18:39:55,图文笔记,未推广,438.0,32.0,13.0,0.0,0.0,0.0,3.0,3.0,1.0,0.0,0.0,0,无成交数据
6a4677b100000000070272f3,我宣布！这一餐一包就是早八人独爱的减脂餐,菲菲上班吃什么,2026-07-02 22:37:37,图文笔记,已推广,438.0,23.0,13.0,0.0,0.0,0.0,1.0,1.0,1.0,0.0,0.0,0,无成交数据
6a1b8af9000000003502d219,我宣布这个是减脂期买过最成功的虾仁…,鲜水湾甄选,2026-05-31 09:12:25,图文笔记,未推广,438.0,19.0,13.0,0.0,0.0,0.0,3.0,3.0,0.0,0.0,0.0,0,无成交数据
6a5f41d6000000001f01e6a4,不是，这谁还去日料店啊,婉婉上班吃什么,2026-07-21 17:54:30,图文笔记,未推广,436.0,38.0,12.0,0.0,0.0,0.0,3.0,3.0,1.0,0.0,0.0,0,无成交数据
6a16c6f60000000007013189,早八打工人终于认真吃饭了😭,菲菲上班吃什么,2026-05-27 18:27:02,图文笔记,未推广,436.0,15.0,11.0,0.0,0.0,0.0,1.0,1.0,0.0,0.0,0.0,0,无成交数据
69bd56de000000001a034047,好奇减脂期你们每天都在吃什么？,鲜水湾,2026-03-20 22:17:02,图文笔记,未推广,436.0,45.0,3.0,0.0,0.0,0.0,0.0,0.0,0.0,0.0,0.0,0,无成交数据
6a15516900000000070291ac,说一个饱腹感强但巨低脂的吃法！！！,菲菲上班吃什么,2026-05-26 21:23:00,图文笔记,未推广,435.0,30.0,13.0,0.0,0.0,0.0,0.0,0.0,0.0,0.0,0.0,0,无成交数据
6a2a9518000000000702f96a,减脂期，打工人一周吃了7天虾仁后…,菲菲上班吃什么,2026-06-11 18:59:36,图文笔记,未推广,433.0,38.0,13.0,0.0,0.0,0.0,2.0,2.0,1.0,0.0,0.0,0,无成交数据
6935507a000000001f004707,双12抢购，整条三文鱼只要300多✅,鲜水湾,2025-12-07 18:01:30,图文笔记,已推广,433.0,23.0,4.0,0.0,0.0,0.0,0.0,0.0,0.0,0.0,0.0,0,无成交数据
691d3244000000001e022987,我承认它是冷冻虾，但口感依旧吊打活虾,鲜水湾,2025-11-19 10:58:12,图文笔记,已推广,433.0,18.0,2.0,0.0,0.0,0.0,0.0,0.0,0.0,0.0,0.0,0,无成交数据
698404a5000000001a02515f,区区300块！承包管理期一个月晚餐🍣,鲜水湾,2026-02-05 10:47:01,图文笔记,已推广,431.0,18.0,6.0,0.0,0.0,0.0,1.0,1.0,0.0,0.0,0.0,0,无成交数据
6a228fd700000000360034b0,同事总说我天天吃虾仁也太奢侈了……,鲜水湾甄选,2026-06-05 16:59:03,图文笔记,已推广,430.0,21.0,9.0,0.0,0.0,0.0,6.0,5.0,0.0,0.0,0.0,0,无成交数据
69a3f84c000000002800bd4b,,鲜水湾,2026-03-01 16:26:52,图文笔记,未推广,429.0,31.0,12.0,0.0,0.0,0.0,6.0,5.0,0.0,0.0,0.0,0,无成交数据
69f014f0000000001a03505a,同事跟风囤虾仁，办公室人手一份😂,菲菲上班吃什么,2026-04-28 10:01:21,图文笔记,未推广,427.0,23.0,12.0,0.0,0.0,0.0,2.0,2.0,0.0,0.0,0.0,0,无成交数据
6a6d80cb0000000021023077,办公室午饭被问最多的，居然是一餐一包虾仁,鲜水湾甄选,2026-08-01 13:14:51,图文笔记,未推广,426.0,40.0,14.0,0.0,0.0,0.0,2.0,2.0,0.0,0.0,0.0,0,无成交数据
6a6b12f00000000032033ee7,沉浸式懒人减脂备菜，69块吃一周,鲜水湾甄选,2026-07-30 17:01:36,图文笔记,未推广,426.0,28.0,13.0,0.0,0.0,0.0,1.0,1.0,0.0,0.0,0.0,0,无成交数据
6a696580000000000f02850d,控体期别饿自己，我靠虾仁撑下来了！！！,鲜水湾甄选,2026-07-29 10:29:20,图文笔记,未推广,426.0,40.0,4.0,0.0,0.0,0.0,5.0,5.0,1.0,0.0,0.0,0,无成交数据
697c559a000000001a035ccc,过年给老爸老妈买的一整条三文鱼！,鲜水湾,2026-01-30 14:54:18,图文笔记,已推广,426.0,38.0,5.0,0.0,0.0,0.0,0.0,0.0,0.0,0.0,0.0,0,无成交数据
6a2558f9000000003501f391,天天带虾仁，同事问我月薪多少啊…,鲜水湾甄选,2026-06-07 21:28:01,图文笔记,未推广,425.0,30.0,14.0,0.0,0.0,0.0,3.0,3.0,0.0,0.0,0.0,0,无成交数据
69b63365000000001a02e736,和老爸一拍即合，专为早八人定制的小包装虾,婉婉上班吃什么,2026-03-15 12:19:49,图文笔记,未推广,425.0,27.0,12.0,0.0,0.0,0.0,4.0,4.0,1.0,0.0,0.0,0,无成交数据
6a195bbf0000000007027d1a,和爸妈商量后，推出夏日减脂一人食小包装…,菲菲上班吃什么,2026-05-29 18:35:04,图文笔记,未推广,424.0,28.0,14.0,0.0,0.0,0.0,3.0,3.0,2.0,0.0,0.0,0,无成交数据
6a180a01000000000602345a,减脂党吃完直接把奶茶戒掉了😭,菲菲上班吃什么,2026-05-28 17:25:21,图文笔记,未推广,424.0,33.0,12.0,0.0,0.0,0.0,1.0,1.0,0.0,0.0,0.0,0,无成交数据
6a1ec2c7000000003501e950,同事看我天天吃虾，还以为我伙食开销很高😭,鲜水湾甄选,2026-06-02 19:47:19,图文笔记,未推广,422.0,29.0,13.0,0.0,0.0,0.0,2.0,2.0,1.0,0.0,0.0,0,无成交数据
69e73dec000000001d018de6,别拿⛰️姆和我比，真的不够打！,鲜水湾甄选,2026-04-22 16:30:17,图文笔记,已推广,420.0,25.0,12.0,0.0,0.0,0.0,1.0,1.0,0.0,0.0,0.0,0,无成交数据
69ad37d10000000022021b93,热量比鸡胸肉低，今年的控体主食mvp ！！,小宅减脂餐,2026-03-08 16:48:17,图文笔记,未推广,419.0,31.0,5.0,0.0,0.0,0.0,0.0,0.0,0.0,0.0,0.0,0,无成交数据
6a64da21000000001302d652,感谢姐妹推荐！直接水煮超方便,婉婉上班吃什么,2026-07-25 23:45:37,图文笔记,未推广,418.0,40.0,17.0,0.0,0.0,0.0,3.0,2.0,0.0,0.0,0.0,0,无成交数据
69e742aa0000000023021866,不夸张，我在xhs买虾从未失手过！,鲜水湾甄选,2026-04-22 17:30:45,图文笔记,未推广,416.0,39.0,12.0,0.0,0.0,0.0,5.0,5.0,1.0,0.0,0.0,0,无成交数据
6a4c723200000000210202d9,专为学生党推出的一人食三文鱼🤤,鲜水湾,2026-07-07 11:27:46,图文笔记,已推广,415.0,35.0,9.0,0.0,0.0,0.0,5.0,5.0,1.0,0.0,0.0,0,无成交数据
6a59ea9a00000000060135b8,生活化控体日常，水煮虾仁太懂女生了,婉婉上班吃什么,2026-07-17 16:40:58,图文笔记,未推广,414.0,34.0,18.0,0.0,0.0,0.0,2.0,2.0,0.0,0.0,0.0,0,无成交数据
69367f13000000001f005aef,太喜欢小红书了！比山姆还实惠,鲜水湾,2025-12-08 15:32:35,图文笔记,未推广,414.0,26.0,3.0,0.0,0.0,0.0,0.0,0.0,0.0,0.0,0.0,0,无成交数据
692c5be5000000001e034283,怎么才能把大虾说的高大上一点？,鲜水湾,2025-11-30 22:59:49,视频笔记,未推广,412.0,142.0,4.0,0.0,0.0,0.0,0.0,0.0,0.0,0.0,0.0,0,无成交数据
69f9de74000000003501de6b,话不多说❗520之前必冲到100斤,鲜水湾甄选,2026-05-05 20:11:32,图文笔记,未推广,411.0,27.0,12.0,0.0,0.0,0.0,1.0,1.0,1.0,0.0,0.0,0,无成交数据
69184fc30000000005002e4b,有没有爱吃生蚝的宝子，不要邮费给你寄,鲜水湾,2025-11-15 18:02:43,图文笔记,未推广,411.0,51.0,1.0,0.0,0.0,0.0,0.0,0.0,0.0,0.0,0.0,0,无成交数据
6a1ecb24000000003503a05a,‼️适合打工人的大虾出现了，请按箱囤！！！,鲜水湾甄选,2026-06-02 21:22:01,图文笔记,未推广,410.0,24.0,12.0,0.0,0.0,0.0,2.0,2.0,1.0,0.0,0.0,0,无成交数据
6a1a42c10000000036001f32,减脂期被同事说，天天吃虾仁太奢侈！,鲜水湾甄选,2026-05-30 19:51:00,图文笔记,未推广,410.0,35.0,12.0,0.0,0.0,0.0,4.0,4.0,0.0,0.0,0.0,0,无成交数据
69c9ede20000000023006be4,不愧是挪威111厂出品！三文鱼墩墩也太绝了🤤,鲜水湾,2026-03-30 11:28:34,图文笔记,未推广,407.0,51.0,0.0,0.0,0.0,0.0,0.0,0.0,0.0,0.0,0.0,0,无成交数据
691536610000000005038349,一个撑死人，但热量很低的东西,鲜水湾,2025-11-13 09:37:37,图文笔记,未推广,406.0,27.0,5.0,0.0,0.0,0.0,0.0,0.0,0.0,0.0,0.0,0,无成交数据
69d20194000000002202919a,劝所有减脂人：别在超市原价买虾了,鲜水湾,2026-04-05 14:30:44,图文笔记,未推广,405.0,34.0,1.0,0.0,0.0,0.0,10.0,10.0,1.0,0.0,0.0,0,无成交数据
6a40e7a80000000007012023,你永远可以相信一个减脂人的选择！！,菲菲上班吃什么,2026-06-28 17:21:44,图文笔记,未推广,404.0,26.0,14.0,0.0,0.0,0.0,1.0,1.0,0.0,0.0,0.0,0,无成交数据
6a1011a70000000007012d3e,早八减脂人离不开它🥹,菲菲上班吃什么,2026-05-22 17:59:03,图文笔记,未推广,404.0,39.0,11.0,0.0,0.0,0.0,1.0,1.0,0.0,0.0,0.0,0,无成交数据
694b9383000000001e02b06a,一个能撑s人但热量很低的东西。。。,鲜水湾,2025-12-24 15:17:23,图文笔记,未推广,404.0,36.0,5.0,0.0,0.0,0.0,0.0,0.0,0.0,0.0,0.0,0,无成交数据
699e752d000000002203985a,初九开始还债了,鲜水湾甄选,2026-02-25 12:06:06,图文笔记,未推广,402.0,46.0,6.0,0.0,0.0,0.0,0.0,0.0,0.0,0.0,0.0,0,无成交数据
6a7190d6000000003301a58d,网购虾仁测评✅,小宅减脂餐,2026-08-04 15:12:22,图文笔记,未推广,401.0,78.0,6.0,0.0,0.0,0.0,0.0,0.0,0.0,0.0,0.0,0,无成交数据
69e876960000000020039f02,"这样是不是""精致穷""",菲菲上班吃什么,2026-04-23 14:30:09,图文笔记,未推广,399.0,26.0,12.0,0.0,0.0,0.0,2.0,2.0,2.0,0.0,0.0,0,无成交数据
6a33bb59000000002201b064,夏日减脂真不贵，69承包我一周减脂餐！,鲜水湾甄选,2026-06-18 17:33:13,图文笔记,未推广,398.0,11.0,12.0,0.0,0.0,0.0,2.0,2.0,0.0,0.0,0.0,0,无成交数据
693fce0e000000001f00760a,和老爸商量了，69.9💰3斤先给大家尝尝,鲜水湾,2025-12-15 16:59:58,图文笔记,未推广,398.0,41.0,3.0,0.0,0.0,0.0,0.0,0.0,0.0,0.0,0.0,0,无成交数据
69460b52000000001e024646,爱你老己！一个人也可以吃的健康又便宜,鲜水湾,2025-12-20 10:34:58,图文笔记,已推广,396.0,25.0,1.0,0.0,0.0,0.0,0.0,0.0,0.0,0.0,0.0,0,无成交数据
692fd4c1000000001f00cf8c,区区300+，承包了我整个秋天的减脂餐,鲜水湾,2025-12-03 14:12:17,图文笔记,未推广,395.0,53.0,4.0,0.0,0.0,0.0,0.0,0.0,0.0,0.0,0.0,0,无成交数据
69cb8e39000000001e00c97a,我家的无保水剂虾仁，什么时候能被看到,鲜水湾,2026-03-31 17:04:57,图文笔记,未推广,394.0,19.0,13.0,0.0,0.0,0.0,7.0,7.0,1.0,0.0,0.0,0,无成交数据
69ca0afd000000001f004ac1,是谁还没有吃过三文鱼墩墩🥹,鲜水湾,2026-03-30 13:32:45,图文笔记,未推广,394.0,45.0,0.0,0.0,0.0,0.0,0.0,0.0,0.0,0.0,0.0,0,无成交数据
69afc301000000000601d071,热知识：虾仁吃撑了也不会胖！,婉婉上班吃什么,2026-03-10 15:06:41,图文笔记,未推广,394.0,19.0,9.0,0.0,0.0,0.0,0.0,0.0,0.0,0.0,0.0,0,无成交数据
6932a29d000000001e0213f6,我妈说：你就41r一直卖，总会出单的,鲜水湾,2025-12-05 17:15:09,图文笔记,已推广,394.0,39.0,4.0,0.0,0.0,0.0,3.0,2.0,0.0,0.0,0.0,0,无成交数据
6a799519000000003300d332,和粉丝商讨后，决定上架控体一人食小包装✨,鲜水湾,2026-08-10 17:08:41,图文笔记,未推广,392.0,32.0,17.0,0.0,0.0,0.0,7.0,6.0,0.0,0.0,0.0,0,无成交数据
691eb91c000000001f00afde,爸妈对于我每天吃大虾表示很奢侈,鲜水湾,2025-11-20 14:45:48,图文笔记,未推广,392.0,36.0,2.0,0.0,0.0,0.0,0.0,0.0,0.0,0.0,0.0,0,无成交数据
6a5b2eed000000001d00edb5,区区70来块，承包了我一个月减脂的快乐,菲菲上班吃什么,2026-07-18 15:44:45,图文笔记,未推广,390.0,22.0,13.0,0.0,0.0,0.0,1.0,1.0,0.0,0.0,0.0,0,无成交数据
69b0fa6e00000000050325e0,控卡期夜宵自由！吃肉还不胖的秘密🤫,鲜水湾,2026-03-11 13:15:26,图文笔记,未推广,390.0,37.0,11.0,0.0,0.0,0.0,6.0,6.0,2.0,0.0,0.0,0,无成交数据
69b7c1a7000000001f002a7e,下个月发工资我要再买30袋,鲜水湾,2026-03-16 16:39:03,图文笔记,已推广,388.0,26.0,11.0,0.0,0.0,0.0,5.0,4.0,0.0,0.0,0.0,0,无成交数据
697f4056000000001a023974,2026年春节礼盒备好了,鲜水湾,2026-02-01 20:00:22,图文笔记,已推广,383.0,27.0,6.0,0.0,0.0,0.0,0.0,0.0,0.0,0.0,0.0,0,无成交数据
6979c73c000000001a0353a3,16+8吃了两周水煮虾后……,鲜水湾,2026-01-28 16:22:20,图文笔记,已推广,383.0,49.0,3.0,0.0,0.0,0.0,0.0,0.0,0.0,0.0,0.0,0,无成交数据
6a1993450000000008027bd2,夏天上班就这么吃，裤子都穿不住了,鲜水湾,2026-05-29 21:23:17,图文笔记,未推广,381.0,39.0,17.0,0.0,0.0,0.0,4.0,4.0,0.0,0.0,0.0,0,无成交数据
6a3cd9db000000002101610d,和老爸深思熟虑后，为早八人推出小包装试试,菲菲上班吃什么,2026-06-25 15:33:47,图文笔记,已推广,380.0,21.0,13.0,0.0,0.0,0.0,4.0,2.0,0.0,0.0,0.0,0,无成交数据
6a58e0e5000000001d022244,谁懂啊😭60块独立小包装虾仁承包我一周快乐,菲菲上班吃什么,2026-07-16 21:47:17,图文笔记,未推广,378.0,17.0,0.0,0.0,0.0,0.0,0.0,0.0,0.0,0.0,0.0,0,无成交数据
6a5389510000000007026eb5,独居女夏日减脂，69吃一周轻食餐！,菲菲上班吃什么,2026-07-12 20:32:17,图文笔记,未推广,375.0,23.0,15.0,0.0,0.0,0.0,3.0,3.0,0.0,0.0,0.0,0,无成交数据
6a6723bf000000001303ead3,和老爸商量后，上架了减脂人独爱的小包装,鲜水湾,2026-07-27 17:24:15,图文笔记,未推广,373.0,37.0,16.0,0.0,0.0,0.0,4.0,3.0,0.0,0.0,0.0,0,无成交数据
6a1a466e0000000008001622,被办公室同事问爆，69一周的减脂虾仁❗️,菲菲上班吃什么,2026-05-30 17:23:01,图文笔记,未推广,373.0,12.0,12.0,0.0,0.0,0.0,4.0,3.0,2.0,0.0,0.0,0,无成交数据
6a5e2ba6000000001d021dc0,终于在家吃上轻食同款了！巨简单！！,菲菲上班吃什么,2026-07-20 22:07:34,图文笔记,未推广,372.0,10.0,14.0,0.0,0.0,0.0,1.0,1.0,0.0,0.0,0.0,0,无成交数据
6a5dd9e50000000010026636,和老爸商量后，推出独居姐妹专属一人食,菲菲上班吃什么,2026-07-20 16:18:45,图文笔记,未推广,371.0,14.0,14.0,0.0,0.0,0.0,2.0,2.0,0.0,0.0,0.0,0,无成交数据
6a125e8a000000003501e773,上班族午餐省钱秘诀😭比外卖便宜多了,鲜水湾甄选,2026-05-24 13:28:00,图文笔记,未推广,371.0,19.0,13.0,0.0,0.0,0.0,1.0,1.0,0.0,0.0,0.0,0,无成交数据
6a351d010000000008026850,我妈让我赶紧宣传，控体大虾不能断！,菲菲上班吃什么,2026-06-19 18:42:09,图文笔记,未推广,370.0,17.0,13.0,0.0,0.0,0.0,3.0,2.0,1.0,0.0,0.0,0,无成交数据
693bc2f0000000001e03b9ab,我妈让我抓紧宣传下，40来块一斤还包邮,鲜水湾,2025-12-12 15:23:28,图文笔记,未推广,367.0,25.0,3.0,0.0,0.0,0.0,0.0,0.0,0.0,0.0,0.0,0,无成交数据
69858763000000001a02617a,因为这碗三文鱼，我在办公室出名了,鲜水湾,2026-02-06 14:17:07,图文笔记,已推广,364.0,32.0,6.0,0.0,0.0,0.0,0.0,0.0,0.0,0.0,0.0,0,无成交数据
6a4f2f27000000000702008d,爸说：真的低估69块的购买力了！,菲菲上班吃什么,2026-07-09 13:18:31,图文笔记,未推广,361.0,15.0,14.0,0.0,0.0,0.0,3.0,3.0,1.0,0.0,0.0,0,无成交数据
69e7355000000000230204e4,女孩们，吃饭的首要任务，是吃够100g蛋白质！,鲜水湾甄选,2026-04-22 14:30:09,图文笔记,未推广,361.0,27.0,14.0,0.0,0.0,0.0,2.0,2.0,0.0,0.0,0.0,0,无成交数据
6a5e1eee0000000009036987,再也不用反复解冻了！专为一人食设计小包装,菲菲上班吃什么,2026-07-20 21:13:18,图文笔记,未推广,360.0,11.0,13.0,0.0,0.0,0.0,3.0,3.0,0.0,0.0,0.0,0,无成交数据
6a59c32e000000001002817b,减脂期带饭一个月，独立小包装简直太爽了！,菲菲上班吃什么,2026-07-17 13:52:46,图文笔记,未推广,358.0,18.0,15.0,0.0,0.0,0.0,2.0,2.0,0.0,0.0,0.0,0,无成交数据
6a16b970000000003502532f,减脂人的冰箱，区区100块搞定半个月减脂餐,鲜水湾甄选,2026-05-27 19:32:01,图文笔记,未推广,358.0,25.0,13.0,0.0,0.0,0.0,1.0,1.0,0.0,0.0,0.0,0,无成交数据
69a0ef0c0000000026033362,过来人的忠告！控体期就这么吃,小宅减脂餐,2026-02-27 09:10:36,图文笔记,未推广,357.0,23.0,1.0,0.0,0.0,0.0,0.0,0.0,0.0,0.0,0.0,0,无成交数据
693cc009000000001e026513,交换减脂餐~不要网图,鲜水湾,2025-12-13 09:23:21,图文笔记,未推广,355.0,32.0,1.0,0.0,0.0,0.0,0.0,0.0,0.0,0.0,0.0,0,无成交数据
691292660000000004007ce2,真的低估60多块的购买力，20多一斤赶紧冲,鲜水湾,2025-11-11 09:33:26,图文笔记,已推广,354.0,31.0,4.0,0.0,0.0,0.0,0.0,0.0,0.0,0.0,0.0,0,无成交数据
69897fe4000000002801ed74,讲真！自己像米其林大厨🧑‍🍳,鲜水湾,2026-02-09 14:34:12,图文笔记,已推广,353.0,30.0,5.0,0.0,0.0,0.0,0.0,0.0,0.0,0.0,0.0,0,无成交数据
6a183fca000000003501db1e,早八人！！吃完直接把奶茶戒掉了😭,鲜水湾甄选,2026-05-28 22:09:01,图文笔记,未推广,351.0,14.0,15.0,0.0,0.0,0.0,0.0,0.0,0.0,0.0,0.0,0,无成交数据
6a1841230000000007028ce4,听爸妈的话，安排上一人食独立小包装🤩,菲菲上班吃什么,2026-05-28 21:20:35,图文笔记,未推广,350.0,32.0,14.0,0.0,0.0,0.0,7.0,5.0,1.0,0.0,0.0,0,无成交数据
69ffd157000000003502464e,原来低脂餐也能吃这么爽😭,鲜水湾甄选,2026-05-10 08:29:11,图文笔记,未推广,349.0,31.0,12.0,0.0,0.0,0.0,3.0,3.0,0.0,0.0,0.0,0,无成交数据
6921cbae000000001e030d05,太香了！60几块就能解决一周减脂餐,鲜水湾,2025-11-22 22:41:50,图文笔记,未推广,348.0,19.0,4.0,0.0,0.0,0.0,0.0,0.0,0.0,0.0,0.0,0,无成交数据
69708897000000001a0217f7,马上过年了又该给老丈人送鲅鱼了,鲜水湾,2026-01-21 16:04:39,图文笔记,未推广,347.0,35.0,0.0,0.0,0.0,0.0,0.0,0.0,0.0,0.0,0.0,0,无成交数据
6a68766d000000001d02199c,馋嘴娃点名要吃的香煎三文鱼,鲜水湾,2026-07-28 17:29:17,图文笔记,未推广,345.0,29.0,5.0,0.0,0.0,0.0,2.0,1.0,0.0,0.0,0.0,0,无成交数据
69b10f88000000000c01404a,虾仁才是自律期首选！吃完毫无负罪感,婉婉上班吃什么,2026-03-11 14:45:28,图文笔记,未推广,345.0,26.0,13.0,0.0,0.0,0.0,2.0,1.0,0.0,0.0,0.0,0,无成交数据
69a7f805000000000d009847,当代减脂人的冰箱！无痛备菜！,鲜水湾,2026-03-04 17:14:46,图文笔记,未推广,341.0,26.0,12.0,0.0,0.0,0.0,5.0,3.0,1.0,0.0,0.0,0,无成交数据
6979df44000000002800ad3a,一代人有一代人的年货要买！,鲜水湾,2026-01-28 18:04:52,图文笔记,已推广,341.0,21.0,2.0,0.0,0.0,0.0,0.0,0.0,0.0,0.0,0.0,0,无成交数据
6a5f53dc000000000f011192,独居后才懂，一餐一包虾仁真是囤货神器！！！！,菲菲上班吃什么,2026-07-21 19:11:24,图文笔记,未推广,340.0,9.0,14.0,0.0,0.0,0.0,0.0,0.0,0.0,0.0,0.0,0,无成交数据
69cca8950000000023007bfe,瘦子同事带的饭一天比一天离谱…,婉婉上班吃什么,2026-04-01 13:09:41,图文笔记,未推广,338.0,28.0,14.0,0.0,0.0,0.0,1.0,1.0,0.0,0.0,0.0,0,无成交数据
69b39fe2000000001b0214eb,轻食界最严厉的母亲…🤫,婉婉上班吃什么,2026-03-13 13:25:54,图文笔记,未推广,337.0,38.0,11.0,0.0,0.0,0.0,3.0,3.0,0.0,0.0,0.0,0,无成交数据
697b2834000000000d008a39,今年走亲戚别送奶了❗️送这鱼备有面儿,鲜水湾,2026-01-29 17:28:20,图文笔记,已推广,336.0,31.0,4.0,0.0,0.0,0.0,0.0,0.0,0.0,0.0,0.0,0,无成交数据
69b7cb750000000022025334,唯一的缺点：✂️脂期吃不停😭😭,婉婉上班吃什么,2026-03-16 17:20:53,图文笔记,未推广,335.0,17.0,9.0,0.0,0.0,0.0,0.0,0.0,0.0,0.0,0.0,0,无成交数据
693cfb90000000001f00793f,我q。。。😳小红书给的券也太大了吧,鲜水湾,2025-12-13 13:37:20,图文笔记,已推广,335.0,22.0,5.0,0.0,0.0,0.0,1.0,1.0,0.0,0.0,0.0,0,无成交数据
69a001bb0000000026032b8f,年后控体？优质蛋白还得是它啊！！,小宅减脂餐,2026-02-26 16:18:03,图文笔记,未推广,334.0,25.0,2.0,0.0,0.0,0.0,0.0,0.0,0.0,0.0,0.0,0,无成交数据
69f9bae3000000001b023f84,这69块一周减脂餐！我直接大吃特吃！！！,菲菲上班吃什么,2026-05-05 17:39:47,图文笔记,未推广,333.0,22.0,12.0,0.0,0.0,0.0,2.0,2.0,0.0,0.0,0.0,0,无成交数据
6936e236000000001e033d69,一个很变态，但可以瘦的方法,鲜水湾,2025-12-08 22:35:34,视频笔记,未推广,333.0,137.0,4.0,0.0,0.0,0.0,0.0,0.0,0.0,0.0,0.0,0,无成交数据
6a5ce0630000000009036ec8,不敢相信😱100块承包了我十顿轻食餐,菲菲上班吃什么,2026-07-19 22:34:11,图文笔记,未推广,332.0,19.0,13.0,0.0,0.0,0.0,0.0,0.0,0.0,0.0,0.0,0,无成交数据
6a3df83a000000000f014e37,吃了半个多月的虾仁，发现才花了100多！,鲜水湾甄选,2026-06-26 11:55:38,图文笔记,已推广,331.0,11.0,14.0,0.0,0.0,0.0,1.0,1.0,0.0,0.0,0.0,0,无成交数据
697c6ecc000000000d0096f2,过年初次见家长🏠你就买这个三文鱼保证有面,鲜水湾,2026-01-30 16:41:48,视频笔记,已推广,331.0,82.0,1.0,0.0,0.0,0.0,0.0,0.0,0.0,0.0,0.0,0,无成交数据
6a3a79900000000007025135,直观展示一下100元的购买力！,菲菲上班吃什么,2026-06-23 21:41:01,图文笔记,已推广,330.0,19.0,13.0,0.0,0.0,0.0,8.0,6.0,1.0,0.0,0.0,0,无成交数据
6976c763000000001a02bd8d,区区300块承包了我一个月的低脂餐,鲜水湾,2026-01-26 09:46:11,图文笔记,已推广,330.0,26.0,5.0,0.0,0.0,0.0,0.0,0.0,0.0,0.0,0.0,0,无成交数据
693be0e4000000001e0245e6,瘦都是我应得的,鲜水湾,2025-12-12 17:31:16,图文笔记,未推广,330.0,28.0,1.0,0.0,0.0,0.0,0.0,0.0,0.0,0.0,0.0,0,无成交数据
69231eff000000001e022941,一个能撑死人，但热量很低的东西,鲜水湾,2025-11-23 22:49:35,图文笔记,已推广,330.0,29.0,3.0,0.0,0.0,0.0,0.0,0.0,0.0,0.0,0.0,0,无成交数据
6a195600000000003503b231,打工人🤔不想再吃科技与狠活外卖？？？,鲜水湾甄选,2026-05-29 18:16:02,图文笔记,未推广,328.0,22.0,13.0,0.0,0.0,0.0,0.0,0.0,0.0,0.0,0.0,0,无成交数据
69c3447b0000000023014a7e,现在人严重低估了100块的购买力,鲜水湾,2026-03-25 10:12:11,图文笔记,未推广,328.0,42.0,4.0,0.0,0.0,0.0,0.0,0.0,0.0,0.0,0.0,0,无成交数据
69f2bfe0000000001e00fd23,出了小包装之后，太适合上班带饭了,菲菲上班吃什么,2026-04-30 10:35:12,图文笔记,未推广,327.0,24.0,13.0,0.0,0.0,0.0,3.0,3.0,1.0,0.0,0.0,0,无成交数据
6a4b47910000000021023982,独居后才懂，一人食独立小包装真的很爽！！！,菲菲上班吃什么,2026-07-06 14:13:37,图文笔记,未推广,325.0,22.0,16.0,0.0,0.0,0.0,5.0,4.0,0.0,0.0,0.0,0,无成交数据
6a475434000000000f0076ce,后来才发现，100块就能搞定一周减脂餐,鲜水湾甄选,2026-07-03 14:18:28,图文笔记,已推广,324.0,22.0,15.0,0.0,0.0,0.0,2.0,2.0,1.0,0.0,0.0,0,无成交数据
6a689a09000000000f004561,带饭坚持下来，打工人真的离不开这一餐,鲜水湾甄选,2026-07-28 20:01:13,图文笔记,未推广,319.0,25.0,14.0,0.0,0.0,0.0,2.0,2.0,1.0,0.0,0.0,0,无成交数据
6a5f253c0000000013027675,今年坠成功的消费降级，69吃一周！！！！,菲菲上班吃什么,2026-07-21 15:52:28,图文笔记,未推广,318.0,6.0,14.0,0.0,0.0,0.0,1.0,1.0,0.0,0.0,0.0,0,无成交数据
6a1550250000000007028b1a,减脂人的冰箱，区区100块搞定半个月减脂餐,菲菲上班吃什么,2026-05-26 20:32:01,图文笔记,未推广,318.0,20.0,13.0,0.0,0.0,0.0,0.0,0.0,0.0,0.0,0.0,0,无成交数据
6986a039000000000d00af7f,100块的购买力越来越刷新我的认知了！,鲜水湾,2026-02-07 10:15:21,图文笔记,已推广,318.0,34.0,5.0,0.0,0.0,0.0,0.0,0.0,0.0,0.0,0.0,0,无成交数据
69440341000000001e0324e8,上班搭子推荐的！掉秤期真有用,鲜水湾,2025-12-18 21:36:01,图文笔记,已推广,317.0,27.0,2.0,0.0,0.0,0.0,0.0,0.0,0.0,0.0,0.0,0,无成交数据
6a17014d0000000035020669,姐妹们别乱买了！69元能吃一周轻食了！！！,鲜水湾甄选,2026-05-27 22:35:57,图文笔记,未推广,316.0,15.0,13.0,0.0,0.0,0.0,0.0,0.0,0.0,0.0,0.0,0,无成交数据
6a16f5a20000000006022169,吃过这个无保水虾仁，再也看不上普通虾仁了,鲜水湾,2026-05-27 21:46:10,图文笔记,已推广,316.0,26.0,18.0,0.0,0.0,0.0,4.0,3.0,0.0,0.0,0.0,0,无成交数据
6a0ad4a60000000006033b5e,减脂党狂喜！69冰箱囤满一周！！,菲菲上班吃什么,2026-05-18 22:26:01,图文笔记,未推广,315.0,21.0,11.0,0.0,0.0,0.0,2.0,2.0,0.0,0.0,0.0,0,无成交数据
697c77e3000000001a01d1b3,过年就备这个大虾招待亲朋好友吧！,鲜水湾,2026-01-30 17:20:35,图文笔记,已推广,313.0,17.0,4.0,0.0,0.0,0.0,0.0,0.0,0.0,0.0,0.0,0,无成交数据
69b3fe8e000000001b0229ea,和老爸商量好了！专为一人食姐妹出减脂小包,鲜水湾,2026-03-13 20:09:50,图文笔记,未推广,309.0,18.0,11.0,0.0,0.0,0.0,5.0,5.0,0.0,0.0,0.0,0,无成交数据
69be5232000000001e00ef47,自己赚钱后真的在报复性吃虾吃到撑！,婉婉上班吃什么,2026-03-21 16:09:22,图文笔记,已推广,308.0,28.0,13.0,0.0,0.0,0.0,3.0,3.0,0.0,0.0,0.0,0,无成交数据
69ae94e4000000002801d845,盛明兰，你是陪我吃饭最多的人,鲜水湾,2026-03-09 17:37:40,图文笔记,已推广,308.0,21.0,3.0,0.0,0.0,0.0,0.0,0.0,0.0,0.0,0.0,0,无成交数据
69a69084000000000e00e583,我悟了！原来虾仁才是减脂界的天花板！,鲜水湾,2026-03-03 15:40:52,图文笔记,未推广,306.0,11.0,9.0,0.0,0.0,0.0,2.0,2.0,0.0,0.0,0.0,0,无成交数据
6a26bcf10000000006020a26,听劝，减脂期的姐妹不要乱买虾仁啦！！！！,菲菲上班吃什么,2026-06-08 21:50:01,图文笔记,未推广,305.0,14.0,12.0,0.0,0.0,0.0,1.0,1.0,0.0,0.0,0.0,0,无成交数据
6937e457000000001e038158,越吃越瘦的快乐，是整条三文鱼给的,鲜水湾,2025-12-09 16:56:55,图文笔记,已推广,304.0,19.0,5.0,0.0,0.0,0.0,0.0,0.0,0.0,0.0,0.0,0,无成交数据
69108c100000000005033662,别再说60💰几块不经花！这购买力绝了,鲜水湾,2025-11-09 20:41:52,图文笔记,已推广,304.0,20.0,1.0,0.0,0.0,0.0,0.0,0.0,0.0,0.0,0.0,0,无成交数据
6a4b5643000000000f01c914,独居一人食，终于有人做100g小包装了,鲜水湾甄选,2026-07-06 15:16:19,图文笔记,未推广,303.0,17.0,13.0,0.0,0.0,0.0,4.0,4.0,2.0,0.0,0.0,0,无成交数据
69f484fe000000001a02ef9c,近期在小红书花的最值的69元🍤,菲菲上班吃什么,2026-05-01 18:48:30,图文笔记,未推广,303.0,10.0,12.0,0.0,0.0,0.0,2.0,2.0,1.0,0.0,0.0,0,无成交数据
6a6c5aaa0000000032023f99,和老妈商量一下，推出虾仁减脂小包装！,鲜水湾甄选,2026-07-31 16:19:54,图文笔记,未推广,302.0,15.0,13.0,0.0,0.0,0.0,1.0,1.0,0.0,0.0,0.0,0,无成交数据
6a4f8bd2000000002103c28f,独居，真的别让大包装劝退一人食了,菲菲上班吃什么,2026-07-09 19:53:54,图文笔记,未推广,302.0,10.0,14.0,0.0,0.0,0.0,2.0,2.0,2.0,0.0,0.0,0,无成交数据
69a4ffa10000000028022ff2,和老爸商量，专为独居人定制了小包装,鲜水湾,2026-03-02 11:10:25,图文笔记,已推广,302.0,14.0,9.0,0.0,0.0,0.0,0.0,0.0,0.0,0.0,0.0,0,无成交数据
6a50cce6000000000702762d,打工人的控体餐，真的不用每天想吃什么,菲菲上班吃什么,2026-07-10 18:43:50,图文笔记,未推广,298.0,16.0,13.0,0.0,0.0,0.0,0.0,0.0,0.0,0.0,0.0,0,无成交数据
69f45e600000000023015477,减脂人带饭都方便了！！！,菲菲上班吃什么,2026-05-01 16:03:45,图文笔记,未推广,298.0,23.0,12.0,0.0,0.0,0.0,0.0,0.0,0.0,0.0,0.0,0,无成交数据
697851bc000000001a021612,年夜饭夯爆了的都有啥？,鲜水湾,2026-01-27 13:48:44,图文笔记,未推广,298.0,28.0,1.0,0.0,0.0,0.0,0.0,0.0,0.0,0.0,0.0,0,无成交数据
692beb46000000001e021366,女孩们！真别小瞧这70块💰的威力,鲜水湾,2025-11-30 14:59:18,图文笔记,未推广,296.0,16.0,3.0,0.0,0.0,0.0,0.0,0.0,0.0,0.0,0.0,0,无成交数据
6a71599c000000002201625f,打工人原来贵的不是虾仁，是每天点外卖,鲜水湾甄选,2026-08-04 11:16:44,图文笔记,未推广,293.0,14.0,13.0,0.0,0.0,0.0,2.0,2.0,0.0,0.0,0.0,0,无成交数据
6a26a2570000000036001845,不敢相信😱100块承包了我十顿轻食餐…,鲜水湾甄选,2026-06-08 19:07:03,图文笔记,未推广,292.0,29.0,14.0,0.0,0.0,0.0,4.0,4.0,0.0,0.0,0.0,0,无成交数据
69b3abcc000000001f002e67,连吃了7天大虾，感受到它的威力了,鲜水湾,2026-03-13 14:16:44,图文笔记,已推广,292.0,31.0,1.0,0.0,0.0,0.0,3.0,3.0,0.0,0.0,0.0,0,无成交数据
6984530c000000001a0347a5,长期吃三文鱼的代价就是。。。,鲜水湾,2026-02-05 16:21:32,图文笔记,已推广,288.0,41.0,4.0,0.0,0.0,0.0,0.0,0.0,0.0,0.0,0.0,0,无成交数据
6a79685000000000330098c0,善良使我定价300/条，但凡不好吃回来真实我,鲜水湾,2026-08-10 13:57:36,图文笔记,未推广,287.0,27.0,14.0,0.0,0.0,0.0,9.0,6.0,1.0,0.0,0.0,0,无成交数据
699e8ce5000000002602e691,年前管不住嘴的姐妹们有福了！,小宅减脂餐,2026-02-25 13:47:17,图文笔记,未推广,287.0,16.0,3.0,0.0,0.0,0.0,0.0,0.0,0.0,0.0,0.0,0,无成交数据
69ae6a310000000022033fb7,为什么我宁愿天天吃虾仁也不愿喝蛋白粉？,鲜水湾甄选,2026-03-09 14:35:29,图文笔记,已推广,286.0,21.0,10.0,0.0,0.0,0.0,1.0,1.0,0.0,0.0,0.0,0,无成交数据
6a4c6f64000000002100a401,谁懂啊😭60块独立小包装虾仁承包我一周快乐,菲菲上班吃什么,2026-07-07 11:15:48,图文笔记,未推广,282.0,12.0,13.0,0.0,0.0,0.0,2.0,2.0,0.0,0.0,0.0,0,无成交数据
6a41037100000000060343a6,早八人5分钟便当，同事以为我点外卖😎,菲菲上班吃什么,2026-06-28 19:20:17,图文笔记,未推广,282.0,13.0,13.0,0.0,0.0,0.0,0.0,0.0,0.0,0.0,0.0,0,无成交数据
6a3214b5000000000f004d09,跟老爸商量后，决定推出独居姐妹小包装虾仁,鲜水湾甄选,2026-06-17 11:29:57,图文笔记,已推广,281.0,23.0,14.0,0.0,0.0,0.0,2.0,2.0,0.0,0.0,0.0,0,无成交数据
69a28994000000002801ca50,答应我，年后控体就吃这个手剥大虾仁！！,鲜水湾,2026-02-28 14:22:12,图文笔记,未推广,280.0,13.0,2.0,0.0,0.0,0.0,0.0,0.0,0.0,0.0,0.0,0,无成交数据
6a58c897000000001b01ea7f,办公室午饭被问最多的，居然是一餐一包虾仁,菲菲上班吃什么,2026-07-16 20:03:35,图文笔记,未推广,279.0,14.0,1.0,0.0,0.0,0.0,2.0,2.0,0.0,0.0,0.0,0,无成交数据
693bfb81000000001f007f38,大家有没有百吃不厌的减脂餐啊？,鲜水湾,2025-12-12 19:24:49,图文笔记,未推广,279.0,26.0,5.0,0.0,0.0,0.0,0.0,0.0,0.0,0.0,0.0,0,无成交数据
69e9adf10000000022025f7a,五一减脂搭子 | 一人食小包装🤩,菲菲上班吃什么,2026-04-24 17:01:19,图文笔记,未推广,278.0,30.0,12.0,0.0,0.0,0.0,1.0,1.0,0.0,0.0,0.0,0,无成交数据
69e98ff0000000001f0019a3,老爹让我通知一下，60+承包您一周轻食,菲菲上班吃什么,2026-04-24 21:30:14,图文笔记,未推广,277.0,16.0,13.0,0.0,0.0,0.0,2.0,2.0,0.0,0.0,0.0,0,无成交数据
694ff17d000000001e032ce6,区区300多，承包了我一个月的减脂餐,鲜水湾,2025-12-27 22:47:25,图文笔记,已推广,275.0,15.0,6.0,0.0,0.0,0.0,1.0,1.0,0.0,0.0,0.0,0,无成交数据
6923ca43000000001e030372,告别练后饿到暴食！健身女的蛋白补给已就位,鲜水湾,2025-11-24 11:00:19,图文笔记,已推广,275.0,26.0,3.0,0.0,0.0,0.0,1.0,1.0,0.0,0.0,0.0,0,无成交数据
690eb4c9000000000400296d,自从碱脂买了这个大虾，一个月省好几百！,鲜水湾,2025-11-08 11:11:05,图文笔记,已推广,275.0,19.0,2.0,0.0,0.0,0.0,0.0,0.0,0.0,0.0,0.0,0,无成交数据
6a69bb1d000000000f028e36,夏日减脂真不贵，69承包我一周减脂餐！,鲜水湾甄选,2026-07-29 16:34:37,图文笔记,未推广,274.0,18.0,14.0,0.0,0.0,0.0,1.0,1.0,0.0,0.0,0.0,0,无成交数据
6a3e6ad8000000000f005015,区区69💰居然够我自律期吃一周了！,鲜水湾甄选,2026-06-26 20:04:40,图文笔记,未推广,273.0,12.0,13.0,0.0,0.0,0.0,0.0,0.0,0.0,0.0,0.0,0,无成交数据
6916d634000000000401469b,70块承包打工人半月午餐，这虾比外卖强多了,鲜水湾,2025-11-14 15:11:48,图文笔记,未推广,273.0,27.0,3.0,0.0,0.0,0.0,0.0,0.0,0.0,0.0,0.0,0,无成交数据
6a1012ba0000000008002bcf,减脂餐终于不是水煮菜了🤣,菲菲上班吃什么,2026-05-22 20:24:01,图文笔记,未推广,272.0,19.0,11.0,0.0,0.0,0.0,1.0,1.0,0.0,0.0,0.0,0,无成交数据
6a5dff16000000001d02020f,我妈让我赶紧宣传，控体虾仁不能断！！！,菲菲上班吃什么,2026-07-20 18:57:26,图文笔记,未推广,271.0,14.0,14.0,0.0,0.0,0.0,0.0,0.0,0.0,0.0,0.0,0,无成交数据
6925c1a9000000001e03b8a8,向全世界安利我减脂期经常回购的大虾,鲜水湾,2025-11-25 22:48:09,图文笔记,未推广,269.0,20.0,3.0,0.0,0.0,0.0,0.0,0.0,0.0,0.0,0.0,0,无成交数据
690d7e7d000000000700a650,以为60💰很贵，结果够我一周减脂餐了！,鲜水湾甄选,2025-11-07 13:07:09,图文笔记,已推广,268.0,26.0,1.0,0.0,0.0,0.0,0.0,0.0,0.0,0.0,0.0,0,无成交数据
6a4671040000000008026236,我妈说：你真会吃，一餐一包虾仁午饭赢麻了！,菲菲上班吃什么,2026-07-02 22:09:08,图文笔记,已推广,266.0,20.0,15.0,0.0,0.0,0.0,2.0,2.0,0.0,0.0,0.0,0,无成交数据
6a339253000000001101a0a9,真别低估了100来块的购买力，够吃半个月了,鲜水湾甄选,2026-06-18 14:38:11,图文笔记,已推广,266.0,12.0,14.0,0.0,0.0,0.0,0.0,0.0,0.0,0.0,0.0,0,无成交数据
6a4e2a8b00000000070133d4,我宣布！独居人一餐一包是减脂餐的天花板！！！,菲菲上班吃什么,2026-07-08 18:46:35,图文笔记,未推广,263.0,12.0,14.0,0.0,0.0,0.0,0.0,0.0,0.0,0.0,0.0,0,无成交数据
6a36685b000000000800205f,315之后，每天100斤虾仁都不够卖的😭,菲菲上班吃什么,2026-06-20 19:48:01,图文笔记,已推广,263.0,28.0,10.0,0.0,0.0,0.0,2.0,2.0,1.0,0.0,0.0,0,无成交数据
6a312d1800000000060369f9,😭上班带虾仁，被说“炫富”！,菲菲上班吃什么,2026-06-16 19:01:44,图文笔记,已推广,262.0,7.0,12.0,0.0,0.0,0.0,0.0,0.0,0.0,0.0,0.0,0,无成交数据
6a744b7e0000000033009be2,应该没人能拒绝三文鱼这份减脂早餐吧,菲菲上班吃什么,2026-08-06 16:53:18,图文笔记,未推广,261.0,28.0,11.0,0.0,0.0,0.0,3.0,3.0,0.0,0.0,0.0,0,无成交数据
6a5b542d000000000f013dc2,减脂期后发现，100块真能吃半个月虾仁,菲菲上班吃什么,2026-07-18 18:23:41,图文笔记,未推广,260.0,9.0,13.0,0.0,0.0,0.0,0.0,0.0,0.0,0.0,0.0,0,无成交数据
6a5782a20000000021009643,独居党终于有独立小包装，一餐一包的虾仁了,菲菲上班吃什么,2026-07-15 20:52:50,图文笔记,未推广,259.0,9.0,13.0,0.0,0.0,0.0,1.0,1.0,0.0,0.0,0.0,0,无成交数据
698988d3000000000d00b5bf,和老爸商量后，推出专属早八人的小包装,鲜水湾,2026-02-09 15:12:19,图文笔记,已推广,259.0,20.0,1.0,0.0,0.0,0.0,0.0,0.0,0.0,0.0,0.0,0,无成交数据
69e9b41a0000000023012d95,我家真是拿虾仁当饭吃的，而且喜欢水煮,鲜水湾甄选,2026-04-24 08:01:07,图文笔记,未推广,258.0,12.0,13.0,0.0,0.0,0.0,3.0,3.0,0.0,0.0,0.0,0,无成交数据
6a4cef7a0000000007020124,天爷啊，我居然开始期待每天中午开饭了！！,菲菲上班吃什么,2026-07-07 20:22:18,图文笔记,未推广,257.0,13.0,15.0,0.0,0.0,0.0,0.0,0.0,0.0,0.0,0.0,0,无成交数据
6a2ffd930000000022014ebb,区区69💰居然够我自律期吃一周了！！,菲菲上班吃什么,2026-06-15 21:26:43,图文笔记,未推广,256.0,12.0,12.0,0.0,0.0,0.0,0.0,0.0,0.0,0.0,0.0,0,无成交数据
69f1652500000000220294bd,带饭的尽头…真的是懒人饭,菲菲上班吃什么,2026-04-29 09:55:49,图文笔记,未推广,256.0,28.0,12.0,0.0,0.0,0.0,1.0,1.0,0.0,0.0,0.0,0,无成交数据
6911558000000000040108e2,原以为不便宜，其实60多三斤大虾太过瘾！,鲜水湾,2025-11-10 11:01:20,图文笔记,已推广,256.0,20.0,3.0,0.0,0.0,0.0,1.0,1.0,0.0,0.0,0.0,0,无成交数据
6a0940390000000036003ef7,打工人的工作餐，终于又一次100斤了🥹,鲜水湾甄选,2026-05-17 17:12:02,图文笔记,未推广,253.0,11.0,11.0,0.0,0.0,0.0,1.0,1.0,0.0,0.0,0.0,0,无成交数据
6a19506a0000000036000ae3,打工人午饭被这虾仁承包了……,鲜水湾甄选,2026-05-29 16:38:02,图文笔记,未推广,252.0,18.0,12.0,0.0,0.0,0.0,2.0,1.0,1.0,0.0,0.0,0,无成交数据
69f85d96000000001b022f2d,减脂期蛋白质天花板！69直接吃够一整周,菲菲上班吃什么,2026-05-04 16:49:26,图文笔记,未推广,252.0,14.0,12.0,0.0,0.0,0.0,2.0,2.0,0.0,0.0,0.0,0,无成交数据
6916a3e5000000000401338e,区区60+，承包了一周的轻食餐,鲜水湾,2025-11-14 11:37:09,图文笔记,未推广,252.0,21.0,3.0,0.0,0.0,0.0,0.0,0.0,0.0,0.0,0.0,0,无成交数据
6a38dd51000000002100a600,同事看我天天吃虾，还以为我伙食开销很高😭,菲菲上班吃什么,2026-06-22 14:59:29,图文笔记,未推广,251.0,15.0,12.0,0.0,0.0,0.0,1.0,1.0,0.0,0.0,0.0,0,无成交数据
6a24dfd500000000210236b1,上班带饭被同事围观一个月！没想到so了13斤！,菲菲上班吃什么,2026-06-07 11:04:53,图文笔记,未推广,251.0,12.0,14.0,0.0,0.0,0.0,0.0,0.0,0.0,0.0,0.0,0,无成交数据
69a2fcd80000000028008332,感受到健身后吃高蛋白的杀伤力了,鲜水湾,2026-02-28 22:34:00,图文笔记,未推广,251.0,26.0,3.0,0.0,0.0,0.0,0.0,0.0,0.0,0.0,0.0,0,无成交数据
6a744439000000002201219f,应粉丝要求，推出了减脂虾仁小包装！！！！,鲜水湾甄选,2026-08-06 16:22:17,图文笔记,未推广,249.0,16.0,14.0,0.0,0.0,0.0,1.0,1.0,1.0,0.0,0.0,0,无成交数据
6a39292700000000220176ef,奉劝大家不要低估 69 块的购买力！,菲菲上班吃什么,2026-06-22 20:23:03,图文笔记,未推广,247.0,12.0,12.0,0.0,0.0,0.0,0.0,0.0,0.0,0.0,0.0,0,无成交数据
6a73df3e000000002701e4a0,2026消费觉醒，69块居然能实现虾仁自由!,菲菲上班吃什么,2026-08-06 09:11:26,图文笔记,未推广,245.0,24.0,15.0,0.0,0.0,0.0,4.0,4.0,2.0,0.0,0.0,0,无成交数据
6a093dbd0000000006033243,69囤的虾仁，居然让我开始做饭了🤣,菲菲上班吃什么,2026-05-17 20:25:03,图文笔记,未推广,245.0,9.0,11.0,0.0,0.0,0.0,0.0,0.0,0.0,0.0,0.0,0,无成交数据
6a3e27e80000000007026b1c,减脂期连吃15天小包装虾仁后，我真香了,菲菲上班吃什么,2026-06-26 15:19:04,图文笔记,已推广,244.0,18.0,5.0,0.0,0.0,0.0,0.0,0.0,0.0,0.0,0.0,0,无成交数据
691a8ff8000000000402b2b6,不愧是10w网友认证过的减重餐？？太绝了‼️,鲜水湾,2025-11-17 11:01:12,图文笔记,已推广,242.0,22.0,2.0,0.0,0.0,0.0,0.0,0.0,0.0,0.0,0.0,0,无成交数据
6913498d0000000004003e56,60多块的购买力解决上班族十天的优质蛋白,鲜水湾,2025-11-11 22:34:53,图文笔记,已推广,241.0,21.0,4.0,0.0,0.0,0.0,0.0,0.0,0.0,0.0,0.0,0,无成交数据
690f64e500000000040016dd,60多块的购买力解决打工人十天的优质蛋白,鲜水湾,2025-11-08 23:42:29,图文笔记,已推广,241.0,15.0,3.0,0.0,0.0,0.0,0.0,0.0,0.0,0.0,0.0,0,无成交数据
69b139ae000000000600af35,没人觉得上班带饭减肥真的很省钱吗,鲜水湾,2026-03-11 17:45:18,图文笔记,未推广,238.0,26.0,4.0,0.0,0.0,0.0,3.0,3.0,1.0,0.0,0.0,0,无成交数据
699fd576000000001a020e66,年后控体，我就这样吃！,鲜水湾,2026-02-26 13:09:11,图文笔记,未推广,237.0,16.0,2.0,0.0,0.0,0.0,0.0,0.0,0.0,0.0,0.0,0,无成交数据
6a4b190e0000000006023fac,谁懂！60块独立小包装虾仁，承包我一周减脂餐,菲菲上班吃什么,2026-07-06 10:55:10,图文笔记,未推广,235.0,13.0,14.0,0.0,0.0,0.0,0.0,0.0,0.0,0.0,0.0,0,无成交数据
69f43e210000000023005e98,区区69块，没想到够我吃一周了,菲菲上班吃什么,2026-05-01 13:46:09,图文笔记,未推广,235.0,6.0,12.0,0.0,0.0,0.0,0.0,0.0,0.0,0.0,0.0,0,无成交数据
69a27887000000001a03020d,减脂带饭太香了！一周掉6斤还省500块,鲜水湾,2026-02-28 13:09:27,图文笔记,未推广,233.0,39.0,5.0,0.0,0.0,0.0,0.0,0.0,0.0,0.0,0.0,0,无成交数据
6981b845000000001a01d18b,爸妈对于我每天吃虾表示很奢侈！,鲜水湾,2026-02-03 16:56:37,图文笔记,已推广,233.0,26.0,3.0,0.0,0.0,0.0,0.0,0.0,0.0,0.0,0.0,0,无成交数据
6a4faf8f000000002200a863,同事以为我天天吃虾很贵，其实真不是,菲菲上班吃什么,2026-07-09 22:26:23,图文笔记,未推广,232.0,9.0,15.0,0.0,0.0,0.0,0.0,0.0,0.0,0.0,0.0,0,无成交数据
69f412660000000022025f7f,同事家尝了一口…囤了一冰箱！！！,菲菲上班吃什么,2026-05-01 10:39:34,图文笔记,未推广,231.0,12.0,12.0,0.0,0.0,0.0,2.0,2.0,0.0,0.0,0.0,0,无成交数据
69115c820000000004013603,真心建议身材管理期的姐妹试试我家的大虾,鲜水湾,2025-11-10 11:31:14,图文笔记,已推广,231.0,12.0,2.0,0.0,0.0,0.0,0.0,0.0,0.0,0.0,0.0,0,无成交数据
69ba0b0c00000000280087fb,现在的年轻人真的低估了60来块的购买力！,鲜水湾,2026-03-18 10:16:44,图文笔记,未推广,230.0,15.0,11.0,0.0,0.0,0.0,2.0,2.0,0.0,0.0,0.0,0,无成交数据
698c1349000000002801ff47,今年不送烟酒了！整条三文鱼，长辈都说太高级,鲜水湾,2026-02-11 13:27:37,图文笔记,已推广,229.0,19.0,5.0,0.0,0.0,0.0,0.0,0.0,0.0,0.0,0.0,0,无成交数据
6a2f9fa3000000000f02ae25,谁敢信这是100💰的购买力！！！,鲜水湾甄选,2026-06-15 14:45:55,图文笔记,未推广,226.0,16.0,13.0,0.0,0.0,0.0,3.0,3.0,0.0,0.0,0.0,0,无成交数据
69e88beb0000000023027ba2,凭一己之力带动办公室买了十份虾仁,鲜水湾甄选,2026-04-23 16:30:17,图文笔记,未推广,226.0,11.0,12.0,0.0,0.0,0.0,1.0,1.0,0.0,0.0,0.0,0,无成交数据
6a24f6c4000000002202b70f,爸妈对于我每天吃虾仁表示很奢侈😭…,鲜水湾甄选,2026-06-07 12:42:44,图文笔记,未推广,225.0,17.0,13.0,0.0,0.0,0.0,6.0,3.0,1.0,0.0,0.0,0,无成交数据
6a55cfd40000000007026250,一餐一包100g，减脂期打工人真的会需要！！！,菲菲上班吃什么,2026-07-14 13:57:40,图文笔记,未推广,223.0,12.0,14.0,0.0,0.0,0.0,0.0,0.0,0.0,0.0,0.0,0,无成交数据
69abc58d000000001a030f4f,听劝！控体期吃主食就选大虾仁🍤,鲜水湾,2026-03-07 14:28:29,图文笔记,未推广,220.0,13.0,12.0,0.0,0.0,0.0,1.0,1.0,0.0,0.0,0.0,0,无成交数据
69e87a69000000002003b2af,吃了15天虾的后果。。。,菲菲上班吃什么,2026-04-23 16:30:17,图文笔记,未推广,219.0,22.0,13.0,0.0,0.0,0.0,0.0,0.0,0.0,0.0,0.0,0,无成交数据
69e9ac68000000002301e570,话不多说，五一前务必拿下100J😍,菲菲上班吃什么,2026-04-24 16:00:32,图文笔记,未推广,217.0,12.0,13.0,0.0,0.0,0.0,1.0,1.0,0.0,0.0,0.0,0,无成交数据
69c0eb590000000020039b45,发现人减脂真的花不了几个钱,鲜水湾,2026-03-23 15:27:21,图文笔记,未推广,216.0,12.0,10.0,0.0,0.0,0.0,1.0,1.0,0.0,0.0,0.0,0,无成交数据
69f1a7f1000000001f002572,70块搞定一周上班带饭🥹被虾仁省麻了,菲菲上班吃什么,2026-04-29 14:40:49,图文笔记,未推广,215.0,16.0,12.0,0.0,0.0,0.0,0.0,0.0,0.0,0.0,0.0,0,无成交数据
6950881b000000001e0355a5,轻松征服所有三文鱼脑袋🐟～,鲜水湾,2025-12-28 09:30:03,图文笔记,未推广,214.0,16.0,8.0,0.0,0.0,0.0,0.0,0.0,0.0,0.0,0.0,0,无成交数据
6a3e5aab000000002103c18a,控体期你不吃虾仁，你糊涂啊！！,菲菲上班吃什么,2026-06-26 18:55:39,图文笔记,已推广,211.0,13.0,14.0,0.0,0.0,0.0,0.0,0.0,0.0,0.0,0.0,0,无成交数据
6a471d030000000007021640,区区69元，承包了我一星期的减脂餐✅,菲菲上班吃什么,2026-07-03 10:22:59,图文笔记,已推广,205.0,17.0,15.0,0.0,0.0,0.0,0.0,0.0,0.0,0.0,0.0,0,无成交数据
690e0ba400000000040036d1,70块💰承包半月夜宵，这虾比泡面还值！,鲜水湾,2025-11-07 23:09:24,图文笔记,已推广,205.0,16.0,4.0,0.0,0.0,0.0,0.0,0.0,0.0,0.0,0.0,0,无成交数据
6a72e4690000000033036817,,鲜水湾,2026-08-05 15:21:13,图文笔记,未推广,202.0,15.0,2.0,0.0,0.0,0.0,4.0,2.0,0.0,0.0,0.0,0,无成交数据
691d8a01000000001f00e76d,吃完一箱接着一箱！边吃边叟的快乐谁懂！,鲜水湾,2025-11-19 17:12:33,图文笔记,已推广,202.0,13.0,3.0,0.0,0.0,0.0,0.0,0.0,0.0,0.0,0.0,0,无成交数据
6a154c15000000003501e5aa,公司微波炉坏了第三天，我反而吃得更开心,鲜水湾甄选,2026-05-26 18:46:00,图文笔记,未推广,195.0,19.0,12.0,0.0,0.0,0.0,1.0,1.0,0.0,0.0,0.0,0,无成交数据
69e9c3590000000011020000,带饭三个月，存了一万二,鲜水湾甄选,2026-04-24 15:30:12,图文笔记,未推广,195.0,14.0,13.0,0.0,0.0,0.0,4.0,2.0,1.0,0.0,0.0,0,无成交数据
6a2b784300000000350315e7,破防了...控体期以前点外卖，现在囤虾仁,鲜水湾甄选,2026-06-12 11:08:51,图文笔记,未推广,194.0,16.0,13.0,0.0,0.0,0.0,1.0,1.0,0.0,0.0,0.0,0,无成交数据
69e9c7170000000012012805,我爸：一人食你就不到一杯奶茶钱，肯定能爆,鲜水湾甄选,2026-04-24 16:30:19,图文笔记,未推广,194.0,15.0,13.0,0.0,0.0,0.0,0.0,0.0,0.0,0.0,0.0,0,无成交数据
6a57357900000000080018d8,独居党的冰箱，没想到救我的一餐一包虾仁,菲菲上班吃什么,2026-07-15 15:23:37,图文笔记,未推广,193.0,10.0,13.0,0.0,0.0,0.0,1.0,1.0,0.0,0.0,0.0,0,无成交数据
6a1011600000000008002423,69元让我戒掉轻食外卖😭,菲菲上班吃什么,2026-05-22 19:19:02,图文笔记,未推广,191.0,15.0,11.0,0.0,0.0,0.0,1.0,1.0,0.0,0.0,0.0,0,无成交数据
69b283f20000000006033c23,带饭的尽头…真的是免加热！🍤,鲜水湾,2026-03-12 17:14:26,图文笔记,未推广,191.0,13.0,9.0,0.0,0.0,0.0,1.0,1.0,0.0,0.0,0.0,0,无成交数据
69a41359000000000d009e6c,和老爸商量了，专为独居人定制专属小包装,鲜水湾,2026-03-01 18:22:17,图文笔记,已推广,188.0,12.0,9.0,0.0,0.0,0.0,2.0,2.0,0.0,0.0,0.0,0,无成交数据
69313a79000000001f008142,79块钱💰以为没多少，实际够我吃半个月,鲜水湾,2025-12-04 15:38:33,图文笔记,已推广,188.0,16.0,1.0,0.0,0.0,0.0,0.0,0.0,0.0,0.0,0.0,0,无成交数据
6a1e40b70000000008032e29,这也太适合减脂了吧😂刷剧嘴馋也不怕胖！,婉婉上班吃什么,2026-06-02 10:32:23,图文笔记,未推广,187.0,19.0,16.0,0.0,0.0,0.0,1.0,1.0,0.0,0.0,0.0,0,无成交数据
6a1693fc0000000035031e5f,说一个饱腹感强但巨低脂的吃法！自律没负担,鲜水湾甄选,2026-05-27 14:49:33,图文笔记,未推广,187.0,23.0,14.0,0.0,0.0,0.0,3.0,2.0,1.0,0.0,0.0,0,无成交数据
69e8804c000000001a02ecb0,谁懂啊！128承包我减脂期的所有蛋白质😭,菲菲上班吃什么,2026-04-23 17:30:44,图文笔记,未推广,187.0,11.0,12.0,0.0,0.0,0.0,0.0,0.0,0.0,0.0,0.0,0,无成交数据
6a12642700000000060362a6,奉劝大家不要低估69块的购买力！,菲菲上班吃什么,2026-05-24 20:36:01,图文笔记,未推广,186.0,15.0,12.0,0.0,0.0,0.0,0.0,0.0,0.0,0.0,0.0,0,无成交数据
69a58fe1000000002801fe1b,对比香蕉就知道！这虾仁真的大,鲜水湾,2026-03-02 21:25:53,图文笔记,未推广,186.0,11.0,8.0,0.0,0.0,0.0,1.0,1.0,0.0,0.0,0.0,0,无成交数据
69e989660000000021006715,又囤上了😂69块承包了一周的轻食餐,鲜水湾甄选,2026-04-23 18:00:54,图文笔记,未推广,185.0,13.0,12.0,0.0,0.0,0.0,0.0,0.0,0.0,0.0,0.0,0,无成交数据
6a180c79000000003501f0dd,等等！外卖重度患者居然开始自己带饭…,鲜水湾甄选,2026-05-28 17:35:53,图文笔记,未推广,184.0,11.0,14.0,0.0,0.0,0.0,0.0,0.0,0.0,0.0,0.0,0,无成交数据
69e877b30000000022027f5a,和老爸商量后，推出早八人独爱的小包装,菲菲上班吃什么,2026-04-23 15:30:11,图文笔记,未推广,184.0,7.0,14.0,0.0,0.0,0.0,0.0,0.0,0.0,0.0,0.0,0,无成交数据
69328cb8000000001f0062ce,马上元旦了，都来囤我家大虾吧！！,鲜水湾,2025-12-05 15:41:44,图文笔记,已推广,183.0,16.0,3.0,0.0,0.0,0.0,0.0,0.0,0.0,0.0,0.0,0,无成交数据
6a79997d0000000028002092,现在的年轻人对 100 块💰的购买力真的无感,菲菲上班吃什么,2026-08-10 17:27:25,图文笔记,未推广,180.0,10.0,16.0,0.0,0.0,0.0,0.0,0.0,0.0,0.0,0.0,0,无成交数据
6a4756d7000000000702081f,成功突破控体平台期，三文鱼上大分！,婉婉上班吃什么,2026-07-03 14:29:43,图文笔记,未推广,179.0,17.0,13.0,0.0,0.0,0.0,1.0,1.0,1.0,0.0,0.0,0,无成交数据
69a419b000000000280237c4,年后控体，我就这样吃！,鲜水湾,2026-03-01 18:49:20,图文笔记,未推广,177.0,17.0,8.0,0.0,0.0,0.0,2.0,1.0,0.0,0.0,0.0,0,无成交数据
6a239956000000002003812e,每天带饭最怕别人问： “你怎么天天吃这么好,菲菲上班吃什么,2026-06-06 11:51:50,图文笔记,已推广,176.0,15.0,16.0,0.0,0.0,0.0,1.0,1.0,0.0,0.0,0.0,0,无成交数据
6a0ebe8b0000000007020cbb,现在年轻人，严重低估了70块的购买力,菲菲上班吃什么,2026-05-21 19:48:01,图文笔记,未推广,176.0,17.0,11.0,0.0,0.0,0.0,3.0,2.0,1.0,0.0,0.0,0,无成交数据
6a2e5a110000000022018ba2,标练腿后的我，对虾仁彻底改观了,鲜水湾甄选,2026-06-14 20:36:01,图文笔记,已推广,175.0,10.0,12.0,0.0,0.0,0.0,0.0,0.0,0.0,0.0,0.0,0,无成交数据
691c87a3000000001e02bcd0,一周回购2/3次，老公让我多囤点,鲜水湾,2025-11-18 22:50:11,图文笔记,已推广,170.0,16.0,4.0,0.0,0.0,0.0,0.0,0.0,0.0,0.0,0.0,0,无成交数据
6a6ee788000000002c0070d5,100块解决打工人半个月的轻食餐！,鲜水湾甄选,2026-08-02 14:45:28,图文笔记,未推广,169.0,9.0,13.0,0.0,0.0,0.0,0.0,0.0,0.0,0.0,0.0,0,无成交数据
69b37018000000000601fe51,我也不想吃啊，可它69承包了我一周减脂餐🤣,鲜水湾,2026-03-13 10:02:00,图文笔记,未推广,166.0,17.0,5.0,0.0,0.0,0.0,2.0,2.0,1.0,0.0,0.0,0,无成交数据
691837c30000000004017464,连不爱网购的老妈都催我囤大虾！,鲜水湾,2025-11-15 16:20:19,图文笔记,已推广,166.0,11.0,1.0,0.0,0.0,0.0,0.0,0.0,0.0,0.0,0.0,0,无成交数据
6a7abb03000000003301f2f2,其实，300 块能吃一个月的三文鱼😎,鲜水湾,2026-08-11 14:02:43,图文笔记,未推广,165.0,18.0,12.0,0.0,0.0,0.0,12.0,9.0,2.0,0.0,0.0,0,无成交数据
69f49a73000000001f002229,瘦子同事的带饭日常，真的越来越离谱了…,菲菲上班吃什么,2026-05-01 20:20:03,图文笔记,未推广,165.0,6.0,12.0,0.0,0.0,0.0,0.0,0.0,0.0,0.0,0.0,0,无成交数据
6a7a82f900000000050233f1,因为我一个人，带动了全办公室集体囤大虾🦐,鲜水湾,2026-08-11 10:03:37,图文笔记,未推广,164.0,12.0,3.0,0.0,0.0,0.0,1.0,1.0,0.0,0.0,0.0,0,无成交数据
6a1ce86f000000003501f30c,打工人带饭被它轻松拿捏……,鲜水湾甄选,2026-06-01 10:03:27,图文笔记,未推广,163.0,13.0,13.0,0.0,0.0,0.0,0.0,0.0,0.0,0.0,0.0,0,无成交数据
69b25c1f000000000601dab8,每天变着花样做饭 哄自己开心😋,鲜水湾,2026-03-12 14:24:31,图文笔记,未推广,162.0,18.0,6.0,0.0,0.0,0.0,0.0,0.0,0.0,0.0,0.0,0,无成交数据
6a50e0b9000000000803159f,减脂期，打工人带饭靠独立小包装虾仁续命……,菲菲上班吃什么,2026-07-10 20:08:25,图文笔记,未推广,161.0,7.0,14.0,0.0,0.0,0.0,2.0,1.0,0.0,0.0,0.0,0,无成交数据
69b03597000000000902206f,小红书上买的盐冻虾！已经加入无限回购清,鲜水湾,2026-03-10 23:15:35,图文笔记,未推广,159.0,15.0,3.0,0.0,0.0,0.0,2.0,2.0,0.0,0.0,0.0,0,无成交数据
6a3a3add0000000011005917,独居后才懂，虾仁独立小包装真的很爽！！！,鲜水湾甄选,2026-06-23 15:50:53,图文笔记,未推广,156.0,11.0,13.0,0.0,0.0,0.0,2.0,2.0,0.0,0.0,0.0,0,无成交数据
6a32829f000000000f030732,管理期，打工人被这个大虾狠狠拿捏了...,鲜水湾甄选,2026-06-17 20:18:04,图文笔记,未推广,156.0,10.0,15.0,0.0,0.0,0.0,1.0,1.0,0.0,0.0,0.0,0,无成交数据
6a50b6a6000000001102df78,69块的虾仁，承包了我一周的工作餐,鲜水湾甄选,2026-07-10 17:08:54,图文笔记,未推广,152.0,8.0,14.0,0.0,0.0,0.0,1.0,1.0,0.0,0.0,0.0,0,无成交数据
69a1579a000000001a02c7db,说一个撑死人但热量很低的东西,鲜水湾,2026-02-27 16:36:42,图文笔记,未推广,152.0,12.0,3.0,0.0,0.0,0.0,0.0,0.0,0.0,0.0,0.0,0,无成交数据
69a13fec000000000e03d4db,减脂界的天花板🦐… 低卡高蛋白的神仙食材‼️,鲜水湾,2026-02-27 14:55:40,图文笔记,未推广,152.0,12.0,3.0,0.0,0.0,0.0,0.0,0.0,0.0,0.0,0.0,0,无成交数据
6920750f000000001f00bac4,70块承包半月夜宵！这虾比泡面还值😭,鲜水湾,2025-11-21 22:19:59,图文笔记,已推广,151.0,12.0,4.0,0.0,0.0,0.0,0.0,0.0,0.0,0.0,0.0,0,无成交数据
6a100faf0000000036003639,我勒个豆！原来大家都有干净饮食的习惯！！！,鲜水湾甄选,2026-05-22 21:15:00,图文笔记,未推广,144.0,16.0,11.0,0.0,0.0,0.0,0.0,0.0,0.0,0.0,0.0,0,无成交数据
6a100f5d000000003600341d,也没人说！！69能吃一周🍤减脂餐！！,鲜水湾甄选,2026-05-22 20:10:05,图文笔记,未推广,137.0,10.0,11.0,0.0,0.0,0.0,0.0,0.0,0.0,0.0,0.0,0,无成交数据
69b216ac0000000006031681,以为69没多少😂实际够我吃一周了,鲜水湾,2026-03-12 09:28:12,图文笔记,未推广,137.0,22.0,5.0,0.0,0.0,0.0,1.0,1.0,0.0,0.0,0.0,0,无成交数据
6a2e59ea000000003502fb30,破防了！！姐妹们快去试试这个虾仁！！！ 😭,鲜水湾甄选,2026-06-14 15:59:01,图文笔记,未推广,136.0,6.0,12.0,0.0,0.0,0.0,0.0,0.0,0.0,0.0,0.0,0,无成交数据
6a23caa30000000021016d85,邪修减肥法！我就说网上能学到好东西…,菲菲上班吃什么,2026-06-06 15:22:11,图文笔记,未推广,135.0,8.0,13.0,0.0,0.0,0.0,0.0,0.0,0.0,0.0,0.0,0,无成交数据
6a093f34000000003502ce9a,独居后才知道虾仁有多香😭,鲜水湾甄选,2026-05-17 13:35:01,图文笔记,未推广,131.0,9.0,11.0,0.0,0.0,0.0,2.0,2.0,0.0,0.0,0.0,0,无成交数据
69b28d3b000000000600df7a,试过了，确实比鸡胸肉香！,婉婉上班吃什么,2026-03-12 17:54:03,图文笔记,未推广,131.0,17.0,8.0,0.0,0.0,0.0,2.0,2.0,0.0,0.0,0.0,0,无成交数据
69a29adb000000000e03ed32,讲真…手剥虾仁就是我控体期的大帮手！！,鲜水湾,2026-02-28 15:35:55,图文笔记,已推广,130.0,11.0,3.0,0.0,0.0,0.0,1.0,1.0,0.0,0.0,0.0,0,无成交数据
69ce7bfa000000001f001220,年轻人还是不能低估 69 块的购买力！,菲菲上班吃什么,2026-04-02 22:23:54,图文笔记,未推广,127.0,7.0,13.0,0.0,0.0,0.0,0.0,0.0,0.0,0.0,0.0,0,无成交数据
6a7a76fe000000003400dbea,这也太省钱了吧😂几十块承包半个月控体餐！,菲菲上班吃什么,2026-08-11 09:12:30,图文笔记,未推广,118.0,14.0,1.0,0.0,0.0,0.0,0.0,0.0,0.0,0.0,0.0,0,无成交数据
6a1ecb080000000022021991,减脂期标配！！！不到一杯奶茶钱！！！,鲜水湾甄选,2026-06-02 20:22:32,图文笔记,未推广,111.0,5.0,13.0,0.0,0.0,0.0,1.0,1.0,0.0,0.0,0.0,0,无成交数据
69a457ed000000001a0290ce,热量比鸡胸肉低，年后控体就吃它！,婉婉上班吃什么,2026-03-01 23:14:53,图文笔记,未推广,106.0,13.0,2.0,0.0,0.0,0.0,1.0,1.0,0.0,0.0,0.0,0,无成交数据
6a1b8c4600000000350278d0,早八打工人带饭省太多了😭,鲜水湾甄选,2026-05-31 11:40:03,图文笔记,未推广,101.0,3.0,12.0,0.0,0.0,0.0,0.0,0.0,0.0,0.0,0.0,0,无成交数据
6a4f9e760000000007013fc0,100g一包，终于有人替一人食考虑了😭,菲菲上班吃什么,2026-07-09 21:13:26,图文笔记,未推广,99.0,4.0,13.0,0.0,0.0,0.0,0.0,0.0,0.0,0.0,0.0,0,无成交数据
69bea386000000001b020dcd,邪修控体就是快！才吃一周…以为秤坏了！🤣,婉婉上班吃什么,2026-03-21 21:56:22,图文笔记,未推广,96.0,7.0,10.0,0.0,0.0,0.0,0.0,0.0,0.0,0.0,0.0,0,无成交数据
6a7aca47000000002500821b,爱吃飞鱼籽寿司的宝宝，有口福了,菲菲上班吃什么,2026-08-11 15:07:51,视频笔记,未推广,95.0,21.0,1.0,0.0,0.0,0.0,2.0,2.0,0.0,0.0,0.0,0,无成交数据
6a0d71e3000000003502f520,独居后才发现独立小包装虾仁这么实用😭,鲜水湾甄选,2026-05-20 20:30:26,图文笔记,未推广,79.0,6.0,11.0,0.0,0.0,0.0,0.0,0.0,0.0,0.0,0.0,0,无成交数据
6a7c230b000000003400f223,孕妈妈可以放心吃的北极甜虾🦐,菲菲上班吃什么,2026-08-12 15:38:51,视频笔记,未推广,78.0,15.0,3.0,0.0,0.0,0.0,6.0,2.0,0.0,0.0,0.0,0,无成交数据
69ad3fd1000000001a031f4b,热量比鸡胸肉低，今年的控体主食mvp ！！,鲜水湾,2026-03-08 17:22:25,图文笔记,未推广,61.0,7.0,10.0,0.0,0.0,0.0,0.0,0.0,0.0,0.0,0.0,0,无成交数据
69c0ae87000000001b023985,以为69没多少结果够我吃一周了🥹,菲菲上班吃什么,2026-03-23 11:07:51,图文笔记,已推广,57.0,10.0,12.0,0.0,0.0,0.0,1.0,1.0,0.0,0.0,0.0,0,无成交数据
69fd9c290000000035032eda,手剥虾仁69管一周？一人食瘦瘦餐,鲜水湾甄选,2026-05-08 16:17:45,图文笔记,未推广,44.0,6.0,12.0,0.0,0.0,0.0,0.0,0.0,0.0,0.0,0.0,0,无成交数据
69fd6d71000000003502ea41,夏天嘴馋？这一顿吃到撑也不怕🍲,鲜水湾甄选,2026-05-08 14:45:01,图文笔记,未推广,38.0,2.0,11.0,0.0,0.0,0.0,0.0,0.0,0.0,0.0,0.0,0,无成交数据
6a4771ca000000001102eb13,减脂期吃的最频繁的就是一餐一包的虾仁了,鲜水湾甄选,2026-07-03 16:24:42,图文笔记,未推广,36.0,5.0,13.0,0.0,0.0,0.0,0.0,0.0,0.0,0.0,0.0,0,无成交数据
69fef71f000000003501eaf3,下班10分钟搞定晚餐，比外卖快🍤,鲜水湾甄选,2026-05-09 20:56:01,图文笔记,未推广,32.0,5.0,13.0,0.0,0.0,0.0,0.0,0.0,0.0,0.0,0.0,0,无成交数据
6a154c510000000036002ecf,以为100块没多少，结果够我吃半个月,鲜水湾甄选,2026-05-26 19:49:01,图文笔记,未推广,29.0,11.0,0.0,0.0,0.0,0.0,0.0,0.0,0.0,0.0,0.0,0,无成交数据
6a140c2a0000000007027819,我宣布这是我减脂期买过的zui好的虾仁,菲菲上班吃什么,2026-05-25 20:44:01,图文笔记,未推广,23.0,4.0,0.0,0.0,0.0,0.0,0.0,0.0,0.0,0.0,0.0,0,无成交数据
6a154b520000000035022b0b,100块解决打工人半个月的轻食餐！,鲜水湾甄选,2026-05-26 17:24:01,图文笔记,未推广,21.0,11.0,0.0,0.0,0.0,0.0,0.0,0.0,0.0,0.0,0.0,0,无成交数据
6a1409e6000000000701100b,早八人上班带饭，惊动了整个办公室…,菲菲上班吃什么,2026-05-25 18:35:03,图文笔记,未推广,14.0,3.0,0.0,0.0,0.0,0.0,0.0,0.0,0.0,0.0,0.0,0,无成交数据
6a110b1e000000000702cf30,独居党真的会疯狂囤这种虾仁……,菲菲上班吃什么,2026-05-23 20:53:00,图文笔记,未推广,10.0,3.0,0.0,0.0,0.0,0.0,0.0,0.0,0.0,0.0,0.0,0,无成交数据
6a110ac100000000080273b4,健身餐有救了！这虾仁让我心甘情愿吃草,菲菲上班吃什么,2026-05-23 20:02:01,图文笔记,未推广,10.0,4.0,0.0,0.0,0.0,0.0,0.0,0.0,0.0,0.0,0.0,0,无成交数据
6a1108c60000000007025cd0,冰箱有它，懒人一周带饭不重样🍱,菲菲上班吃什么,2026-05-23 11:54:01,图文笔记,未推广,10.0,3.0,0.0,0.0,0.0,0.0,0.0,0.0,0.0,0.0,0.0,0,无成交数据
69cfdca8000000001a03797c,0鲜水湾·挪威冰鲜三文鱼刺身级食材生鱼片日,张姐小铺,2026-04-03 23:28:40,视频笔记,未推广,10.0,2.0,0.0,0.0,0.0,0.0,0.0,0.0,0.0,0.0,0.0,0,无成交数据
6a79a1da000000002402532e,请全国孕麻麻放心囤，没打一点药,鲜水湾甄选,2026-08-10 18:03:06,图文笔记,未推广,1075,37.0,15.0,0.0,0.0,0.0,7.0,4.0,2.0,0.0,0.0,0,无成交数据
6a75a643000000002800ac08,以为没多少，结果几十块够我吃一整周了😂,婉婉上班吃什么,2026-08-07 17:32:51,图文笔记,未推广,1231,61.0,16.0,0.0,0.0,0.0,7.0,5.0,1.0,0.0,0.0,0,无成交数据
6a743909000000000502299e,请全国孕麻麻，宝宝放心吃，没打一点药,鲜水湾,2026-08-06 15:34:33,图文笔记,未推广,1213,99.0,17.0,0.0,0.0,0.0,4.0,4.0,2.0,0.0,0.0,0,无成交数据
6a73fade000000002501478d,天热！真的要及时取件😩,鲜水湾,2026-08-06 11:09:18,图文笔记,未推广,2233,420.0,13.0,127.0,1.0,1.0,7.0,7.0,2.0,0.0,0.0,56.87,有成交
6a7301e0000000002202e292,我妈问：咱家虾仁 100 出头 10 包会有人买吗,鲜水湾,2026-08-05 17:26:56,图文笔记,未推广,1029,55.0,16.0,0.0,0.0,0.0,13.0,11.0,5.0,0.0,0.0,0,无成交数据
6a72e7220000000025015754,96斤 频繁吃蛋白质的代价,菲菲上班吃什么,2026-08-05 15:32:50,图文笔记,未推广,1136,73.0,16.0,0.0,0.0,0.0,6.0,6.0,0.0,0.0,0.0,0,无成交数据
6a72d1630000000035015503,请教教我无添加虾仁怎么在网上卖出去😂,鲜水湾,2026-08-05 14:00:03,图文笔记,未推广,1994,93.0,15.0,0.0,0.0,0.0,16.0,13.0,6.0,0.0,0.0,0,无成交数据
6a72cb62000000002202d167,以为连吃一周三文鱼很贵，实际才花 100+💰,鲜水湾,2026-08-05 13:34:26,图文笔记,已推广,3187,332.0,15.0,0.0,0.0,0.0,64.0,59.0,7.0,0.0,0.0,0,无成交数据
6a72b984000000003301afb7,100块解决我半个月的轻食餐！！！,鲜水湾甄选,2026-08-05 12:18:12,图文笔记,未推广,1142,100.0,16.0,0.0,0.0,0.0,8.0,8.0,1.0,0.0,0.0,0,无成交数据
6a71a762000000002c006a40,应粉丝要求，推出了减脂虾仁小包装！,鲜水湾甄选,2026-08-04 16:48:34,图文笔记,未推广,1090,60.0,13.0,0.0,0.0,0.0,4.0,4.0,1.0,0.0,0.0,0,无成交数据
6a71856b000000003300eec6,300块吃一月的减脂餐，减脂人可以抄作业,菲菲上班吃什么,2026-08-04 14:23:39,图文笔记,未推广,1188,140.0,2.0,113.0,1.0,1.0,17.0,13.0,2.0,0.0,0.0,95.12,有成交
6a717f36000000003301ed85,女孩子多吃蛋白质的含金量还在上升...,婉婉上班吃什么,2026-08-04 13:57:10,图文笔记,未推广,3230,377.0,16.0,64.0,1.0,1.0,26.0,24.0,6.0,0.0,0.0,19.81,有成交
6a7158d4000000002202f171,区区 300 多，囤够了我一个月的减脂餐,鲜水湾,2026-08-04 11:13:24,图文笔记,未推广,1519,94.0,15.0,666.0,2.0,2.0,28.0,24.0,5.0,0.0,0.0,438.45,有成交
6a709fe70000000032023212,手剥虾仁69管一周？一人食减脂餐,鲜水湾甄选,2026-08-03 22:04:23,图文笔记,未推广,1093,58.0,13.0,0.0,0.0,0.0,13.0,11.0,4.0,0.0,0.0,0,无成交数据
6a705037000000002402725c,原来吃的干净真的会瘦呀！！,鲜水湾甄选,2026-08-03 16:24:23,图文笔记,未推广,1150,71.0,14.0,0.0,0.0,0.0,7.0,6.0,0.0,0.0,0.0,0,无成交数据
6a6f2fd9000000002201361d,69块，把打工人的一人食减脂午饭安排明白了,鲜水湾甄选,2026-08-02 19:54:01,图文笔记,未推广,1048,63.0,13.0,0.0,0.0,0.0,6.0,4.0,0.0,0.0,0.0,0,无成交数据
6a6e0126000000002c002510,同事看我天天吃虾，还以为我伙食开销很高😭,鲜水湾甄选,2026-08-01 22:22:30,图文笔记,未推广,1910,132.0,20.0,0.0,0.0,0.0,24.0,22.0,7.0,0.0,0.0,0,无成交数据
6a6c92190000000029032c88,区区70来块，承包了我一个月减脂的快乐,鲜水湾甄选,2026-07-31 20:16:25,图文笔记,未推广,1076,56.0,15.0,0.0,0.0,0.0,10.0,10.0,1.0,0.0,0.0,0,无成交数据
6a6c43aa000000002202c083,网购 zui 好吃的虾仁（本人自封✅,菲菲上班吃什么,2026-07-31 14:41:46,图文笔记,未推广,1451,65.0,16.0,0.0,0.0,0.0,9.0,9.0,2.0,0.0,0.0,0,无成交数据
6a6c31430000000026035732,办公室午饭被追着问，全靠这减脂餐虾仁,鲜水湾甄选,2026-07-31 13:23:15,图文笔记,未推广,1065,69.0,14.0,0.0,0.0,0.0,12.0,11.0,2.0,0.0,0.0,0,无成交数据
6a6c123f0000000022015a91,减脂期的姐妹一定要试试这个清蒸鲈鱼,鲜水湾,2026-07-31 11:10:55,视频笔记,未推广,118379,7829,779.0,0.0,0.0,0.0,3.0,3.0,0.0,0.0,0.0,0,无成交数据
6a6b0d040000000025014a5d,孕期也可以吃的三文鱼,婉婉上班吃什么,2026-07-30 16:36:20,图文笔记,已推广,2816,337.0,13.0,0.0,0.0,0.0,25.0,23.0,4.0,0.0,0.0,0,无成交数据
6a6af446000000000f02bd5c,给爬坡姐妹讲一个热量低高蛋白的无保水虾仁,鲜水湾甄选,2026-07-30 14:50:46,图文笔记,未推广,1032,65.0,14.0,0.0,0.0,0.0,7.0,6.0,0.0,0.0,0.0,0,无成交数据
6a6af38200000000140076cc,管理期天天吃三文鱼？同事以为我暴富了……,鲜水湾,2026-07-30 14:47:30,图文笔记,已推广,1016,132.0,28.0,0.0,0.0,0.0,7.0,7.0,0.0,0.0,0.0,0,无成交数据
6a6ab94b000000001303da3b,不贵，118买1000g大包装，身材管理期爱了,菲菲上班吃什么,2026-07-30 10:39:07,图文笔记,未推广,1314,151.0,27.0,0.0,0.0,0.0,15.0,14.0,2.0,0.0,0.0,0,无成交数据
6a69df1d00000000110103f5,果然是邪修减脂餐，独居一顿一盒很方便,鲜水湾甄选,2026-07-29 19:08:13,图文笔记,未推广,1016,75.0,15.0,64.0,1.0,1.0,4.0,4.0,3.0,0.0,0.0,62.99,有成交
6a699657000000001c00d114,听劝！给宝宝吃三文鱼一定要熟吃,婉婉上班吃什么,2026-07-29 13:57:43,图文笔记,已推广,3804,455.0,11.0,184.0,2.0,2.0,21.0,18.0,3.0,0.0,0.0,48.37,有成交
6a69937e000000001101986c,教练说：女孩子多吃蛋白质的含金量还在上升…,鲜水湾甄选,2026-07-29 13:45:34,图文笔记,未推广,2188,212.0,29.0,68.0,1.0,1.0,42.0,33.0,3.0,0.0,0.0,31.08,有成交
6a68bcf9000000001400719c,同事天天问我带的虾仁便当，水煮3分钟就能吃,婉婉上班吃什么,2026-07-28 22:30:17,图文笔记,未推广,1144,152.0,18.0,68.0,1.0,1.0,15.0,12.0,4.0,0.0,0.0,59.44,有成交
6a68845e0000000011010cc6,轻食店卖你20一份，我60💰够你吃一月,鲜水湾甄选,2026-07-28 18:28:46,图文笔记,未推广,1475,111.0,22.0,0.0,0.0,0.0,17.0,16.0,4.0,0.0,0.0,0,无成交数据
6a684aab00000000110114d0,我也不想吃啊，可它69够我吃一周了😂,鲜水湾甄选,2026-07-28 14:22:35,图文笔记,未推广,1276,79.0,14.0,68.0,1.0,1.0,23.0,22.0,4.0,68.0,1.0,53.29,有成交
6a68160c000000001303cabd,凭一己之力，带动全公司吃虾仁！,婉婉上班吃什么,2026-07-28 10:38:04,图文笔记,未推广,1777,86.0,17.0,127.0,1.0,1.0,15.0,14.0,4.0,0.0,0.0,71.47,有成交
6a66a016000000001c00e0b9,其实68块够吃一周抗炎饮食晚餐了,婉婉上班吃什么,2026-07-27 08:02:30,图文笔记,未推广,10654,1297,42.0,249.0,3.0,3.0,102.0,93.0,23.0,0.0,0.0,23.37,有成交
6a6621ca0000000014007b1b,误以为吃虾很贵，结果100块吃了半个月😂,婉婉上班吃什么,2026-07-26 23:03:38,图文笔记,未推广,1348,82.0,17.0,0.0,0.0,0.0,12.0,12.0,1.0,0.0,0.0,0,无成交数据
6a661bf7000000001d020f57,懒人专属白灼大虾，省去剥壳的快乐,婉婉上班吃什么,2026-07-26 22:38:47,图文笔记,未推广,1259,70.0,14.0,68.0,1.0,1.0,4.0,4.0,1.0,0.0,0.0,54.01,有成交
6a660ee60000000010025d20,不贵，118买1000g大包装，减脂期爱了,婉婉上班吃什么,2026-07-26 21:43:02,图文笔记,未推广,2396,224.0,10.0,0.0,0.0,0.0,30.0,29.0,6.0,0.0,0.0,0,无成交数据
6a66068e000000001d00d760,减减期最善良的东西出现了,鲜水湾,2026-07-26 21:07:26,图文笔记,未推广,1900,205.0,16.0,0.0,0.0,0.0,26.0,26.0,3.0,0.0,0.0,0,无成交数据
6a65fbb80000000013025073,真的低估了300来块的购买力,鲜水湾,2026-07-26 20:21:12,图文笔记,已推广,1404,86.0,3.0,0.0,0.0,0.0,10.0,9.0,3.0,0.0,0.0,0,无成交数据
6a65c316000000000f03e5a0,减脂期打工人午饭，终于不用自己算大卡了,菲菲上班吃什么,2026-07-26 16:19:34,视频笔记,未推广,2804,2048,17.0,0.0,0.0,0.0,17.0,14.0,1.0,0.0,0.0,0,无成交数据
6a64be8b000000001f01e25a,和爸妈商量了，推出独居一人食小包装🍤,鲜水湾,2026-07-25 21:47:55,图文笔记,未推广,1300,111.0,17.0,0.0,0.0,0.0,16.0,13.0,3.0,0.0,0.0,0,无成交数据
6a6413bb0000000014004ee5,吃了一整个礼拜的减脂餐，才60多块,鲜水湾,2026-07-25 09:39:07,图文笔记,未推广,1152,117.0,17.0,0.0,0.0,0.0,6.0,6.0,1.0,0.0,0.0,0,无成交数据
6a637415000000001002ac1c,和老爸商量了，推出一人食控体小包装三文鱼,鲜水湾,2026-07-24 22:17:57,图文笔记,已推广,14486,1889,29.0,1033.9,12.0,12.0,292.0,260.0,60.0,130.0,2.0,71.37,有成交
6a6332b3000000001302d940,以为 69 没多少，结果承包了我一周上班带饭,婉婉上班吃什么,2026-07-24 17:38:59,图文笔记,未推广,1042,61.0,10.0,0.0,0.0,0.0,6.0,4.0,2.0,0.0,0.0,0,无成交数据
6a6327ae0000000013024e06,以为 300 多没多少，结果装了满满一冰箱,鲜水湾,2026-07-24 16:51:58,图文笔记,已推广,2325,112.0,15.0,365.0,1.0,1.0,22.0,21.0,3.0,0.0,0.0,156.99,有成交
6a61e78b000000000f03ea45,请孕妈妈放心吃，保证没打药,鲜水湾,2026-07-23 18:06:03,图文笔记,未推广,2572,238.0,14.0,0.0,0.0,0.0,14.0,13.0,2.0,0.0,0.0,0,无成交数据
6a61bf02000000001c00c601,打工人别再说减脂贵了！69块够吃一周！,鲜水湾,2026-07-23 15:13:06,图文笔记,未推广,1426,127.0,22.0,0.0,0.0,0.0,13.0,11.0,1.0,0.0,0.0,0,无成交数据
6a60938f00000000130250f1,奉劝大家不要低估100块的购买力，够吃半个月,鲜水湾,2026-07-22 17:55:27,图文笔记,未推广,1449,59.0,17.0,0.0,0.0,0.0,15.0,14.0,2.0,0.0,0.0,0,无成交数据
6a6088ea000000001c01331c,我发现，身型好的人都有一个饮食习惯,婉婉上班吃什么,2026-07-22 17:10:02,图文笔记,未推广,1061,86.0,18.0,0.0,0.0,0.0,9.0,9.0,0.0,0.0,0.0,0,无成交数据
6a606c66000000001003e07b,管理期反复回购！不咸不腥的虾仁🍤,鲜水湾甄选,2026-07-22 15:08:22,图文笔记,未推广,1103,69.0,15.0,0.0,0.0,0.0,12.0,10.0,1.0,0.0,0.0,0,无成交数据
6a6061a100000000140076f3,应粉丝要求，推出减脂一人食独立小包装,鲜水湾,2026-07-22 14:22:25,图文笔记,未推广,2068,134.0,18.0,0.0,0.0,0.0,28.0,22.0,6.0,0.0,0.0,0,无成交数据
6a5f31db000000001b01d45b,"一句""夏天不用开火做饭""，已售200多条了",鲜水湾,2026-07-21 16:46:19,图文笔记,已推广,1405,112.0,10.0,0.0,0.0,0.0,10.0,8.0,2.0,0.0,0.0,0,无成交数据
6a5f0235000000000c014538,带饭的尽头...真的是极简,婉婉上班吃什么,2026-07-21 13:23:01,图文笔记,未推广,1153,87.0,16.0,0.0,0.0,0.0,1.0,1.0,0.0,0.0,0.0,0,无成交数据
6a5ee3f7000000001303e3c1,请全网孕麻麻，宝宝放心吃，没打一点药,鲜水湾,2026-07-21 11:13:59,图文笔记,未推广,1268,86.0,16.0,64.0,1.0,1.0,12.0,11.0,2.0,0.0,0.0,50.47,有成交
6a5edf01000000000c01551e,夏天减脂真不贵，区区70够我吃一周了!,婉婉上班吃什么,2026-07-21 10:52:49,图文笔记,未推广,1706,134.0,18.0,0.0,0.0,0.0,8.0,7.0,2.0,0.0,0.0,0,无成交数据
6a5ecd4e000000001c00f119,吃了半个月虾仁，发现才花了60多！！,鲜水湾,2026-07-21 09:37:18,图文笔记,未推广,1278,52.0,15.0,0.0,0.0,0.0,8.0,8.0,1.0,0.0,0.0,0,无成交数据
6a5dc8f900000000060108a6,以前真低估100块了，换成虾仁能吃整整一个月,鲜水湾,2026-07-20 15:06:33,图文笔记,未推广,2251,144.0,18.0,132.0,2.0,2.0,35.0,28.0,5.0,0.0,0.0,58.64,有成交
6a5db74d000000000f00b08d,被办公室同事问爆，69一周的减脂虾仁❗️,菲菲上班吃什么,2026-07-20 13:51:09,视频笔记,未推广,4257,4358,32.0,518.0,6.0,6.0,72.0,69.0,13.0,0.0,0.0,121.68,有成交
6a5d95f900000000100241b4,终于找到Sam三文鱼的平替了,婉婉上班吃什么,2026-07-20 11:28:57,图文笔记,已推广,2444,262.0,10.0,0.0,0.0,0.0,40.0,34.0,11.0,0.0,0.0,0,无成交数据
6a5d80600000000010028263,大意了，真低估了100块的购买力😂,鲜水湾,2026-07-20 09:56:48,图文笔记,已推广,2665,151.0,17.0,0.0,0.0,0.0,72.0,65.0,9.0,0.0,0.0,0,无成交数据
6a5cdad5000000001302594e,忍不住就别忍了毕竟一条才300r！还包邮！,鲜水湾,2026-07-19 22:10:29,图文笔记,已推广,1438,89.0,10.0,0.0,0.0,0.0,16.0,16.0,4.0,0.0,0.0,0,无成交数据
6a5c766a000000001d020c16,打工人点外卖才发现，减脂餐真的很重要,菲菲上班吃什么,2026-07-19 15:02:02,图文笔记,未推广,1226,100.0,18.0,0.0,0.0,0.0,6.0,6.0,0.0,0.0,0.0,0,无成交数据
6a5b721f000000001b01f085,按照客户要求，推出不到100卡一人食小包装,菲菲上班吃什么,2026-07-18 20:31:27,图文笔记,未推广,1343,53.0,14.0,0.0,0.0,0.0,15.0,14.0,2.0,0.0,0.0,0,无成交数据
6a5a2ba6000000000a038e67,谁懂！60块独立小包装虾仁，承包我一周减脂餐,菲菲上班吃什么,2026-07-17 21:18:30,图文笔记,未推广,3156,280.0,19.0,127.0,1.0,1.0,25.0,25.0,1.0,0.0,0.0,40.24,有成交
6a59df90000000000e0377f1,唯一缺点…真的不能生吃,鲜水湾,2026-07-17 15:53:53,图文笔记,已推广,1782,114.0,12.0,0.0,0.0,0.0,54.0,49.0,9.0,0.0,0.0,0,无成交数据
6a588d4a000000001d022848,pxx对不起！我们xhs的虾仁赢麻了,鲜水湾,2026-07-16 15:50:34,图文笔记,未推广,1205,67.0,17.0,0.0,0.0,0.0,6.0,6.0,0.0,0.0,0.0,0,无成交数据
6a588693000000001302425e,全家控体期，虾仁就没断过货,婉婉上班吃什么,2026-07-16 15:21:55,图文笔记,未推广,1073,62.0,16.0,0.0,0.0,0.0,6.0,5.0,2.0,0.0,0.0,0,无成交数据
6a588101000000000f00b478,夏日控体真不贵！月薪3k照样实现虾仁自由🤩,菲菲上班吃什么,2026-07-16 14:58:09,图文笔记,未推广,1601,104.0,13.0,68.0,1.0,1.0,8.0,7.0,3.0,0.0,0.0,42.47,有成交
6a5755fc00000000080018f3,真心建议自律期的女孩都来试试这个虾仁！,婉婉上班吃什么,2026-07-15 17:42:20,图文笔记,未推广,1368,108.0,5.0,0.0,0.0,0.0,7.0,7.0,3.0,0.0,0.0,0,无成交数据
6a5735b00000000007025621,和老爸商量好，推出减脂人一周高蛋白💪,鲜水湾,2026-07-15 15:24:32,图文笔记,未推广,1344,66.0,17.0,66.48,1.0,1.0,11.0,9.0,4.0,0.0,0.0,49.46,有成交
6a56f9360000000021019de2,健身党运动后的，减脂三件套，绝了！ ！！,菲菲上班吃什么,2026-07-15 11:06:30,图文笔记,未推广,1057,85.0,13.0,0.0,0.0,0.0,15.0,12.0,2.0,0.0,0.0,0,无成交数据
6a565a0f000000002100a599,女孩们，千万别小瞧70块的购买力,婉婉上班吃什么,2026-07-14 23:47:27,图文笔记,未推广,5603,442.0,20.0,263.0,3.0,3.0,61.0,57.0,8.0,0.0,0.0,46.94,有成交
6a565672000000002103d5d9,和老妈商量后，推出打工人独爱的一周量虾仁,鲜水湾,2026-07-14 23:32:02,图文笔记,未推广,3334,319.0,24.0,268.0,4.0,4.0,47.0,43.0,7.0,68.0,1.0,80.38,有成交
6a5619610000000006035607,一次一袋，真的太适合独居一人食了！！！,菲菲上班吃什么,2026-07-14 19:11:29,图文笔记,未推广,1037,78.0,13.0,0.0,0.0,0.0,12.0,12.0,0.0,0.0,0.0,0,无成交数据
6a55f514000000001101360e,和老爸商量后，推出早八人独爱的小包装,鲜水湾甄选,2026-07-14 16:36:37,图文笔记,未推广,1485,103.0,17.0,68.0,1.0,1.0,16.0,15.0,2.0,0.0,0.0,45.79,有成交
6a55e71a000000000702728a,家里的冰箱都被这些三文鱼塞满了！,鲜水湾,2026-07-14 15:36:58,图文笔记,已推广,1036,69.0,12.0,0.0,0.0,0.0,17.0,14.0,3.0,0.0,0.0,0,无成交数据
6a55d62d0000000007027773,减脂期的我，一周吃100次的三文鱼,婉婉上班吃什么,2026-07-14 14:24:46,图文笔记,已推广,1058,112.0,18.0,63.0,1.0,1.0,13.0,13.0,2.0,0.0,0.0,59.55,有成交
6a55ce04000000002103f3d1,听劝...给孩子吃就买这种无保水虾仁🍤,鲜水湾,2026-07-14 13:49:56,图文笔记,未推广,1265,38.0,16.0,66.0,1.0,1.0,7.0,5.0,0.0,0.0,0.0,52.17,有成交
6a54e00b000000000702631a,和老爸商量后，推出早八人独爱的小包装,菲菲上班吃什么,2026-07-13 20:54:35,图文笔记,未推广,1800,160.0,18.0,0.0,0.0,0.0,24.0,22.0,5.0,0.0,0.0,0,无成交数据
6a54d7c40000000006030527,现在年轻人，严重低估了69的购买力！！！！,菲菲上班吃什么,2026-07-13 20:19:16,图文笔记,未推广,1045,79.0,14.0,0.0,0.0,0.0,7.0,6.0,1.0,0.0,0.0,0,无成交数据
6a54ca980000000021016389,我也不想吃啊，可它69够我吃一周了😂,菲菲上班吃什么,2026-07-13 19:23:04,图文笔记,未推广,1062,69.0,15.0,68.0,1.0,1.0,18.0,16.0,4.0,0.0,0.0,64.03,有成交
6a5497d200000000070237c0,我也不想买啊，但69块真的够我吃一周了,婉婉上班吃什么,2026-07-13 15:46:26,图文笔记,未推广,1162,114.0,19.0,64.0,1.0,1.0,13.0,12.0,1.0,0.0,0.0,55.08,有成交
6a548b62000000002003b763,听粉丝的话，我们把虾仁做成了一顿一袋,鲜水湾,2026-07-13 14:53:22,图文笔记,未推广,1269,100.0,15.0,0.0,0.0,0.0,14.0,13.0,4.0,0.0,0.0,0,无成交数据
6a547e000000000008027e1d,报告！这个三文鱼小包装也太适合一人食了,婉婉上班吃什么,2026-07-13 13:56:16,图文笔记,已推广,1335,108.0,16.0,0.0,0.0,0.0,25.0,21.0,7.0,0.0,0.0,0,无成交数据
6a54780600000000210227fb,我家的手剥虾仁，什么时候才能被更多人看到,鲜水湾,2026-07-13 13:30:46,图文笔记,未推广,1554,72.0,16.0,68.0,1.0,1.0,8.0,8.0,0.0,68.0,1.0,43.76,有成交
6a5452ef000000000702825d,和老爸商量后，推出了100g一袋的小包装虾仁,鲜水湾,2026-07-13 10:52:31,图文笔记,未推广,1138,71.0,9.0,0.0,0.0,0.0,11.0,11.0,0.0,0.0,0.0,0,无成交数据
6a53b5730000000008031b8d,奉劝现在的年轻人不要低估69块的购买力,婉婉上班吃什么,2026-07-12 23:40:35,图文笔记,未推广,5030,274.0,16.0,136.0,2.0,2.0,37.0,34.0,3.0,0.0,0.0,27.04,有成交
6a53b0df000000000701076a,其实，300来块真的能吃很久的三文鱼,鲜水湾,2026-07-12 23:21:03,图文笔记,未推广,1132,78.0,13.0,0.0,0.0,0.0,9.0,9.0,1.0,0.0,0.0,0,无成交数据
6a5390740000000022008891,区区69块，居然够我带一周虾仁饭了,婉婉上班吃什么,2026-07-12 21:02:44,图文笔记,未推广,1083,60.0,16.0,0.0,0.0,0.0,8.0,7.0,1.0,0.0,0.0,0,无成交数据
6a538fe20000000006020de2,卖三文鱼这么久，第一次回答怎么买更合适,鲜水湾,2026-07-12 21:00:18,图文笔记,已推广,6358,449.0,25.0,184.0,2.0,2.0,170.0,159.0,26.0,0.0,0.0,28.94,有成交
6a537add0000000008027d79,夏天来了，我决定花69吃一周轻食餐！,菲菲上班吃什么,2026-07-12 19:30:37,图文笔记,未推广,2136,158.0,16.0,0.0,0.0,0.0,55.0,45.0,9.0,0.0,0.0,0,无成交数据
6a5331a1000000001003d86b,办公室午饭被追着问，全靠这一餐一包🍤,鲜水湾甄选,2026-07-12 14:18:09,图文笔记,未推广,1090,71.0,15.0,0.0,0.0,0.0,7.0,5.0,1.0,0.0,0.0,0,无成交数据
6a5308190000000021019882,请全国孕麻麻，宝宝放心吃，没打一点药,鲜水湾,2026-07-12 11:20:57,图文笔记,未推广,1227,65.0,8.0,0.0,0.0,0.0,2.0,2.0,0.0,0.0,0.0,0,无成交数据
6a5240c2000000002100aa78,直观展示一下100元的购买力！,菲菲上班吃什么,2026-07-11 21:10:26,图文笔记,未推广,1467,151.0,12.0,68.0,1.0,1.0,19.0,18.0,4.0,0.0,0.0,46.35,有成交
6a51db650000000022018f3f,真听劝，推出不到100卡一人食小包装,鲜水湾甄选,2026-07-11 13:57:57,图文笔记,未推广,1112,44.0,12.0,0.0,0.0,0.0,6.0,6.0,0.0,0.0,0.0,0,无成交数据
6a50f867000000002103df3b,独居一人食最大的变化，是戒掉了大包装,菲菲上班吃什么,2026-07-10 21:49:27,图文笔记,未推广,1176,71.0,14.0,191.0,2.0,2.0,12.0,8.0,3.0,0.0,0.0,162.41,有成交
6a50c3030000000008032a01,听粉丝的话，推出一人食小包装虾仁 🍤,鲜水湾,2026-07-10 18:01:39,图文笔记,未推广,2812,252.0,10.0,0.0,0.0,0.0,40.0,32.0,4.0,0.0,0.0,0,无成交数据
6a5091fd000000000602176a,很多人低估了 100 块的威力,鲜水湾,2026-07-10 14:32:29,图文笔记,未推广,1819,121.0,16.0,0.0,0.0,0.0,13.0,12.0,3.0,0.0,0.0,0,无成交数据
6a506bb80000000021020740,连吃一周都不腻，低脂还饱腹✌️,婉婉上班吃什么,2026-07-10 11:49:12,图文笔记,未推广,1359,100.0,19.0,0.0,0.0,0.0,13.0,12.0,1.0,0.0,0.0,0,无成交数据
6a50540b00000000220173d3,连吃一周…不愧是网友推荐的！！,婉婉上班吃什么,2026-07-10 10:08:11,图文笔记,未推广,1574,114.0,19.0,0.0,0.0,0.0,11.0,10.0,1.0,0.0,0.0,0,无成交数据
6a4f58e90000000021017fa7,之所以是瘦女，是有道理的,婉婉上班吃什么,2026-07-09 16:16:42,图文笔记,未推广,1741,130.0,19.0,68.0,1.0,1.0,11.0,10.0,0.0,0.0,0.0,39.06,有成交
6a4f58c9000000002103c61d,我宣布！午休党终于不用卡点抢外卖了！！！,菲菲上班吃什么,2026-07-09 16:16:09,图文笔记,未推广,1328,109.0,15.0,68.0,1.0,1.0,12.0,9.0,1.0,0.0,0.0,51.2,有成交
6a4f32c9000000001102f122,健身后，我买一餐一包的虾仁越来越勤了…,鲜水湾甄选,2026-07-09 13:34:01,图文笔记,未推广,1025,54.0,12.0,0.0,0.0,0.0,7.0,7.0,0.0,0.0,0.0,0,无成交数据
6a4f0c3200000000070211aa,唯一缺点：需要自己动手做,鲜水湾,2026-07-09 10:49:22,图文笔记,已推广,6842,718.0,20.0,131.0,1.0,1.0,84.0,79.0,15.0,0.0,0.0,19.15,有成交
6a4e00d00000000008032a70,夏天减脂真不贵，区区69💰够我吃一周了！,菲菲上班吃什么,2026-07-08 15:48:32,图文笔记,未推广,6042,332.0,27.0,395.0,5.0,5.0,82.0,74.0,18.0,0.0,0.0,65.38,有成交
6a4db895000000000702fd67,一包100g，专为独居人推出的独立小包装,菲菲上班吃什么,2026-07-08 10:40:21,图文笔记,未推广,3282,287.0,23.0,254.0,2.0,2.0,51.0,45.0,12.0,0.0,0.0,77.39,有成交
6a4d0c400000000011016d8e,跟顾客沟通后，推出专为独居姐妹做的小包装,鲜水湾甄选,2026-07-07 22:25:04,图文笔记,未推广,1343,65.0,12.0,68.0,1.0,1.0,9.0,7.0,1.0,0.0,0.0,50.63,有成交
6a4ce10d0000000006033311,打工人的虾仁，居然让我戒掉了工作日的外卖,菲菲上班吃什么,2026-07-07 19:20:45,图文笔记,未推广,1371,95.0,14.0,0.0,0.0,0.0,14.0,12.0,1.0,0.0,0.0,0,无成交数据
6a4ccb9a000000002003b566,习惯了高蛋白饮食后…,婉婉上班吃什么,2026-07-07 17:49:14,图文笔记,已推广,1245,117.0,12.0,0.0,0.0,0.0,11.0,11.0,2.0,0.0,0.0,0,无成交数据
6a4cbfef000000002100a0a6,其实，300 块够吃一个月健康饮食了,婉婉上班吃什么,2026-07-07 16:59:27,图文笔记,已推广,2205,202.0,11.0,0.0,0.0,0.0,18.0,17.0,4.0,0.0,0.0,0,无成交数据
6a4cbb750000000008031039,我爸：69r5袋！我妈：69r5袋包邮！我：ok ！！,鲜水湾,2026-07-07 16:40:21,图文笔记,未推广,3526,213.0,23.0,136.0,2.0,2.0,35.0,29.0,0.0,0.0,0.0,38.57,有成交
6a4ca26600000000060317fd,下班后20分钟吃上饭，挚爱空气炸锅三文鱼‼️,婉婉上班吃什么,2026-07-07 14:53:26,图文笔记,已推广,1133,88.0,12.0,0.0,0.0,0.0,15.0,14.0,0.0,0.0,0.0,0,无成交数据
6a4c985f0000000007027d95,区区70来块，承包了我一个月减脂的快乐,菲菲上班吃什么,2026-07-07 14:10:39,图文笔记,未推广,1024,95.0,14.0,0.0,0.0,0.0,16.0,15.0,5.0,0.0,0.0,0,无成交数据
6a4c9536000000002003bc3b,应独居姐妹建议，推出不浪费一人食小包装~,鲜水湾,2026-07-07 13:57:10,图文笔记,未推广,26818,2195,71.0,1439.0,17.0,17.0,412.0,369.0,69.0,0.0,0.0,53.66,有成交
6a4c5f0d0000000006030e7d,就喜欢这样的小包装！不串味，一人食刚刚好！,婉婉上班吃什么,2026-07-07 10:06:05,图文笔记,未推广,1406,68.0,15.0,0.0,0.0,0.0,9.0,8.0,5.0,0.0,0.0,0,无成交数据
6a4bc85e00000000070213d5,奉劝大家不要低估100块的购买力，够吃一个月,婉婉上班吃什么,2026-07-06 23:23:10,图文笔记,未推广,6998,589.0,14.0,503.27,6.0,6.0,82.0,69.0,17.0,0.0,0.0,71.92,有成交
6a4ba78b0000000021015e15,我爸说了，60块吃一周让你冰箱多点安全感,菲菲上班吃什么,2026-07-06 21:03:07,图文笔记,未推广,1517,139.0,21.0,136.0,2.0,2.0,15.0,15.0,0.0,0.0,0.0,89.65,有成交
6a4b7b3900000000210148b7,减脂期打工人午饭，终于不用自己算大卡了,菲菲上班吃什么,2026-07-06 17:54:01,图文笔记,未推广,3638,327.0,24.0,248.65,3.0,3.0,41.0,36.0,5.0,0.0,0.0,68.35,有成交
6a4b7a790000000008027584,69 块竟然能承包我一个周的减脂虾仁,鲜水湾,2026-07-06 17:50:49,图文笔记,未推广,1526,77.0,18.0,68.0,1.0,1.0,16.0,15.0,3.0,0.0,0.0,44.56,有成交
6a4b6d40000000002103d678,靠虾仁布局一下今年夏天的小裙子计划！！！,婉婉上班吃什么,2026-07-06 16:54:24,图文笔记,未推广,1201,50.0,17.0,0.0,0.0,0.0,2.0,2.0,1.0,0.0,0.0,0,无成交数据
6a4b39640000000006037e5e,专为学生党推出的一人食三文鱼,鲜水湾,2026-07-06 13:13:08,图文笔记,未推广,3005,325.0,18.0,48.9,1.0,1.0,78.0,74.0,4.0,0.0,0.0,16.27,有成交
6a4b1ae700000000220189f8,以为小小的60块钱没多少，结果够我吃一周了,鲜水湾甄选,2026-07-06 11:03:04,图文笔记,未推广,1031,47.0,18.0,0.0,0.0,0.0,11.0,10.0,2.0,0.0,0.0,0,无成交数据
6a4b19000000000021009389,可以和超市说再见了，300 来块整条够吃一月,鲜水湾,2026-07-06 10:54:56,图文笔记,已推广,5730,469.0,25.0,0.0,0.0,0.0,71.0,69.0,7.0,0.0,0.0,0,无成交数据
6a4b11f20000000006031c7e,上班带饭一人食之光！！这三文鱼太香了🥰,婉婉上班吃什么,2026-07-06 10:24:50,图文笔记,已推广,2933,243.0,15.0,234.53,2.0,2.0,49.0,42.0,12.0,0.0,0.0,79.96,有成交
6a4a459a000000001101632e,和老爸决定，上架了一人食方便携带的小包装,鲜水湾甄选,2026-07-05 19:52:58,图文笔记,未推广,3764,215.0,16.0,195.0,2.0,2.0,83.0,69.0,14.0,0.0,0.0,51.81,有成交
6a49f67e0000000011012ac3,果然是邪修减脂餐，独居一顿一盒很方便！！！,鲜水湾甄选,2026-07-05 14:15:26,图文笔记,未推广,1609,137.0,17.0,128.0,1.0,1.0,8.0,8.0,0.0,0.0,0.0,79.55,有成交
6a49f2bf00000000070295bf,真听劝，推出不到100卡一人食小包装,菲菲上班吃什么,2026-07-05 13:59:27,图文笔记,未推广,1168,44.0,13.0,0.0,0.0,0.0,6.0,6.0,0.0,0.0,0.0,0,无成交数据
6a49b90d0000000008026942,早八打工人，一餐一包虾仁搞定减脂餐！！！,菲菲上班吃什么,2026-07-05 09:53:17,图文笔记,未推广,1231,82.0,16.0,0.0,0.0,0.0,4.0,4.0,2.0,0.0,0.0,0,无成交数据
6a491ef8000000000f028638,早八人饭盒，一人食减脂餐直接赢麻了…,鲜水湾甄选,2026-07-04 22:55:52,图文笔记,已推广,1113,64.0,14.0,0.0,0.0,0.0,8.0,6.0,0.0,0.0,0.0,0,无成交数据
6a48f8ad00000000070240bc,同事问我：你天天吃独立小包装虾仁，工资多少,菲菲上班吃什么,2026-07-04 20:12:29,图文笔记,未推广,2014,132.0,16.0,0.0,0.0,0.0,20.0,18.0,3.0,0.0,0.0,0,无成交数据
6a48e750000000002100a6b6,听劝，推出为早八人设计的独立小包装 ！！！,菲菲上班吃什么,2026-07-04 18:58:24,图文笔记,已推广,1367,77.0,15.0,0.0,0.0,0.0,16.0,15.0,4.0,0.0,0.0,0,无成交数据
6a48d989000000000800179a,减脂买了一整条，家附近的超市也看不上了…,婉婉上班吃什么,2026-07-04 17:59:37,图文笔记,未推广,5751,335.0,8.0,567.0,3.0,3.0,48.0,42.0,10.0,117.0,1.0,98.59,有成交
6a48cba10000000021008632,独居人减脂餐，一餐一包虾仁搞定减脂餐,菲菲上班吃什么,2026-07-04 17:00:17,图文笔记,已推广,1058,75.0,16.0,0.0,0.0,0.0,9.0,9.0,0.0,0.0,0.0,0,无成交数据
6a48ace000000000210194d4,懒人必备！二十分钟搞定空气炸锅三文鱼！,鲜水湾,2026-07-04 14:49:04,图文笔记,已推广,2198,228.0,18.0,0.0,0.0,0.0,27.0,25.0,6.0,0.0,0.0,0,无成交数据
6a487d5400000000210183ac,300 来块一整条，给孩子安排上吧🤣,鲜水湾,2026-07-04 11:26:12,图文笔记,未推广,5215,380.0,11.0,117.0,1.0,1.0,47.0,43.0,9.0,0.0,0.0,22.44,有成交
6a48779d000000000702f8b1,区区 300 多，承包了我一个月的减脂餐,婉婉上班吃什么,2026-07-04 11:01:49,图文笔记,未推广,23440,1919,42.0,484.0,2.0,2.0,271.0,233.0,59.0,0.0,0.0,20.65,有成交
6a486b5f00000000060201f2,和老爸商量后，推出夏日减脂小包装！,菲菲上班吃什么,2026-07-04 10:09:35,图文笔记,未推广,26899,2463,79.0,933.5699999999999,12.0,12.0,537.0,478.0,57.0,0.0,0.0,34.71,有成交
6a486a3700000000110167b0,打工人午餐靠独立小包装虾仁，一餐一包！！,鲜水湾甄选,2026-07-04 10:04:39,图文笔记,已推广,1041,100.0,15.0,68.0,1.0,1.0,14.0,12.0,3.0,0.0,0.0,65.32,有成交
6a47a046000000000f01f794,瘦干螂饮食！减脂期一餐一包刚刚好…,鲜水湾甄选,2026-07-03 19:43:02,图文笔记,已推广,1285,97.0,15.0,200.0,3.0,3.0,15.0,11.0,5.0,68.0,1.0,155.64,有成交
6a479fca0000000021014065,健身3年建议：减脂期虾仁不要随便买！！！,菲菲上班吃什么,2026-07-03 19:40:58,图文笔记,已推广,1114,38.0,14.0,0.0,0.0,0.0,6.0,6.0,1.0,0.0,0.0,0,无成交数据
6a478cab0000000021008e7d,粉丝建议，推出100g的独立小包装虾仁！！！,菲菲上班吃什么,2026-07-03 18:19:23,图文笔记,未推广,2713,148.0,20.0,127.0,1.0,1.0,34.0,32.0,3.0,0.0,0.0,46.81,有成交
6a478bb70000000008030e4e,三文鱼太适合上班带饭了,鲜水湾,2026-07-03 18:15:19,图文笔记,已推广,1359,141.0,12.0,0.0,0.0,0.0,12.0,10.0,4.0,0.0,0.0,0,无成交数据
6a47839a000000002103e47e,69吃一周减脂虾仁吗？那确实很爽了,婉婉上班吃什么,2026-07-03 17:40:42,图文笔记,已推广,1335,70.0,16.0,0.0,0.0,0.0,4.0,4.0,1.0,0.0,0.0,0,无成交数据
6a47824700000000200396ce,69 块钱居然可以买一周的减脂虾仁,鲜水湾,2026-07-03 17:35:03,图文笔记,未推广,2319,146.0,13.0,136.0,2.0,2.0,27.0,25.0,4.0,0.0,0.0,58.65,有成交
6a475e7f0000000006020d3d,解救宝妈！！5分钟早餐被独立小包虾仁救了！！,菲菲上班吃什么,2026-07-03 15:02:23,图文笔记,未推广,1760,96.0,18.0,390.0,4.0,4.0,26.0,23.0,9.0,0.0,0.0,221.59,有成交
6a475b4a0000000008031cb5,太适合一人食了，一次一包独立分装,鲜水湾,2026-07-03 14:48:42,图文笔记,已推广,2097,134.0,16.0,0.0,0.0,0.0,26.0,22.0,7.0,0.0,0.0,0,无成交数据
6a467a8a0000000021022e86,网友说的是真的。。。吃的干净真的能控体,婉婉上班吃什么,2026-07-02 22:49:46,图文笔记,未推广,1504,102.0,18.0,0.0,0.0,0.0,11.0,9.0,2.0,0.0,0.0,0,无成交数据
6a4635e500000000060377b2,误以为很贵，实际 300 多一整条真的过瘾！,婉婉上班吃什么,2026-07-02 17:56:53,图文笔记,已推广,2490,160.0,8.0,0.0,0.0,0.0,23.0,23.0,2.0,0.0,0.0,0,无成交数据
6a461b190000000021009a0f,69.9r起…希望它火…又不希望它太火,鲜水湾,2026-07-02 16:02:33,图文笔记,未推广,2169,195.0,19.0,68.0,1.0,1.0,27.0,23.0,5.0,0.0,0.0,31.35,有成交
6a460f500000000022008d30,真听劝，严重低估了70块的购买力了！！！,菲菲上班吃什么,2026-07-02 15:12:16,图文笔记,未推广,1773,85.0,14.0,0.0,0.0,0.0,18.0,15.0,1.0,0.0,0.0,0,无成交数据
6a45f6a700000000110119c3,独居人囤货，一餐一包才是腔调！！,鲜水湾甄选,2026-07-02 13:27:03,图文笔记,已推广,1068,47.0,14.0,0.0,0.0,0.0,5.0,4.0,2.0,0.0,0.0,0,无成交数据
6a45dc470000000007021475,60块独立小包装虾仁，解决我一周减脂餐！！！,菲菲上班吃什么,2026-07-02 11:34:31,图文笔记,已推广,41872,3334,55.0,2199.49,29.0,29.0,621.0,578.0,85.0,0.0,0.0,52.53,有成交
6a450868000000000702a5b4,健身后才发现，我买虾仁的频率越来越高,菲菲上班吃什么,2026-07-01 20:30:32,图文笔记,已推广,1160,53.0,13.0,0.0,0.0,0.0,4.0,4.0,1.0,0.0,0.0,0,无成交数据
6a44f91a000000000702ff1d,打工人以为一包不够，结果刚好一餐,菲菲上班吃什么,2026-07-01 19:25:14,图文笔记,已推广,1788,107.0,14.0,0.0,0.0,0.0,12.0,10.0,1.0,0.0,0.0,0,无成交数据
6a44f8fb000000000f032740,你永远可以相信一个减脂人的选择！！,鲜水湾甄选,2026-07-01 19:24:43,图文笔记,未推广,1054,63.0,14.0,0.0,0.0,0.0,7.0,7.0,1.0,0.0,0.0,0,无成交数据
6a44e5650000000007012ee8,热量比鸡胸肉低的虾仁，全家控体都在吃！,鲜水湾,2026-07-01 18:01:09,图文笔记,未推广,1938,135.0,19.0,68.0,1.0,1.0,9.0,7.0,4.0,0.0,0.0,35.09,有成交
6a44e46c0000000008026424,100块吃不了一顿烧烤，但承包我一周减脂餐！,菲菲上班吃什么,2026-07-01 17:57:00,图文笔记,未推广,1646,112.0,17.0,69.0,1.0,1.0,18.0,18.0,2.0,0.0,0.0,41.92,有成交
6a44c6eb000000000702cfda,救命！这一餐一包太适合控体期了！！,菲菲上班吃什么,2026-07-01 15:51:07,图文笔记,已推广,1340,154.0,18.0,0.0,0.0,0.0,22.0,21.0,6.0,0.0,0.0,0,无成交数据
6a44b9c10000000007022182,独居人！怎么能少得了一人食三文鱼,鲜水湾,2026-07-01 14:54:57,图文笔记,已推广,1924,157.0,14.0,48.9,1.0,1.0,30.0,26.0,3.0,0.0,0.0,25.42,有成交
6a44b4ad0000000006023cc5,唯一的缺点就是只能熟吃！,鲜水湾,2026-07-01 14:33:17,图文笔记,已推广,10955,1179,36.0,517.0,3.0,3.0,158.0,144.0,31.0,0.0,0.0,47.19,有成交
6a44b05d0000000006022fd2,身材管理期误食一碗三文鱼怎么办🥹,婉婉上班吃什么,2026-07-01 14:14:53,图文笔记,已推广,1659,162.0,14.0,0.0,0.0,0.0,15.0,14.0,3.0,0.0,0.0,0,无成交数据
6a44a93b0000000008025f7a,通过全家会议决定 300 来块一整条，不要邮费,鲜水湾,2026-07-01 13:44:27,图文笔记,已推广,4414,360.0,17.0,0.0,0.0,0.0,52.0,41.0,8.0,0.0,0.0,0,无成交数据
6a44a86e000000002100b47f,真心建议身材管理期的姐妹这样吃,婉婉上班吃什么,2026-07-01 13:41:02,图文笔记,已推广,1326,92.0,17.0,0.0,0.0,0.0,8.0,7.0,1.0,0.0,0.0,0,无成交数据
6a44943300000000220157fe,按粉丝的要求，推出早八人独爱的小包装,菲菲上班吃什么,2026-07-01 12:14:43,图文笔记,未推广,1285,68.0,16.0,195.0,2.0,2.0,13.0,13.0,2.0,0.0,0.0,151.75,有成交
6a44780400000000220083da,控体期一人食！连着吃裤子都要换码了…,婉婉上班吃什么,2026-07-01 10:14:28,图文笔记,未推广,1259,64.0,19.0,68.0,1.0,1.0,11.0,11.0,2.0,0.0,0.0,54.01,有成交
6a43ccf7000000002200ad23,天呐！控体期不知道回购了多少次！,婉婉上班吃什么,2026-06-30 22:04:39,图文笔记,未推广,1317,61.0,18.0,68.0,1.0,1.0,11.0,10.0,5.0,0.0,0.0,51.63,有成交
6a43c59f000000000702f550,瘦干螂饮食！我就说网上能学到好东西…,菲菲上班吃什么,2026-06-30 21:33:19,图文笔记,已推广,1666,107.0,17.0,68.0,1.0,1.0,7.0,7.0,1.0,0.0,0.0,40.82,有成交
6a43b3fa000000002201591d,我爸说：真的低估69块的购买力了！！！,菲菲上班吃什么,2026-06-30 20:18:02,图文笔记,未推广,1773,126.0,16.0,0.0,0.0,0.0,12.0,12.0,2.0,0.0,0.0,0,无成交数据
6a439f7b00000000110101b7,以为70块没多少，结果又够我吃一个星期的了,鲜水湾甄选,2026-06-30 18:50:35,图文笔记,未推广,1288,113.0,17.0,0.0,0.0,0.0,9.0,9.0,0.0,0.0,0.0,0,无成交数据
6a439f220000000021016b17,和老爸商量了，专为独居人推出专属小包装,菲菲上班吃什么,2026-06-30 18:49:06,图文笔记,已推广,1032,52.0,17.0,136.0,2.0,2.0,10.0,10.0,2.0,0.0,0.0,131.78,有成交
6a437c610000000011013283,我承认，是虾仁让我开始认真吃饭了,鲜水湾甄选,2026-06-30 16:20:49,图文笔记,已推广,1354,91.0,13.0,0.0,0.0,0.0,12.0,12.0,1.0,0.0,0.0,0,无成交数据
6a436de200000000070208f9,一次一袋，真的太适合独居一人食了！！！,菲菲上班吃什么,2026-06-30 15:18:58,图文笔记,未推广,7994,641.0,17.0,204.0,3.0,3.0,116.0,106.0,31.0,0.0,0.0,25.52,有成交
6a435d660000000007028889,身材管理期吃它，连裤子都穿不住了！🤣,鲜水湾,2026-06-30 14:08:38,图文笔记,已推广,1383,63.0,20.0,0.0,0.0,0.0,8.0,7.0,0.0,0.0,0.0,0,无成交数据
6a43385e000000002100b463,当代年轻人对100块的购买力还有概念吗……,菲菲上班吃什么,2026-06-30 11:30:38,图文笔记,未推广,1353,120.0,15.0,0.0,0.0,0.0,24.0,22.0,5.0,0.0,0.0,0,无成交数据
6a432b800000000021018509,区区 69 解决了我一周的上班带饭,婉婉上班吃什么,2026-06-30 10:35:44,图文笔记,已推广,1582,141.0,20.0,127.0,1.0,1.0,15.0,15.0,4.0,0.0,0.0,80.28,有成交
6a4322a40000000006036c71,爸妈决定了，推出一人食小包装虾仁,鲜水湾,2026-06-30 09:57:56,图文笔记,未推广,10324,947.0,26.0,64.0,1.0,1.0,148.0,136.0,27.0,0.0,0.0,6.2,有成交
6a4279690000000021019d2b,独居党真的会疯狂囤独立小包装虾仁……,菲菲上班吃什么,2026-06-29 21:55:53,图文笔记,已推广,3015,178.0,15.0,68.0,1.0,1.0,43.0,40.0,10.0,0.0,0.0,22.55,有成交
6a426836000000000702e443,减脂人的冰箱，区区100块搞定半个月轻食餐！,菲菲上班吃什么,2026-06-29 20:42:30,图文笔记,未推广,1239,58.0,13.0,0.0,0.0,0.0,9.0,8.0,2.0,0.0,0.0,0,无成交数据
6a42402e000000001101e23d,和老爹商量了，推出独居女生一人食包装虾仁,鲜水湾甄选,2026-06-29 17:51:42,图文笔记,未推广,1095,95.0,20.0,0.0,0.0,0.0,13.0,13.0,3.0,0.0,0.0,0,无成交数据
6a423757000000000702ff78,300 多块真的承包了我半个月的晚餐😭,鲜水湾,2026-06-29 17:13:59,图文笔记,已推广,11227,892.0,38.0,837.0,5.0,5.0,194.0,179.0,44.0,118.0,1.0,74.55,有成交
6a4208a7000000002100b04b,到家一整条三文鱼，也就一个月的量😅,婉婉上班吃什么,2026-06-29 13:54:47,图文笔记,已推广,19197,1829,32.0,1032.0,5.0,5.0,249.0,220.0,43.0,0.0,0.0,53.76,有成交
6a42042f000000002100a44f,100块吃不了一顿烧烤，但承包我一周减脂餐！,菲菲上班吃什么,2026-06-29 13:35:43,图文笔记,已推广,2919,152.0,15.0,0.0,0.0,0.0,30.0,27.0,7.0,0.0,0.0,0,无成交数据
6a41fd7c000000000f01ee4f,同事对于我每天吃一盒虾仁，表示很奢侈！,鲜水湾甄选,2026-06-29 13:07:09,图文笔记,已推广,2016,126.0,17.0,0.0,0.0,0.0,23.0,20.0,3.0,0.0,0.0,0,无成交数据
6a41dc53000000002100b3ce,三文鱼最省的，不是钱,鲜水湾,2026-06-29 10:45:39,图文笔记,已推广,1820,163.0,15.0,118.0,1.0,1.0,21.0,19.0,3.0,0.0,0.0,64.84,有成交
6a41d24f00000000070273ff,原来 69 块真的能吃这么久😎,婉婉上班吃什么,2026-06-29 10:02:55,图文笔记,已推广,1885,92.0,11.0,0.0,0.0,0.0,16.0,16.0,2.0,0.0,0.0,0,无成交数据
6a411b61000000000f028dea,我承认，是虾仁让我开始认真吃饭了,鲜水湾甄选,2026-06-28 21:02:25,图文笔记,已推广,1719,77.0,13.0,0.0,0.0,0.0,14.0,13.0,3.0,0.0,0.0,0,无成交数据
6a411b440000000021009837,和老爸决定，上架了一人食方便携带的小包装,菲菲上班吃什么,2026-06-28 21:01:56,图文笔记,未推广,5259,347.0,30.0,400.0,5.0,5.0,60.0,49.0,16.0,0.0,0.0,76.06,有成交
6a41189a0000000007020a38,建议控体姐妹多吃，整个身子都轻盈了,婉婉上班吃什么,2026-06-28 20:50:34,图文笔记,已推广,2980,395.0,13.0,0.0,0.0,0.0,30.0,27.0,8.0,0.0,0.0,0,无成交数据
6a40cee3000000002200b8d6,听客户说处理虾太烦，连夜改了独立小包装,菲菲上班吃什么,2026-06-28 15:36:03,图文笔记,已推广,2504,154.0,14.0,191.0,2.0,2.0,27.0,25.0,10.0,0.0,0.0,76.28,有成交
6a4090e1000000000702e09f,租房党终于找到适合小冰箱囤的食材了,菲菲上班吃什么,2026-06-28 11:11:29,图文笔记,已推广,3116,215.0,18.0,0.0,0.0,0.0,30.0,29.0,7.0,0.0,0.0,0,无成交数据
6a3fd2fd000000000702c64d,我爸说：真的低估69块的购买力了！,菲菲上班吃什么,2026-06-27 21:41:17,图文笔记,未推广,1500,110.0,19.0,0.0,0.0,0.0,12.0,10.0,1.0,0.0,0.0,0,无成交数据
6a3fc6b20000000020038c4f,奉劝在健身房爬坡没so的姐妹！！,菲菲上班吃什么,2026-06-27 20:48:50,图文笔记,未推广,2204,114.0,18.0,0.0,0.0,0.0,24.0,20.0,5.0,0.0,0.0,0,无成交数据
6a3fbae8000000002003a47f,以前总觉得“天天吃虾的人一定很贵”……,菲菲上班吃什么,2026-06-27 19:58:32,图文笔记,已推广,2037,95.0,9.0,193.0,2.0,2.0,24.0,22.0,4.0,0.0,0.0,94.75,有成交
6a3fa724000000000702f63c,69 元 5 袋虾仁，一餐一顿刚刚好,鲜水湾,2026-06-27 18:34:12,图文笔记,已推广,1637,95.0,13.0,0.0,0.0,0.0,15.0,13.0,3.0,0.0,0.0,0,无成交数据
6a3f88bc000000000803df7a,和老爸商量后，特意推出一人食专属小包装,菲菲上班吃什么,2026-06-27 16:24:28,图文笔记,已推广,33806,3735,55.0,1726.0,22.0,22.0,601.0,547.0,90.0,0.0,0.0,51.06,有成交
6a3f7e1f000000000702e37e,,婉婉上班吃什么,2026-06-27 15:39:11,图文笔记,已推广,2214,183.0,11.0,0.0,0.0,0.0,41.0,35.0,5.0,0.0,0.0,0,无成交数据
6a3f76ed0000000007013f70,善良使我定价300块一整条，我爸说还得包邮,鲜水湾,2026-06-27 15:08:29,图文笔记,已推广,1212,74.0,9.0,0.0,0.0,0.0,11.0,8.0,1.0,0.0,0.0,0,无成交数据
6a3e4656000000000701304f,我发现，坚持抗炎饮食的人都有一个必选食物,鲜水湾,2026-06-26 17:28:54,图文笔记,未推广,8358,1042,38.0,199.0,3.0,3.0,131.0,112.0,23.0,0.0,0.0,23.81,有成交
6a3e29a00000000007027094,爸妈让我卖300来块一条，还要顺丰包邮,鲜水湾,2026-06-26 15:26:24,图文笔记,已推广,2020,86.0,13.0,335.0,1.0,1.0,16.0,16.0,3.0,335.0,1.0,165.84,有成交
6a3e0eab0000000021017ad9,我妈以为很贵的整条三文鱼。。。,婉婉上班吃什么,2026-06-26 13:31:23,图文笔记,已推广,1434,105.0,11.0,367.13,1.0,1.0,13.0,10.0,5.0,0.0,0.0,256.02,有成交
6a3de89a000000000803168b,健身后，虾仁就走进了我的世界,婉婉上班吃什么,2026-06-26 10:48:58,图文笔记,已推广,3492,272.0,17.0,127.0,1.0,1.0,41.0,35.0,7.0,127.0,1.0,36.37,有成交
6a3ddf4c0000000022008f00,和大家商量后，推出独居一人食小包装,鲜水湾,2026-06-26 10:09:16,图文笔记,已推广,3272,152.0,21.0,68.0,1.0,1.0,25.0,24.0,6.0,0.0,0.0,20.78,有成交
6a3dde6d000000002100bc2e,身材管理期的我一周吃100次的三文鱼,婉婉上班吃什么,2026-06-26 10:05:33,图文笔记,未推广,2173,256.0,21.0,0.0,0.0,0.0,20.0,19.0,3.0,0.0,0.0,0,无成交数据
6a3d28c00000000021016d8b,控体期发现一个比液断还牛的方法,菲菲上班吃什么,2026-06-25 21:10:24,图文笔记,未推广,1082,71.0,12.0,69.0,1.0,1.0,5.0,5.0,0.0,0.0,0.0,63.77,有成交
6a3d1c130000000006023a98,夏天减脂真不贵，区区69💰够我吃一周了！,菲菲上班吃什么,2026-06-25 20:16:19,图文笔记,未推广,1022,59.0,13.0,0.0,0.0,0.0,12.0,12.0,1.0,0.0,0.0,0,无成交数据
6a3d02b6000000001101652f,5分钟搞定！减脂期的万能凉拌虾仁🦐,鲜水湾甄选,2026-06-25 18:28:06,图文笔记,已推广,1358,97.0,11.0,136.0,2.0,2.0,7.0,7.0,0.0,0.0,0.0,100.15,有成交
6a3d0296000000002101bbcc,按照客户要求，推出不到100卡一人食小包装,菲菲上班吃什么,2026-06-25 18:27:34,图文笔记,已推广,1299,125.0,15.0,0.0,0.0,0.0,16.0,16.0,2.0,0.0,0.0,0,无成交数据
6a3cfc710000000008000693,以为300多没多少 ，结果够吃2个月了,婉婉上班吃什么,2026-06-25 18:01:21,图文笔记,已推广,4634,290.0,16.0,736.0,2.0,2.0,45.0,37.0,9.0,0.0,0.0,158.83,有成交
6a3cf6e900000000210191d5,听了大家的建议，咱们虾仁出了小包装版,鲜水湾,2026-06-25 17:37:45,图文笔记,已推广,4402,306.0,18.0,604.0,8.0,8.0,99.0,88.0,11.0,68.0,1.0,137.21,有成交
6a3cdbae000000002103edae,但凡早点遇见你 谁还点外卖70+的啊🤫,婉婉上班吃什么,2026-06-25 15:41:34,图文笔记,未推广,1473,120.0,11.0,67.0,1.0,1.0,20.0,18.0,2.0,0.0,0.0,45.49,有成交
6a3cd10f000000002201bc0a,听粉丝的话，推出了一人食独立小包装！！！,鲜水湾甄选,2026-06-25 14:56:15,图文笔记,已推广,2351,146.0,14.0,138.0,2.0,2.0,39.0,34.0,4.0,0.0,0.0,58.7,有成交
6a3cb8f20000000007020b0b,90后同事说我每天吃虾真的很奢侈,菲菲上班吃什么,2026-06-25 13:13:22,图文笔记,已推广,1133,74.0,13.0,0.0,0.0,0.0,8.0,7.0,2.0,0.0,0.0,0,无成交数据
6a3c8b88000000000702b465,怀孕的闺蜜追着我要了一周的虾仁链接…,婉婉上班吃什么,2026-06-25 09:59:36,图文笔记,已推广,1157,56.0,15.0,0.0,0.0,0.0,5.0,5.0,1.0,0.0,0.0,0,无成交数据
6a3bcd02000000000f0159f9,我也没想到100块竟承包我一周轻食餐,鲜水湾甄选,2026-06-24 21:26:01,图文笔记,未推广,1036,105.0,15.0,0.0,0.0,0.0,15.0,15.0,2.0,0.0,0.0,0,无成交数据
6a3bccfa000000001101c203,同事把虾仁拿出来的那一刻我小脑w缩了…,鲜水湾甄选,2026-06-24 20:26:34,图文笔记,未推广,1145,78.0,14.0,64.0,1.0,1.0,5.0,5.0,2.0,0.0,0.0,55.9,有成交
6a3bccdf0000000021015994,说真的，年轻人对300多没啥概念了。。。,鲜水湾,2026-06-24 20:26:07,图文笔记,未推广,1076,106.0,11.0,0.0,0.0,0.0,19.0,17.0,4.0,0.0,0.0,0,无成交数据
6a3bc035000000000f0169c0,减脂期的快乐只花69块就能拥有～,鲜水湾甄选,2026-06-24 19:32:05,图文笔记,已推广,1176,45.0,15.0,0.0,0.0,0.0,6.0,6.0,2.0,0.0,0.0,0,无成交数据
6a3ba8570000000011004d0d,同事以为我天天吃虾很贵，其实真不是…,鲜水湾甄选,2026-06-24 17:50:15,图文笔记,已推广,1207,87.0,15.0,69.0,1.0,1.0,17.0,16.0,2.0,69.0,1.0,57.17,有成交
6a3b8f45000000002200a949,和老爸商量了，推出独居一人食小包装,鲜水湾,2026-06-24 16:03:17,图文笔记,已推广,8181,654.0,27.0,136.0,2.0,2.0,117.0,103.0,18.0,0.0,0.0,16.62,有成交
6a3b8598000000000803351b,同事对于我每天吃一盒虾，表示很奢侈……,菲菲上班吃什么,2026-06-24 15:22:00,图文笔记,未推广,2077,144.0,16.0,137.0,2.0,2.0,25.0,22.0,3.0,0.0,0.0,65.96,有成交
6a3a79830000000022009284,奉劝大家不要低估69块的购买力！,菲菲上班吃什么,2026-06-23 20:18:11,图文笔记,已推广,1097,88.0,14.0,0.0,0.0,0.0,15.0,14.0,4.0,0.0,0.0,0,无成交数据
6a3a7962000000001003f850,以为69块没多少，结果够我吃一周了…,鲜水湾甄选,2026-06-23 21:25:02,图文笔记,已推广,1401,80.0,14.0,204.0,3.0,3.0,20.0,18.0,1.0,0.0,0.0,145.61,有成交
6a3a4e38000000002101aa06,一次一袋，真的太适合独居人了,鲜水湾,2026-06-23 17:13:28,图文笔记,已推广,1742,116.0,18.0,68.0,1.0,1.0,14.0,14.0,2.0,0.0,0.0,39.04,有成交
6a3a3d8f0000000006036fc7,当你还在质疑三文鱼的时候，别人已吃到爽,鲜水湾,2026-06-23 16:02:23,图文笔记,已推广,1361,85.0,14.0,0.0,0.0,0.0,13.0,11.0,2.0,0.0,0.0,0,无成交数据
6a3a37940000000021019d37,本人带饭已经next level了……,菲菲上班吃什么,2026-06-23 15:36:52,图文笔记,未推广,1159,80.0,14.0,0.0,0.0,0.0,8.0,7.0,2.0,0.0,0.0,0,无成交数据
6a3a35060000000008027a59,抗炎饮食21天，脸看着轻了,婉婉上班吃什么,2026-06-23 15:25:58,图文笔记,未推广,6767,993.0,44.0,0.0,0.0,0.0,29.0,27.0,2.0,0.0,0.0,0,无成交数据
6a3a32840000000007028267,人少别贪多，1000g 鱼排刚好,鲜水湾,2026-06-23 15:15:17,图文笔记,已推广,3360,341.0,22.0,382.0,3.0,3.0,32.0,29.0,6.0,0.0,0.0,113.69,有成交
6a3a14a90000000022008d6d,真的，低估了300多块钱的购买力！,婉婉上班吃什么,2026-06-23 13:07:53,图文笔记,已推广,7546,497.0,14.0,929.0,4.0,4.0,58.0,46.0,13.0,327.0,1.0,123.11,有成交
6a39f96f000000000701231b,我妈都夸我会带饭了😭,菲菲上班吃什么,2026-06-23 11:11:44,图文笔记,已推广,1007,83.0,17.0,0.0,0.0,0.0,2.0,2.0,0.0,0.0,0.0,0,无成交数据
6a3900f70000000021009a9b,减脂餐加点虾仁...真的没那么难熬,婉婉上班吃什么,2026-06-22 17:31:35,图文笔记,未推广,1324,119.0,17.0,0.0,0.0,0.0,8.0,6.0,0.0,0.0,0.0,0,无成交数据
6a38eee00000000021009d44,上班带饭才懂，一餐一包多省事,鲜水湾,2026-06-22 16:14:25,图文笔记,未推广,1257,179.0,14.0,0.0,0.0,0.0,17.0,15.0,4.0,0.0,0.0,0,无成交数据
6a38e138000000001101382c,普通人减脂真不贵，69够吃一周了,鲜水湾甄选,2026-06-22 15:16:08,图文笔记,未推广,23333,1209,52.0,1201.0,15.0,15.0,342.0,301.0,64.0,69.0,1.0,51.47,有成交
6a38acf7000000000702d27f,再也不用反复解冻了！专为一人食设计小包装,菲菲上班吃什么,2026-06-22 11:33:11,图文笔记,未推广,1345,127.0,22.0,69.0,1.0,1.0,10.0,10.0,2.0,0.0,0.0,51.3,有成交
6a38aa16000000000702c91e,以为300多没多少，结果够吃2个月了,鲜水湾,2026-06-22 11:20:54,图文笔记,未推广,1693,138.0,12.0,0.0,0.0,0.0,20.0,17.0,1.0,0.0,0.0,0,无成交数据
6a38a62d000000000f00460b,手剥虾仁69管一周？一人食减脂餐！！！,鲜水湾甄选,2026-06-22 11:04:13,图文笔记,未推广,1018,73.0,15.0,0.0,0.0,0.0,4.0,4.0,3.0,0.0,0.0,0,无成交数据
6a389f1400000000080330e2,,婉婉上班吃什么,2026-06-22 10:33:56,图文笔记,已推广,1677,75.0,15.0,68.0,1.0,1.0,12.0,11.0,3.0,0.0,0.0,40.55,有成交
6a37b3770000000006034fd0,减脂期的快乐只花69块就能拥有～,菲菲上班吃什么,2026-06-21 17:48:39,图文笔记,已推广,1036,58.0,14.0,0.0,0.0,0.0,9.0,8.0,1.0,0.0,0.0,0,无成交数据
6a37b3500000000011004929,减脂期打工人的崩溃，从水煮菜开始,鲜水湾甄选,2026-06-21 17:48:00,图文笔记,未推广,1255,92.0,13.0,0.0,0.0,0.0,14.0,14.0,2.0,0.0,0.0,0,无成交数据
6a377e16000000001003f5e7,今年坠成功的消费降级，69吃一周！,鲜水湾甄选,2026-06-21 14:00:54,图文笔记,未推广,1423,70.0,16.0,0.0,0.0,0.0,16.0,13.0,0.0,0.0,0.0,0,无成交数据
6a373fbe000000001003ea7d,听粉丝的话，推出了一人食独立小包装🤩,鲜水湾甄选,2026-06-21 09:34:54,图文笔记,已推广,1029,85.0,13.0,260.0,3.0,3.0,14.0,14.0,0.0,0.0,0.0,252.67,有成交
6a36573c000000000f030f1e,感谢老板，一人食独立小包装太方便啦❗️,鲜水湾甄选,2026-06-20 17:02:52,图文笔记,已推广,1151,75.0,17.0,125.0,1.0,1.0,24.0,20.0,3.0,0.0,0.0,108.6,有成交
6a35f8f5000000000f01c5d7,算了，和你们点外卖的说不清楚🥲,鲜水湾甄选,2026-06-20 10:20:37,图文笔记,已推广,1227,72.0,13.0,0.0,0.0,0.0,8.0,7.0,1.0,0.0,0.0,0,无成交数据
6a35e35c0000000022019a23,这也太省钱了吧😂69块吃了半个月轻食餐！,鲜水湾甄选,2026-06-20 08:48:28,图文笔记,已推广,1533,65.0,14.0,457.0,5.0,5.0,18.0,18.0,5.0,0.0,0.0,298.11,有成交
6a351ce6000000000f017a75,听大家的建议，安排上一人食独立小包装🤩,鲜水湾甄选,2026-06-19 19:41:00,图文笔记,已推广,2455,132.0,15.0,411.0,6.0,6.0,39.0,33.0,9.0,0.0,0.0,167.41,有成交
6a33fa070000000007020b12,早上带饭来不及...还好有小包虾仁,婉婉上班吃什么,2026-06-18 22:00:39,图文笔记,已推广,1008,49.0,16.0,69.0,1.0,1.0,7.0,6.0,0.0,0.0,0.0,68.45,有成交
6a33e308000000002101bd86,沉浸式懒人减脂备菜，69块吃一周……,菲菲上班吃什么,2026-06-18 21:21:01,图文笔记,已推广,1684,136.0,16.0,0.0,0.0,0.0,22.0,20.0,3.0,0.0,0.0,0,无成交数据
6a33be8d0000000007025407,这下见识到300多的三文鱼购买力了！,鲜水湾,2026-06-18 17:46:53,图文笔记,已推广,3082,227.0,12.0,0.0,0.0,0.0,36.0,31.0,13.0,0.0,0.0,0,无成交数据
6a33af1e00000000060348e5,按照粉丝的要求，推出一周69块一人食小包装,菲菲上班吃什么,2026-06-18 16:41:02,图文笔记,未推广,1489,86.0,16.0,0.0,0.0,0.0,16.0,14.0,1.0,0.0,0.0,0,无成交数据
6a336475000000002101a21c,减脂期连吃15天虾仁后，我真香了…,菲菲上班吃什么,2026-06-18 11:22:29,图文笔记,已推广,1106,57.0,13.0,64.0,1.0,1.0,5.0,5.0,1.0,64.0,1.0,57.87,有成交
6a32c4d200000000060369e1,带娃后才懂，冰箱囤鱼有多省心,鲜水湾,2026-06-18 00:01:22,图文笔记,已推广,1074,87.0,13.0,0.0,0.0,0.0,13.0,10.0,3.0,0.0,0.0,0,无成交数据
6a3282cb000000000f01f7d2,夏日减脂餐真不贵，69r够吃一周了😂,鲜水湾甄选,2026-06-17 21:36:01,图文笔记,已推广,1360,87.0,15.0,135.0,2.0,2.0,10.0,9.0,1.0,0.0,0.0,99.26,有成交
6a3282b8000000000f01f786,独居懒人减脂，晚饭先戒复杂食谱…,鲜水湾甄选,2026-06-17 20:59:02,图文笔记,已推广,1083,48.0,12.0,0.0,0.0,0.0,6.0,5.0,1.0,0.0,0.0,0,无成交数据
6a326e740000000007029549,区区 300 块承包我一个月的减脂餐,鲜水湾,2026-06-17 17:52:52,图文笔记,已推广,1070,67.0,14.0,0.0,0.0,0.0,7.0,7.0,2.0,0.0,0.0,0,无成交数据
6a3260560000000006030f24,打工人管住嘴不是饿肚子，虾仁让我真香了…,菲菲上班吃什么,2026-06-17 16:52:38,图文笔记,已推广,2656,236.0,12.0,0.0,0.0,0.0,13.0,12.0,4.0,0.0,0.0,0,无成交数据
6a325b9a0000000008031eee,感觉现在的年轻人都低估了69r的购买力！,婉婉上班吃什么,2026-06-17 16:32:26,图文笔记,已推广,1092,38.0,14.0,69.0,1.0,1.0,3.0,3.0,1.0,0.0,0.0,63.19,有成交
6a315f9b00000000110147bd,⛰️拇对不起，还是小包装更有幸福感~,鲜水湾甄选,2026-06-16 22:37:15,图文笔记,已推广,1547,90.0,12.0,0.0,0.0,0.0,13.0,13.0,3.0,0.0,0.0,0,无成交数据
6a3140770000000011006f33,😭控体期吃虾仁，比水煮菜还上头…,鲜水湾甄选,2026-06-16 20:24:23,图文笔记,未推广,1026,69.0,11.0,69.0,1.0,1.0,5.0,5.0,0.0,0.0,0.0,67.25,有成交
6a3140520000000022014844,独居懒人减脂餐，晚饭先戒复杂食谱…,菲菲上班吃什么,2026-06-16 20:23:46,图文笔记,已推广,1111,92.0,13.0,0.0,0.0,0.0,8.0,7.0,2.0,0.0,0.0,0,无成交数据
6a312cf40000000011013064,你永远可以相信一个减脂人的选择！！,鲜水湾甄选,2026-06-16 19:01:08,图文笔记,未推广,1056,67.0,13.0,0.0,0.0,0.0,10.0,10.0,0.0,0.0,0.0,0,无成交数据
6a311fec0000000006022f66,控体天花板，一周才花了 69 元,婉婉上班吃什么,2026-06-16 18:05:32,图文笔记,已推广,5857,715.0,17.0,382.0,3.0,3.0,77.0,68.0,15.0,0.0,0.0,65.22,有成交
6a31178a000000000702ddbc,太适合减脂吃了！一次一袋,鲜水湾,2026-06-16 17:29:46,图文笔记,未推广,2045,161.0,14.0,0.0,0.0,0.0,28.0,24.0,8.0,0.0,0.0,0,无成交数据
6a30ef3b0000000007028e4b,区区 300 块解决整个月的健康饮食,鲜水湾,2026-06-16 14:37:47,图文笔记,未推广,1484,121.0,14.0,0.0,0.0,0.0,22.0,18.0,2.0,0.0,0.0,0,无成交数据
6a30dee20000000006031275,早八打工人不是我会省，是外卖太敢卖…,菲菲上班吃什么,2026-06-16 13:28:02,图文笔记,已推广,1002,61.0,12.0,0.0,0.0,0.0,7.0,6.0,0.0,0.0,0.0,0,无成交数据
6a2ff3f2000000000802784b,自己赚钱后才发现，减脂期吃虾仁原来真不贵,菲菲上班吃什么,2026-06-15 20:45:38,图文笔记,已推广,2020,167.0,16.0,69.0,1.0,1.0,13.0,11.0,3.0,0.0,0.0,34.16,有成交
6a2ff3d10000000011015893,独居党敞开吃吧，减脂期吃虾仁真的夯爆…,鲜水湾甄选,2026-06-15 20:45:05,图文笔记,已推广,1510,114.0,14.0,0.0,0.0,0.0,7.0,6.0,1.0,0.0,0.0,0,无成交数据
6a2fda1d000000001102e720,以为 69 没多少，结果解决了我一周上班带饭,鲜水湾甄选,2026-06-15 18:55:25,图文笔记,未推广,7302,427.0,25.0,266.0,3.0,3.0,100.0,86.0,22.0,0.0,0.0,36.43,有成交
6a2fbfd5000000002100af7b,都去拍这个三文鱼尾段，太适合上班带饭了！,鲜水湾,2026-06-15 17:03:17,图文笔记,已推广,2446,235.0,14.0,58.0,1.0,1.0,48.0,38.0,8.0,0.0,0.0,23.71,有成交
6a2fbdbf0000000007028efc,靠虾仁悄悄准备一下今年夏天的露腰计划…,菲菲上班吃什么,2026-06-15 16:54:23,图文笔记,未推广,1075,93.0,17.0,0.0,0.0,0.0,10.0,7.0,1.0,0.0,0.0,0,无成交数据
6a2f90960000000021019371,挖到宝！减脂期吃虾仁也太合适了吧！！！,菲菲上班吃什么,2026-06-15 13:41:42,图文笔记,未推广,1110,75.0,14.0,68.0,1.0,1.0,11.0,8.0,1.0,0.0,0.0,61.26,有成交
6a2ea7570000000008033a88,送领导的端午节礼盒368被误以为上千块,鲜水湾,2026-06-14 21:06:31,图文笔记,已推广,1908,196.0,18.0,0.0,0.0,0.0,33.0,28.0,6.0,0.0,0.0,0,无成交数据
6a2e8fb90000000006030dbe,见一个劝一个，一天三顿裤子小两码,鲜水湾,2026-06-14 19:25:45,图文笔记,未推广,1030,85.0,13.0,0.0,0.0,0.0,11.0,10.0,2.0,0.0,0.0,0,无成交数据
6a2e5a010000000022018b78,69块的虾仁，被独居党安排明白了…,鲜水湾甄选,2026-06-14 19:52:01,图文笔记,已推广,1264,47.0,14.0,0.0,0.0,0.0,16.0,13.0,2.0,0.0,0.0,0,无成交数据
6a2e59f70000000036001a27,区区69💰以为没多少，结果够我吃一个月,鲜水湾甄选,2026-06-14 18:36:02,图文笔记,未推广,2092,157.0,14.0,0.0,0.0,0.0,41.0,35.0,7.0,0.0,0.0,0,无成交数据
6a2e59d400000000210212ce,除非你对虾仁过敏，不然真没理由拒绝！,菲菲上班吃什么,2026-06-14 20:35:02,图文笔记,已推广,1096,55.0,13.0,0.0,0.0,0.0,1.0,1.0,0.0,0.0,0.0,0,无成交数据
6a2e599b000000000702a953,我也不想吃啊，可它69够我吃一周了😂,菲菲上班吃什么,2026-06-14 15:34:51,图文笔记,未推广,1416,67.0,12.0,69.0,1.0,1.0,12.0,12.0,3.0,0.0,0.0,48.73,有成交
6a2e27930000000007011c0f,区区100多，解决了我一周的减脂餐,菲菲上班吃什么,2026-06-14 12:01:23,图文笔记,已推广,2190,105.0,12.0,0.0,0.0,0.0,13.0,11.0,3.0,0.0,0.0,0,无成交数据
6a2e1102000000003501d574,管理期！！！请你反复观看！！！！,鲜水湾甄选,2026-06-14 10:25:06,视频笔记,未推广,2244,1457,14.0,0.0,0.0,0.0,12.0,11.0,1.0,0.0,0.0,0,无成交数据
6a2d3fd4000000000803d655,泪水不用打湿减脂餐了,婉婉上班吃什么,2026-06-13 19:32:36,图文笔记,已推广,2277,206.0,20.0,325.0,3.0,3.0,31.0,26.0,4.0,0.0,0.0,142.73,有成交
6a2d3a69000000003502d59f,谁顶得住啊😭69元直接实现虾仁自由！,鲜水湾甄选,2026-06-13 21:15:02,图文笔记,未推广,1218,79.0,12.0,0.0,0.0,0.0,22.0,19.0,4.0,0.0,0.0,0,无成交数据
6a2d3a4f000000003502b365,好吃我已经说累了，69块💰一周减脂餐！！！,鲜水湾甄选,2026-06-13 19:09:03,图文笔记,已推广,1476,81.0,14.0,0.0,0.0,0.0,5.0,4.0,1.0,0.0,0.0,0,无成交数据
6a2d3a09000000000603090a,爸妈对于我每天吃虾仁表示很奢侈😭,菲菲上班吃什么,2026-06-13 19:59:02,图文笔记,未推广,1336,69.0,12.0,0.0,0.0,0.0,9.0,9.0,1.0,0.0,0.0,0,无成交数据
6a2d04bd00000000220147c8,69块承包一周减脂餐，真真真香⚠️,菲菲上班吃什么,2026-06-13 15:20:29,图文笔记,未推广,1175,77.0,13.0,0.0,0.0,0.0,9.0,9.0,1.0,0.0,0.0,0,无成交数据
6a2cd2420000000022016a7f,上班族带饭党的天塌了又好了！！,菲菲上班吃什么,2026-06-13 11:45:06,图文笔记,未推广,1273,87.0,13.0,0.0,0.0,0.0,10.0,9.0,1.0,0.0,0.0,0,无成交数据
6a2cb9e2000000000702c3bb,瘦到90斤的同事每天吃的午饭,婉婉上班吃什么,2026-06-13 10:01:06,图文笔记,已推广,3962,523.0,26.0,0.0,0.0,0.0,54.0,52.0,10.0,0.0,0.0,0,无成交数据
6a2cb5be000000002102101a,1000g三文鱼扒，这波真的适合囤,鲜水湾,2026-06-13 09:43:26,图文笔记,未推广,1403,108.0,13.0,117.0,1.0,1.0,49.0,44.0,6.0,0.0,0.0,83.39,有成交
6a2c0c7e00000000060306e4,对不起某姆，还是小包装更有幸福感～,婉婉上班吃什么,2026-06-12 21:41:18,图文笔记,未推广,10840,953.0,19.0,259.0,3.0,3.0,69.0,64.0,10.0,0.0,0.0,23.89,有成交
6a2bf43600000000080275e9,控体期这种吃法…真要瘦干螂了…,菲菲上班吃什么,2026-06-12 19:57:42,图文笔记,未推广,1090,56.0,14.0,69.0,1.0,1.0,7.0,6.0,1.0,0.0,0.0,63.3,有成交
6a2bf40500000000220201aa,今年坠成功的消费降级，69吃一周！！,鲜水湾甄选,2026-06-12 21:32:01,图文笔记,未推广,1875,132.0,18.0,69.0,1.0,1.0,18.0,17.0,3.0,0.0,0.0,36.8,有成交
6a2be370000000002202683e,这也太省钱了吧😂69块吃了半个月轻食餐！,鲜水湾甄选,2026-06-12 18:46:08,图文笔记,已推广,1142,54.0,17.0,0.0,0.0,0.0,7.0,7.0,1.0,0.0,0.0,0,无成交数据
6a2bcd9600000000060239a3,看完鹅腿阿姨热搜，老爸说配料表必须写清楚,鲜水湾,2026-06-12 17:12:54,图文笔记,已推广,5332,571.0,21.0,391.0,4.0,4.0,69.0,65.0,8.0,0.0,0.0,73.33,有成交
6a2bbcee0000000022016a57,和老爸商量后，果断推出早八带饭一人食,鲜水湾,2026-06-12 16:01:50,图文笔记,已推广,12615,1379,24.0,566.0,3.0,3.0,236.0,207.0,23.0,0.0,0.0,44.87,有成交
6a2bb0ee0000000022014317,控体期，短短一周逼自己So了好多 ！！！,菲菲上班吃什么,2026-06-12 15:10:38,图文笔记,未推广,1664,97.0,16.0,0.0,0.0,0.0,24.0,22.0,1.0,0.0,0.0,0,无成交数据
6a2ba7bd000000002202e46e,听粉丝的话，推出一人食减脂小包装😽,鲜水湾甄选,2026-06-12 14:31:25,图文笔记,未推广,2348,146.0,13.0,69.0,1.0,1.0,33.0,30.0,2.0,0.0,0.0,29.39,有成交
6a2b9704000000002100a74a,终于见识到了300多块钱的购买力了！,鲜水湾,2026-06-12 13:20:04,图文笔记,已推广,1034,72.0,13.0,0.0,0.0,0.0,14.0,11.0,3.0,0.0,0.0,0,无成交数据
6a2b6d7e000000000803fce1,减脂期最近反复吃的菲力三文鱼,鲜水湾,2026-06-12 10:22:54,图文笔记,已推广,1549,135.0,13.0,0.0,0.0,0.0,21.0,18.0,5.0,0.0,0.0,0,无成交数据
6a2ac7e3000000002100a717,我也不想吃啊，可它69够我吃一周了😂,婉婉上班吃什么,2026-06-11 22:36:19,图文笔记,已推广,23800,1499,59.0,1473.0,18.0,18.0,408.0,365.0,61.0,137.0,2.0,61.89,有成交
6a2a66bd00000000210234ae,以为69块没多少，结果够我吃一周了,婉婉上班吃什么,2026-06-11 15:41:49,图文笔记,已推广,1309,60.0,16.0,0.0,0.0,0.0,18.0,15.0,2.0,0.0,0.0,0,无成交数据
6a2a56970000000020039999,公司微波炉坏了第三天，我反而吃得更开心,菲菲上班吃什么,2026-06-11 14:32:55,图文笔记,未推广,1960,216.0,14.0,0.0,0.0,0.0,7.0,7.0,1.0,0.0,0.0,0,无成交数据
6a2a4ebe000000000702889c,一餐一包的虾仁，确实很难拒绝！,婉婉上班吃什么,2026-06-11 13:59:26,图文笔记,未推广,1045,106.0,13.0,128.0,1.0,1.0,13.0,10.0,3.0,0.0,0.0,122.49,有成交
6a2a49770000000021008e50,算了不劝了，300块一整条已经是底线了,鲜水湾,2026-06-11 13:36:55,图文笔记,已推广,1186,73.0,12.0,0.0,0.0,0.0,18.0,16.0,5.0,0.0,0.0,0,无成交数据
6a2a246d000000002100a515,听粉丝的话，推出一人食减脂小包装😽,鲜水湾,2026-06-11 10:58:53,图文笔记,未推广,3438,344.0,20.0,138.0,2.0,2.0,59.0,50.0,11.0,0.0,0.0,40.14,有成交
6a2a20650000000035022895,上班带减脂餐不到一周8️⃣仅..好可怕！,鲜水湾甄选,2026-06-11 10:41:41,图文笔记,未推广,2270,181.0,17.0,0.0,0.0,0.0,39.0,38.0,6.0,0.0,0.0,0,无成交数据
6a2a11820000000007022cc2,顾客吃完两片，转手又回购了一整条,鲜水湾,2026-06-11 09:38:10,图文笔记,已推广,1400,106.0,14.0,0.0,0.0,0.0,15.0,14.0,3.0,0.0,0.0,0,无成交数据
6a2962bf000000000702c9ae,只有减脂的姐妹懂这一碗的含金量，不够吃,菲菲上班吃什么,2026-06-10 21:12:31,图文笔记,未推广,1186,74.0,15.0,0.0,0.0,0.0,4.0,4.0,1.0,0.0,0.0,0,无成交数据
6a296281000000002202b8f2,和老爸决定，上架了一人食方便携带的小包装,鲜水湾甄选,2026-06-10 21:11:29,图文笔记,未推广,1230,64.0,14.0,69.0,1.0,1.0,19.0,18.0,1.0,0.0,0.0,56.1,有成交
6a2954d60000000022026549,租房党终于找到适合小冰箱囤的食材了 ！！！！,鲜水湾甄选,2026-06-10 20:13:10,图文笔记,已推广,1835,165.0,13.0,69.0,1.0,1.0,19.0,18.0,4.0,0.0,0.0,37.6,有成交
6a293d4a00000000070218d1,以为100没多少，结果够吃半个月了😂,菲菲上班吃什么,2026-06-10 18:32:42,图文笔记,未推广,2084,138.0,16.0,0.0,0.0,0.0,19.0,16.0,3.0,0.0,0.0,0,无成交数据
6a28f8cc0000000007023aba,别拿山母和我比，真的不够打的,鲜水湾,2026-06-10 13:40:28,图文笔记,已推广,4118,343.0,17.0,0.0,0.0,0.0,66.0,57.0,19.0,0.0,0.0,0,无成交数据
6a28dd1e0000000008000d78,以为69没多少结果够我吃一星期了😂,婉婉上班吃什么,2026-06-10 11:42:22,图文笔记,未推广,5003,546.0,27.0,264.0,3.0,3.0,56.0,51.0,11.0,0.0,0.0,52.77,有成交
6a28c4310000000007029982,60来块备餐一周轻食的快乐,婉婉上班吃什么,2026-06-10 09:56:01,图文笔记,未推广,1668,112.0,19.0,69.0,1.0,1.0,22.0,22.0,6.0,0.0,0.0,41.37,有成交
6a280786000000000803fc19,奉劝大家不要低估69块的购买力！,菲菲上班吃什么,2026-06-09 20:31:02,图文笔记,已推广,2758,242.0,15.0,0.0,0.0,0.0,38.0,36.0,7.0,0.0,0.0,0,无成交数据
6a27eb4e0000000022009694,减脂期的快乐只花69块就能拥有～,菲菲上班吃什么,2026-06-09 18:30:38,图文笔记,未推广,1172,106.0,14.0,0.0,0.0,0.0,11.0,11.0,2.0,0.0,0.0,0,无成交数据
6a27b6060000000021018f8a,夏天减脂期真不贵，69块够我吃一周了！！,菲菲上班吃什么,2026-06-09 14:43:18,图文笔记,已推广,3133,210.0,23.0,69.0,1.0,1.0,34.0,32.0,6.0,0.0,0.0,22.02,有成交
6a27b4f500000000070257bb,谁顶得住啊😭60来块直接实现虾仁自由！,婉婉上班吃什么,2026-06-09 14:38:45,图文笔记,已推广,1451,88.0,14.0,69.0,1.0,1.0,15.0,13.0,1.0,0.0,0.0,47.55,有成交
6a2783fd000000000803db0e,不是... 这食材减脂期吃也太香了吧！！！,菲菲上班吃什么,2026-06-09 11:09:49,图文笔记,已推广,2623,173.0,7.0,0.0,0.0,0.0,24.0,23.0,6.0,0.0,0.0,0,无成交数据
6a2694f10000000006020988,月入3000，每天吃三文鱼真的很奢侈吗？,鲜水湾,2026-06-08 18:09:53,图文笔记,已推广,1461,87.0,11.0,0.0,0.0,0.0,13.0,13.0,2.0,0.0,0.0,0,无成交数据
6a26894e000000000702e9f2,以为100块没多少，结果够我吃半个月了！！！,菲菲上班吃什么,2026-06-08 17:20:14,图文笔记,已推广,1864,109.0,14.0,138.0,2.0,2.0,21.0,21.0,3.0,0.0,0.0,74.03,有成交
6a2670450000000008031e58,不夸张，已经连吃两周了，真的不腻！,婉婉上班吃什么,2026-06-08 15:33:25,图文笔记,未推广,1397,105.0,13.0,69.0,1.0,1.0,13.0,12.0,0.0,0.0,0.0,49.39,有成交
6a26673900000000060379f1,好吃到昏迷的微波炉三文鱼！,鲜水湾,2026-06-08 14:54:49,图文笔记,已推广,1873,241.0,16.0,818.0,3.0,3.0,19.0,19.0,4.0,701.0,2.0,436.73,有成交
6a2665960000000007023c0f,被小红书姐妹种草的虾仁，确实不错 😋,婉婉上班吃什么,2026-06-08 14:47:50,图文笔记,已推广,1071,81.0,16.0,0.0,0.0,0.0,11.0,9.0,2.0,0.0,0.0,0,无成交数据
6a26585d00000000070268b1,我靠69块够我带一周减脂饭？！！！,菲菲上班吃什么,2026-06-08 13:51:25,图文笔记,未推广,1094,93.0,13.0,0.0,0.0,0.0,8.0,7.0,4.0,0.0,0.0,0,无成交数据
6a26571c000000002103ceaa,听老爸的话，给控体人推出备餐小包装了,鲜水湾,2026-06-08 13:46:04,图文笔记,已推广,27287,3784,60.0,1425.0,12.0,12.0,691.0,620.0,115.0,0.0,0.0,52.22,有成交
6a2636f6000000000702f3c9,好癫…减脂期吃虾仁简直尊享太庙啊️‼️,菲菲上班吃什么,2026-06-08 11:28:54,图文笔记,已推广,1382,79.0,15.0,69.0,1.0,1.0,16.0,14.0,3.0,0.0,0.0,49.93,有成交
6a2629b30000000021015028,听我的！减脂还得是虾仁！才60+,婉婉上班吃什么,2026-06-08 10:32:19,图文笔记,已推广,1695,91.0,15.0,69.0,1.0,1.0,19.0,16.0,2.0,0.0,0.0,40.71,有成交
6a2627b5000000002200a29f,300多承包了我一个月减脂餐,鲜水湾,2026-06-08 10:23:49,图文笔记,已推广,3714,288.0,17.0,186.0,2.0,2.0,39.0,35.0,9.0,0.0,0.0,50.08,有成交
6a2558450000000007025f2c,你永远可以相信一个减脂人的选择！！,菲菲上班吃什么,2026-06-07 20:57:00,图文笔记,未推广,1112,64.0,13.0,0.0,0.0,0.0,9.0,8.0,0.0,0.0,0.0,0,无成交数据
6a2556c500000000060239d1,独居女夏日减脂，69吃一周轻食餐！,菲菲上班吃什么,2026-06-07 19:32:21,图文笔记,未推广,1150,53.0,13.0,0.0,0.0,0.0,11.0,9.0,2.0,0.0,0.0,0,无成交数据
6a24ff110000000022008eab,真别低估了100来块的购买力，够吃半个月了,菲菲上班吃什么,2026-06-07 13:18:09,图文笔记,已推广,1917,114.0,16.0,69.0,1.0,1.0,21.0,18.0,4.0,0.0,0.0,35.99,有成交
6a24d2500000000035026f81,减脂人冰箱里真的该有虾仁🍤,鲜水湾甄选,2026-06-07 10:07:12,图文笔记,未推广,1081,80.0,16.0,0.0,0.0,0.0,10.0,9.0,1.0,0.0,0.0,0,无成交数据
6a23ee3a0000000008000145,正确的CPB饮食✅不是硬抗，是吃对,鲜水湾,2026-06-06 17:54:02,图文笔记,已推广,1589,174.0,17.0,0.0,0.0,0.0,11.0,10.0,3.0,0.0,0.0,0,无成交数据
6a23dd7b0000000020039610,宝子们，这才是减脂人冰箱的正确打开方式！,鲜水湾,2026-06-06 16:42:35,图文笔记,未推广,1089,102.0,14.0,0.0,0.0,0.0,9.0,7.0,2.0,0.0,0.0,0,无成交数据
6a23d87c0000000007028adb,我妈说我疯了…第一次囤了7天的量…,菲菲上班吃什么,2026-06-06 17:31:01,图文笔记,已推广,3796,266.0,14.0,389.46,4.0,4.0,60.0,52.0,8.0,66.0,1.0,102.6,有成交
6a23d850000000003503314c,控体期不吃虾仁，你糊涂啊！！！！,鲜水湾甄选,2026-06-06 16:20:32,图文笔记,未推广,1028,64.0,11.0,0.0,0.0,0.0,13.0,12.0,3.0,0.0,0.0,0,无成交数据
6a23d61300000000210092c5,说一个热量低，但可以撑死人的东西❗️,婉婉上班吃什么,2026-06-06 16:10:59,图文笔记,未推广,1497,107.0,16.0,0.0,0.0,0.0,10.0,10.0,2.0,0.0,0.0,0,无成交数据
6a23c9320000000006035f97,吃了半个月虾仁🍤才花了60,婉婉上班吃什么,2026-06-06 15:16:02,图文笔记,已推广,8161,435.0,24.0,69.0,1.0,1.0,82.0,72.0,9.0,69.0,1.0,8.45,有成交
6a23c3320000000036000dec,减脂期69块虾仁，真比奶茶费钱吗？,鲜水湾甄选,2026-06-06 14:50:26,图文笔记,已推广,1321,122.0,13.0,69.0,1.0,1.0,12.0,11.0,1.0,0.0,0.0,52.23,有成交
6a238302000000002103cc4e,夏天减脂真不贵，69块钱够我吃一周了！！！,菲菲上班吃什么,2026-06-06 10:16:34,图文笔记,未推广,1280,142.0,16.0,0.0,0.0,0.0,16.0,16.0,2.0,0.0,0.0,0,无成交数据
6a238253000000003502619a,减脂期连吃15天虾仁后，我真香了…,鲜水湾甄选,2026-06-06 10:13:39,图文笔记,已推广,1341,81.0,15.0,0.0,0.0,0.0,8.0,8.0,2.0,0.0,0.0,0,无成交数据
6a22db7c0000000008026840,整条7斤三文鱼，直降100再减30！,鲜水湾,2026-06-05 22:21:48,图文笔记,已推广,2044,131.0,13.0,118.0,1.0,1.0,11.0,11.0,2.0,0.0,0.0,57.73,有成交
6a22c7c1000000000803eaec,本来想尝试一下，结果回购了一次又一次,婉婉上班吃什么,2026-06-05 20:57:37,图文笔记,已推广,3846,222.0,15.0,69.0,1.0,1.0,52.0,46.0,8.0,0.0,0.0,17.94,有成交
6a22c0cd000000000803d4db,超级爱吃我自己做的饭！（减脂餐,鲜水湾,2026-06-05 20:27:57,图文笔记,已推广,1854,254.0,17.0,65.0,1.0,1.0,9.0,8.0,2.0,0.0,0.0,35.06,有成交
6a22b9740000000008031fca,69的购买力解决一周上班带饭……,婉婉上班吃什么,2026-06-05 19:56:36,图文笔记,已推广,2393,251.0,17.0,69.0,1.0,1.0,30.0,26.0,2.0,0.0,0.0,28.83,有成交
6a22a7cd000000003503a299,小小69元，承包了独居人一周减脂的快乐！,鲜水湾甄选,2026-06-05 20:19:01,图文笔记,未推广,2216,188.0,13.0,69.0,1.0,1.0,28.0,27.0,5.0,0.0,0.0,31.14,有成交
6a22a7a30000000021023fcd,吃了半个多月的虾仁，发现才花了100多！！！,菲菲上班吃什么,2026-06-05 20:40:04,图文笔记,已推广,1405,54.0,13.0,0.0,0.0,0.0,7.0,7.0,0.0,0.0,0.0,0,无成交数据
6a2292a00000000007011284,抱歉Sam，找到适合一人食的虾仁了,婉婉上班吃什么,2026-06-05 17:10:56,图文笔记,已推广,1608,138.0,16.0,0.0,0.0,0.0,10.0,10.0,1.0,0.0,0.0,0,无成交数据
6a227f9400000000080039c2,爸妈觉得我每天吃一包虾仁很奢侈……,菲菲上班吃什么,2026-06-05 15:49:40,图文笔记,已推广,2112,162.0,15.0,0.0,0.0,0.0,25.0,23.0,0.0,0.0,0.0,0,无成交数据
6a2273820000000022020762,以为 69 没多少，结果解决了我一周上班带饭,鲜水湾甄选,2026-06-05 14:58:10,图文笔记,未推广,1213,88.0,16.0,69.0,1.0,1.0,10.0,9.0,1.0,0.0,0.0,56.88,有成交
6a222d8400000000070122f6,小红书66周年庆，整条三文鱼满300-30真香,鲜水湾,2026-06-05 09:59:32,图文笔记,已推广,1555,88.0,6.0,338.0,1.0,1.0,11.0,11.0,3.0,0.0,0.0,217.36,有成交
6a2180080000000008027c08,沉浸式懒人减脂备菜，69块吃一周……,菲菲上班吃什么,2026-06-04 21:39:20,图文笔记,已推广,1427,104.0,16.0,138.0,2.0,2.0,11.0,10.0,0.0,0.0,0.0,96.71,有成交
6a2170cd0000000006036fa1,谁懂啊，减脂期真的离不开小包装虾仁…,菲菲上班吃什么,2026-06-04 20:34:21,图文笔记,未推广,1244,81.0,13.0,0.0,0.0,0.0,8.0,8.0,3.0,0.0,0.0,0,无成交数据
6a2141a7000000003503ac3c,厨房越小越爱，独立小包装懒人食材……,鲜水湾甄选,2026-06-04 17:13:11,图文笔记,未推广,1291,122.0,15.0,69.0,1.0,1.0,12.0,12.0,2.0,0.0,0.0,53.45,有成交
6a211b71000000000803c7d8,可以和pxx说拜拜了，300来块整条三文鱼,鲜水湾,2026-06-04 14:30:09,图文笔记,已推广,2300,156.0,14.0,368.0,1.0,1.0,25.0,22.0,3.0,0.0,0.0,160.0,有成交
6a210fa2000000003501e231,健身5年建议：减脂期虾仁不要随便买……,鲜水湾甄选,2026-06-04 13:39:47,图文笔记,未推广,1080,97.0,14.0,0.0,0.0,0.0,8.0,7.0,1.0,0.0,0.0,0,无成交数据
6a20f00f00000000060226a5,夏日减脂真不贵，69承包我一周减脂餐！！！！,菲菲上班吃什么,2026-06-04 11:25:03,图文笔记,已推广,1481,92.0,15.0,138.0,2.0,2.0,9.0,9.0,1.0,0.0,0.0,93.18,有成交
6a2028c6000000000702fc73,整条三文鱼真是长期主义的选择！,鲜水湾,2026-06-03 21:14:46,图文笔记,已推广,1602,124.0,17.0,0.0,0.0,0.0,11.0,11.0,1.0,0.0,0.0,0,无成交数据
6a2014a70000000021008ceb,以为69没多少，实际够我吃一周的了！！！,菲菲上班吃什么,2026-06-03 21:48:00,图文笔记,未推广,1565,148.0,18.0,69.0,1.0,1.0,22.0,20.0,4.0,0.0,0.0,44.09,有成交
6a1ff97300000000080335bb,误以为很贵的整条三文鱼才三百多😆,鲜水湾,2026-06-03 17:52:51,图文笔记,已推广,1287,72.0,14.0,456.0,2.0,2.0,14.0,11.0,3.0,452.84000000000003,2.0,354.31,有成交
6a1ff5f200000000060363f8,宅家囤了无数次，比买活虾还划算‼️,婉婉上班吃什么,2026-06-03 17:37:54,图文笔记,已推广,1837,132.0,16.0,207.0,3.0,3.0,29.0,29.0,7.0,0.0,0.0,112.68,有成交
6a1fe5e80000000035020b0a,听我一句劝，现在控体还来得及！！！,鲜水湾甄选,2026-06-03 16:29:28,图文笔记,未推广,2938,340.0,30.0,69.0,1.0,1.0,40.0,37.0,8.0,0.0,0.0,23.49,有成交
6a1fe2700000000007028e40,算了不劝了，一个人带动全公司买的🤣,菲菲上班吃什么,2026-06-03 16:14:40,图文笔记,未推广,1105,93.0,14.0,0.0,0.0,0.0,11.0,11.0,0.0,0.0,0.0,0,无成交数据
6a1fde4d0000000008031b0b,感谢老板，好吃到想要办年卡🥳,婉婉上班吃什么,2026-06-03 15:57:01,图文笔记,已推广,3099,270.0,17.0,197.0,2.0,2.0,43.0,37.0,7.0,0.0,0.0,63.57,有成交
6a1fc76f0000000006020249,脱脂牛马控体餐，瘦都是我应得的！,鲜水湾,2026-06-03 14:19:27,图文笔记,未推广,1324,128.0,14.0,0.0,0.0,0.0,8.0,8.0,1.0,0.0,0.0,0,无成交数据
6a1fbe70000000002103f467,年轻人真的别再低估100块的购买力了😭,婉婉上班吃什么,2026-06-03 13:41:04,图文笔记,已推广,1574,127.0,14.0,69.0,1.0,1.0,15.0,12.0,2.0,0.0,0.0,43.84,有成交
6a1fad3d00000000060325dd,今年坠成功的消费降级，69吃一周！！！,菲菲上班吃什么,2026-06-03 12:27:41,图文笔记,已推广,1213,64.0,16.0,0.0,0.0,0.0,8.0,8.0,2.0,0.0,0.0,0,无成交数据
6a1f900f00000000060311f2,谁说死虾冷冻是直的，活虾冷冻才弯曲？,鲜水湾,2026-06-03 10:23:12,图文笔记,未推广,1425,144.0,5.0,0.0,0.0,0.0,9.0,9.0,0.0,0.0,0.0,0,无成交数据
6a1f87ac000000002100a493,算了，和你们点外卖的说不清楚🥲,鲜水湾,2026-06-03 09:47:24,图文笔记,已推广,4309,633.0,29.0,368.0,1.0,1.0,95.0,86.0,10.0,0.0,0.0,85.4,有成交
6a1ecb730000000006023d28,独居3年，独立包装的虾仁救了我太多次🍤,菲菲上班吃什么,2026-06-02 21:49:00,图文笔记,未推广,1897,108.0,12.0,0.0,0.0,0.0,14.0,13.0,1.0,0.0,0.0,0,无成交数据
6a1ecb4e0000000006023cac,虾仁！！！打工人下班10分钟吃上饭！！！,菲菲上班吃什么,2026-06-02 20:23:42,图文笔记,已推广,4548,459.0,19.0,68.0,1.0,1.0,32.0,25.0,5.0,65.0,1.0,14.95,有成交
6a1ebe4100000000070221e9,5年健身人！！！吃的干净真的会上瘾！！,菲菲上班吃什么,2026-06-02 19:28:01,图文笔记,未推广,1870,191.0,32.0,69.0,1.0,1.0,15.0,12.0,1.0,69.0,1.0,36.9,有成交
6a1e98ad0000000007011a09,看似复杂，其实香煎三文鱼真的不难,鲜水湾,2026-06-02 16:47:41,图文笔记,已推广,1039,73.0,10.0,0.0,0.0,0.0,8.0,8.0,1.0,0.0,0.0,0,无成交数据
6a1e959a000000002101a0f0,300多囤够了一个月的减脂餐,鲜水湾,2026-06-02 16:34:34,图文笔记,已推广,2627,192.0,21.0,0.0,0.0,0.0,30.0,26.0,6.0,0.0,0.0,0,无成交数据
6a1e8d92000000000702fa8c,山母对不起，还是小包装更有幸福感～,婉婉上班吃什么,2026-06-02 16:00:18,图文笔记,已推广,9951,1039,16.0,0.0,0.0,0.0,35.0,30.0,5.0,0.0,0.0,0,无成交数据
6a1e8953000000000602263a,同事说我每天吃三文鱼太奢侈了…,鲜水湾,2026-06-02 15:42:11,图文笔记,已推广,10316,1288,36.0,246.0,2.0,2.0,173.0,147.0,23.0,118.0,1.0,23.85,有成交
6a1e7035000000002101b010,青岛发来的，被爸妈一顿夸！,鲜水湾,2026-06-02 13:55:02,图文笔记,已推广,1761,128.0,10.0,0.0,0.0,0.0,16.0,12.0,3.0,0.0,0.0,0,无成交数据
6a1e6a83000000000803fc2c,刚吃完一箱，我妈催着再囤一箱,婉婉上班吃什么,2026-06-02 13:30:44,图文笔记,已推广,2524,199.0,17.0,137.0,2.0,2.0,28.0,25.0,2.0,0.0,0.0,54.28,有成交
6a1e50fe000000002200acd3,以为剥虾很麻烦，结果开袋就能直接下锅,婉婉上班吃什么,2026-06-02 11:41:50,图文笔记,已推广,1281,118.0,12.0,68.0,1.0,1.0,14.0,11.0,1.0,0.0,0.0,53.08,有成交
6a1e453c00000000220182a3,算了，和你们点外卖的说不清楚🥲,鲜水湾甄选,2026-06-02 10:51:40,图文笔记,未推广,1135,50.0,15.0,0.0,0.0,0.0,5.0,5.0,0.0,0.0,0.0,0,无成交数据
6a1d832d0000000006030016,这也太方便了吧😂15分钟复刻三文鱼能量碗,鲜水湾,2026-06-01 21:03:41,图文笔记,未推广,4263,433.0,21.0,0.0,0.0,0.0,27.0,24.0,5.0,0.0,0.0,0,无成交数据
6a1d7dc10000000035025ab8,挖到宝！早八上班族最近标配🍤,鲜水湾甄选,2026-06-01 20:40:33,图文笔记,未推广,1433,86.0,15.0,137.0,2.0,2.0,9.0,7.0,3.0,0.0,0.0,95.6,有成交
6a1d7d60000000000803e347,坚持吃虾仁代替外卖，两周后连自己都惊讶,婉婉上班吃什么,2026-06-01 20:38:56,图文笔记,未推广,1405,70.0,17.0,0.0,0.0,0.0,12.0,12.0,1.0,0.0,0.0,0,无成交数据
6a1d3fd90000000006036f55,直观展示一下 100 元的购买力！！！！,菲菲上班吃什么,2026-06-01 16:16:25,图文笔记,已推广,3916,284.0,37.0,207.0,3.0,3.0,63.0,57.0,13.0,69.0,1.0,52.86,有成交
6a1d3c4c0000000036000bb5,奉劝大家不要低估 69 块的购买力！！！,鲜水湾甄选,2026-06-01 16:01:16,图文笔记,未推广,1227,113.0,15.0,0.0,0.0,0.0,12.0,12.0,3.0,0.0,0.0,0,无成交数据
6a1cf5d70000000007024c06,和老爸商量后，推出专为健身党做的轮切中段,鲜水湾,2026-06-01 11:00:39,图文笔记,已推广,1944,113.0,22.0,67.0,1.0,1.0,50.0,41.0,4.0,46.0,1.0,34.47,有成交
6a1c36420000000006033e57,健身穷鬼的蛋白自由，一袋才12块8,婉婉上班吃什么,2026-05-31 21:23:14,图文笔记,已推广,1619,155.0,20.0,0.0,0.0,0.0,24.0,21.0,5.0,0.0,0.0,0,无成交数据
6a1c352800000000080276ee,听客户说处理虾太烦，连夜改了独立小包装,鲜水湾,2026-05-31 21:18:32,图文笔记,已推广,1574,118.0,16.0,0.0,0.0,0.0,21.0,17.0,4.0,0.0,0.0,0,无成交数据
6a1bf68f000000000803e458,今年坠成功的消费降级，300块实现三文自由,鲜水湾,2026-05-31 16:51:27,图文笔记,已推广,1148,67.0,20.0,0.0,0.0,0.0,8.0,6.0,1.0,0.0,0.0,0,无成交数据
6a1b8e26000000000803df95,独居党囤虾仁太香了！！！！！,菲菲上班吃什么,2026-05-31 18:25:02,视频笔记,未推广,3203,2984,15.0,0.0,0.0,0.0,34.0,31.0,5.0,0.0,0.0,0,无成交数据
6a1aa4190000000007028c47,和老爸商量后，推出懒人免处理虾仁,鲜水湾,2026-05-30 16:47:21,图文笔记,已推广,1408,99.0,17.0,127.0,1.0,1.0,11.0,9.0,5.0,0.0,0.0,90.2,有成交
6a19609d00000000080265f4,300多块不是小钱，买对了真的够吃很久,鲜水湾,2026-05-29 17:47:09,图文笔记,已推广,1227,58.0,18.0,0.0,0.0,0.0,10.0,7.0,2.0,0.0,0.0,0,无成交数据
6a1946fc000000000803c362,敞开吃吧，减脂期吃三文鱼真的夯爆了,鲜水湾,2026-05-29 15:57:48,图文笔记,未推广,1658,96.0,18.0,68.0,1.0,1.0,21.0,18.0,2.0,0.0,0.0,41.01,有成交
6a19447c00000000080241c1,连吃了7天虾仁，感受到它的威力了,婉婉上班吃什么,2026-05-29 15:47:08,图文笔记,未推广,1192,65.0,13.0,0.0,0.0,0.0,11.0,11.0,2.0,0.0,0.0,0,无成交数据
6a193ac50000000007012679,别小瞧100来块的购买力…,鲜水湾,2026-05-29 15:05:41,图文笔记,已推广,1428,135.0,11.0,0.0,0.0,0.0,16.0,13.0,2.0,0.0,0.0,0,无成交数据
6a18f26900000000350209f4,69块钱虾仁，吃了一周！😭你还说我奢侈…,鲜水湾甄选,2026-05-29 09:56:57,视频笔记,未推广,1048,494.0,13.0,138.0,2.0,2.0,20.0,17.0,2.0,0.0,0.0,131.68,有成交
6a1840170000000006033995,月薪3500，也能实现三文鱼自由了,鲜水湾,2026-05-28 21:16:07,图文笔记,已推广,1414,72.0,16.0,68.0,1.0,1.0,17.0,12.0,3.0,0.0,0.0,48.09,有成交
6a16e2cc00000000080318de,某姆的品质，pxx的价格😎,鲜水湾,2026-05-27 20:25:48,图文笔记,已推广,2042,146.0,22.0,0.0,0.0,0.0,25.0,19.0,4.0,0.0,0.0,0,无成交数据
6a16b0d30000000007023f11,我减脂期无限回购的轮切三文鱼,婉婉上班吃什么,2026-05-27 16:52:35,图文笔记,已推广,3579,327.0,24.0,360.0,4.0,4.0,46.0,40.0,3.0,0.0,0.0,100.59,有成交
6a16a9ad0000000007028360,太适合一人食了，快去拍这个小包装三文鱼,鲜水湾,2026-05-27 16:22:05,图文笔记,已推广,2402,242.0,12.0,235.0,2.0,2.0,45.0,35.0,10.0,0.0,0.0,97.84,有成交
6a169fbd000000000802441b,可惜你没吃过手剥虾仁，又怎知道虾仁有多香,菲菲上班吃什么,2026-05-27 20:36:02,图文笔记,未推广,1452,84.0,14.0,195.0,2.0,2.0,11.0,9.0,4.0,0.0,0.0,134.3,有成交
6a16871e0000000006021b61,帮爸妈卖虾后发现，69块5袋真的够吃一周,鲜水湾,2026-05-27 13:54:38,图文笔记,已推广,2054,181.0,18.0,69.0,1.0,1.0,19.0,16.0,1.0,0.0,0.0,33.59,有成交
6a1684330000000008027d60,以为100块没多少，结果够我吃半个月了,菲菲上班吃什么,2026-05-27 13:42:11,图文笔记,已推广,11262,1219,50.0,340.0,5.0,5.0,227.0,199.0,25.0,0.0,0.0,30.19,有成交
6a155d2f0000000007028fec,100多直接囤够了我一周的减脂餐,鲜水湾,2026-05-26 16:43:27,图文笔记,已推广,1279,100.0,11.0,128.0,1.0,1.0,14.0,10.0,3.0,115.0,1.0,100.08,有成交
6a1553d5000000003501d112,懒人做饭第一次这么有成就感！！！！,鲜水湾甄选,2026-05-26 16:36:01,图文笔记,未推广,1196,108.0,13.0,69.0,1.0,1.0,4.0,4.0,0.0,0.0,0.0,57.69,有成交
6a155357000000000802597b,网上买的冷冻虾仁这样做好吃又减脂❗️,婉婉上班吃什么,2026-05-26 16:01:28,图文笔记,未推广,1233,107.0,14.0,0.0,0.0,0.0,8.0,8.0,0.0,0.0,0.0,0,无成交数据
6a1552480000000007027e62,我也不想吃啊，可它69够我吃一周了😂,菲菲上班吃什么,2026-05-26 19:31:01,图文笔记,未推广,3685,250.0,16.0,138.0,2.0,2.0,42.0,38.0,6.0,0.0,0.0,37.45,有成交
6a154fb3000000000802466b,同事对于我每天吃一盒虾仁，表示很奢侈…,菲菲上班吃什么,2026-05-26 18:59:02,图文笔记,未推广,1524,134.0,13.0,0.0,0.0,0.0,9.0,9.0,4.0,0.0,0.0,0,无成交数据
6a154b300000000035025a23,跟老爸商量后，决定推出独居姐妹小包装虾仁,鲜水湾甄选,2026-05-26 21:44:00,图文笔记,未推广,1302,88.0,12.0,0.0,0.0,0.0,15.0,15.0,4.0,0.0,0.0,0,无成交数据
6a1539bb00000000080258a9,打工人冰箱里必须有它的位置！！！！,菲菲上班吃什么,2026-05-26 14:12:11,图文笔记,未推广,1105,32.0,13.0,0.0,0.0,0.0,3.0,3.0,0.0,0.0,0.0,0,无成交数据
6a1539b00000000006030c36,月子中心吃过一次，我回家买了一整条,婉婉上班吃什么,2026-05-26 14:12:00,图文笔记,未推广,7324,877.0,19.0,144.0,1.0,1.0,52.0,50.0,13.0,0.0,0.0,19.66,有成交
6a1537250000000006021ba5,不会做饭也能做三文鱼蒸蛋,鲜水湾,2026-05-26 14:01:09,图文笔记,已推广,1791,229.0,13.0,0.0,0.0,0.0,5.0,4.0,1.0,0.0,0.0,0,无成交数据
6a15128f0000000006032227,感谢xhs股东🙏，我家虾仁卖了1000单了,鲜水湾,2026-05-26 11:25:03,图文笔记,已推广,1142,35.0,12.0,197.0,2.0,2.0,8.0,5.0,0.0,0.0,0.0,172.5,有成交
6a1509b00000000007010f60,感觉现在的打工人都低估了69r的购买力！,鲜水湾,2026-05-26 10:47:12,图文笔记,已推广,1652,142.0,15.0,69.0,1.0,1.0,19.0,16.0,1.0,0.0,0.0,41.77,有成交
6a143bec0000000007027ac8,太喜欢这个整条三文鱼了，比某马实惠多了,婉婉上班吃什么,2026-05-25 20:09:16,图文笔记,未推广,2749,211.0,17.0,0.0,0.0,0.0,22.0,19.0,5.0,0.0,0.0,0,无成交数据
6a1414a40000000006033143,某姆对不起，还是小包装虾仁更有幸福感✌️,婉婉上班吃什么,2026-05-25 17:21:40,图文笔记,未推广,1556,112.0,17.0,0.0,0.0,0.0,9.0,9.0,2.0,0.0,0.0,0,无成交数据
6a1412c3000000003502af83,奉劝大家不要低估69块的购买力！ ！！,鲜水湾甄选,2026-05-25 22:10:01,图文笔记,已推广,3060,220.0,16.0,69.0,1.0,1.0,29.0,27.0,7.0,0.0,0.0,22.55,有成交
6a140f02000000003503373c,315过后，每天300斤虾仁不够卖的…,鲜水湾甄选,2026-05-25 18:40:05,图文笔记,已推广,2448,169.0,17.0,138.0,2.0,2.0,32.0,27.0,9.0,69.0,1.0,56.37,有成交
6a140dbc0000000036000d14,直观展示一下100元的购买力！,鲜水湾甄选,2026-05-25 16:52:12,图文笔记,未推广,1966,91.0,15.0,0.0,0.0,0.0,27.0,20.0,3.0,0.0,0.0,0,无成交数据
6a140cce0000000007029356,听劝，咱家虾仁收到就白水煮！,菲菲上班吃什么,2026-05-25 21:20:02,图文笔记,未推广,2165,184.0,12.0,128.0,1.0,1.0,17.0,16.0,4.0,0.0,0.0,59.12,有成交
6a140ade0000000007028919,第一次对爬坡后虾仁起了敬意……,菲菲上班吃什么,2026-05-25 19:04:02,图文笔记,未推广,1251,67.0,12.0,69.0,1.0,1.0,10.0,10.0,1.0,0.0,0.0,55.16,有成交
6a1409550000000007021ae4,😭上班带虾仁，被说“炫富”！,菲菲上班吃什么,2026-05-25 17:59:03,图文笔记,未推广,1071,101.0,12.0,0.0,0.0,0.0,6.0,6.0,2.0,0.0,0.0,0,无成交数据
6a13dd8b000000000702aade,和老爸商量了，推出打工人带饭小包装虾仁,鲜水湾,2026-05-25 13:26:35,图文笔记,已推广,2539,180.0,17.0,69.0,1.0,1.0,31.0,29.0,6.0,0.0,0.0,27.18,有成交
6a1262a00000000008032928,老板都说“奢侈”其实真不贵！！,菲菲上班吃什么,2026-05-24 15:49:00,图文笔记,未推广,1030,93.0,14.0,69.0,1.0,1.0,5.0,4.0,2.0,0.0,0.0,66.99,有成交
6a1262490000000006035a2f,315过后，每天300斤虾仁不够卖的,菲菲上班吃什么,2026-05-24 13:28:00,图文笔记,未推广,1193,83.0,12.0,69.0,1.0,1.0,19.0,16.0,2.0,69.0,1.0,57.84,有成交
6a12616800000000070105a5,直观展示一下100元的购买力！,菲菲上班吃什么,2026-05-24 10:24:40,图文笔记,已推广,3217,240.0,14.0,0.0,0.0,0.0,35.0,28.0,5.0,0.0,0.0,0,无成交数据
6a1260e10000000035023c08,听劝，咱家虾仁收到就白水煮！,鲜水湾甄选,2026-05-24 20:22:01,图文笔记,未推广,3739,392.0,13.0,138.0,2.0,2.0,31.0,30.0,9.0,0.0,0.0,36.91,有成交
6a125f1b00000000350263b6,第一次对爬坡后虾仁起了敬意……,鲜水湾甄选,2026-05-24 15:36:01,图文笔记,未推广,1074,90.0,14.0,0.0,0.0,0.0,0.0,0.0,0.0,0.0,0.0,0,无成交数据
6a125d81000000003502a962,早八打工人建议：减脂虾仁不要随便买 ！！！,鲜水湾甄选,2026-05-24 10:08:01,图文笔记,未推广,1044,64.0,13.0,69.0,1.0,1.0,6.0,6.0,1.0,0.0,0.0,66.09,有成交
6a11b27c00000000070109ee,sam对不起，还是小包装更有幸福感✌️,鲜水湾,2026-05-23 21:58:20,图文笔记,已推广,2174,124.0,12.0,197.0,2.0,2.0,25.0,21.0,7.0,15.0,1.0,90.62,有成交
6a119cd50000000006035f02,算了不劝了…69元5袋已经是虾仁的底线了,鲜水湾,2026-05-23 20:25:57,图文笔记,已推广,1486,50.0,15.0,0.0,0.0,0.0,17.0,16.0,2.0,0.0,0.0,0,无成交数据
6a1111470000000008025231,因为我一个人，带动了整个办公室,婉婉上班吃什么,2026-05-23 10:30:31,图文笔记,已推广,8719,724.0,16.0,68.0,1.0,1.0,75.0,69.0,16.0,0.0,0.0,7.8,有成交
6a110b8d000000000803eeaa,由于我不停的吃！！ 同事都以为我减脂失败了,菲菲上班吃什么,2026-05-23 21:35:01,图文笔记,未推广,1134,104.0,13.0,0.0,0.0,0.0,3.0,3.0,0.0,0.0,0.0,0,无成交数据
6a110a4400000000070262fe,69块承包一周减脂餐，真真真香⚠️,菲菲上班吃什么,2026-05-23 18:50:02,图文笔记,未推广,1139,104.0,14.0,0.0,0.0,0.0,9.0,9.0,3.0,0.0,0.0,0,无成交数据
6a11075b0000000035022562,真听劝，推出不到100卡一人食小包装,鲜水湾甄选,2026-05-23 20:27:01,图文笔记,未推广,1215,85.0,14.0,138.0,2.0,2.0,16.0,14.0,3.0,0.0,0.0,113.58,有成交
6a1106bb000000003502229f,手剥虾仁69管一周？一人食减脂餐,鲜水湾甄选,2026-05-23 19:09:01,图文笔记,未推广,1109,62.0,14.0,98.0,1.0,1.0,15.0,14.0,2.0,0.0,0.0,88.37,有成交
6a1106a50000000035039b13,69元让我戒掉轻食外卖😭 一餐一包真的顶！,鲜水湾甄选,2026-05-23 17:45:02,图文笔记,未推广,1154,76.0,14.0,128.0,1.0,1.0,16.0,14.0,3.0,0.0,0.0,110.92,有成交
6a1071980000000006032bc8,带饭三个月，存了一万二,婉婉上班吃什么,2026-05-22 23:09:12,图文笔记,已推广,1183,102.0,12.0,0.0,0.0,0.0,6.0,6.0,0.0,0.0,0.0,0,无成交数据
6a101b010000000008033c14,夏天必吃的黄瓜拌虾仁（附调料教程✅,鲜水湾,2026-05-22 16:59:45,图文笔记,未推广,1450,102.0,21.0,0.0,0.0,0.0,6.0,6.0,0.0,0.0,0.0,0,无成交数据
6a100f2f000000003502393d,减脂期的快乐只花69块就能拥有～,鲜水湾甄选,2026-05-22 17:55:03,图文笔记,未推广,1099,78.0,11.0,325.0,2.0,2.0,13.0,13.0,1.0,0.0,0.0,295.72,有成交
6a1009a900000000070218e0,瘦干螂饮食法🔥100来块够吃一周了,婉婉上班吃什么,2026-05-22 15:45:45,图文笔记,已推广,12479,2116,45.0,367.0,1.0,1.0,102.0,88.0,14.0,0.0,0.0,29.41,有成交
6a0ff7c8000000000702ebeb,和爸妈商量了，推出一人食带饭小包装虾仁,鲜水湾,2026-05-22 14:29:28,图文笔记,已推广,1307,118.0,14.0,0.0,0.0,0.0,13.0,13.0,0.0,0.0,0.0,0,无成交数据
6a0ff39e000000000702d78a,某马对不起，还是无保水虾仁更适合我,婉婉上班吃什么,2026-05-22 14:11:42,图文笔记,未推广,5824,600.0,18.0,265.0,3.0,3.0,65.0,56.0,15.0,0.0,0.0,45.5,有成交
6a0fc0660000000007029671,为啥要点外卖？没人觉得上班带饭很省钱吗😅,婉婉上班吃什么,2026-05-22 10:33:10,视频笔记,已推广,2516,1676,21.0,0.0,0.0,0.0,36.0,34.0,1.0,0.0,0.0,0,无成交数据
6a0f0f66000000000701304a,三文鱼别直接下锅，这样煎才嫩不柴,鲜水湾,2026-05-21 21:57:58,图文笔记,已推广,1626,253.0,17.0,0.0,0.0,0.0,10.0,10.0,2.0,0.0,0.0,0,无成交数据
6a0ed586000000000702c107,300来块解决我半个月的健康晚餐,鲜水湾,2026-05-21 17:51:02,图文笔记,已推广,3445,279.0,14.0,242.0,3.0,3.0,48.0,44.0,8.0,0.0,0.0,70.25,有成交
6a0ec18f000000003502f503,100块吃不了一顿火锅，但承包我一周减脂餐！,鲜水湾甄选,2026-05-21 20:26:02,图文笔记,未推广,1037,67.0,11.0,0.0,0.0,0.0,6.0,6.0,1.0,0.0,0.0,0,无成交数据
6a0ec16c00000000070106fa,握草，才69，够我一周上班带饭了,婉婉上班吃什么,2026-05-21 16:25:16,图文笔记,已推广,2758,158.0,21.0,138.0,2.0,2.0,25.0,22.0,5.0,0.0,0.0,50.04,有成交
6a0ec133000000003503371b,以为69没多少，结果又够一周带饭了🤭,鲜水湾甄选,2026-05-21 19:41:00,图文笔记,未推广,1357,109.0,14.0,0.0,0.0,0.0,12.0,11.0,3.0,0.0,0.0,0,无成交数据
6a0eb3c30000000008031691,真听劝，推出减脂期一人食小包装！！！,菲菲上班吃什么,2026-05-21 15:26:59,图文笔记,未推广,1146,29.0,12.0,0.0,0.0,0.0,11.0,9.0,3.0,0.0,0.0,0,无成交数据
6a0eb3210000000008026a50,早知有这一口。。还去轻食店费啥钱啊😅,婉婉上班吃什么,2026-05-21 15:24:17,图文笔记,未推广,1790,163.0,15.0,0.0,0.0,0.0,19.0,17.0,1.0,0.0,0.0,0,无成交数据
6a0eb27a000000003503807e,夏天减脂真不贵，69块钱够我吃一周了！！！,鲜水湾甄选,2026-05-21 16:03:01,图文笔记,未推广,1104,95.0,15.0,0.0,0.0,0.0,6.0,6.0,0.0,0.0,0.0,0,无成交数据
6a0ea674000000000702b110,一个热量很低，但可以撑死人的东西！,婉婉上班吃什么,2026-05-21 14:30:12,图文笔记,未推广,1284,100.0,13.0,0.0,0.0,0.0,9.0,8.0,1.0,0.0,0.0,0,无成交数据
6a0e9f15000000003502f07f,减脂期吃了15天虾仁的后果…,鲜水湾甄选,2026-05-21 13:58:46,图文笔记,未推广,1567,171.0,12.0,0.0,0.0,0.0,15.0,12.0,3.0,0.0,0.0,0,无成交数据
6a0e9cd40000000008027b54,以为69没多少，结果够我一周上班带饭了,婉婉上班吃什么,2026-05-21 13:49:08,图文笔记,未推广,1737,126.0,17.0,202.0,3.0,3.0,27.0,24.0,1.0,133.0,2.0,116.29,有成交
6a0e7b66000000003501e0a2,和老爸商量后，推出独居姐妹专属一人食,鲜水湾甄选,2026-05-21 11:52:00,图文笔记,未推广,2538,156.0,13.0,0.0,0.0,0.0,32.0,28.0,6.0,0.0,0.0,0,无成交数据
6a0e635700000000060238f6,邪修减肥法！我就说网上能学到好东西…,菲菲上班吃什么,2026-05-21 09:43:51,图文笔记,未推广,1207,128.0,15.0,0.0,0.0,0.0,4.0,4.0,1.0,0.0,0.0,0,无成交数据
6a0d860900000000060347fd,减肥党最近狂炫虾仁🥹 比外卖便宜！！,菲菲上班吃什么,2026-05-20 17:59:37,图文笔记,未推广,1162,67.0,13.0,0.0,0.0,0.0,8.0,7.0,3.0,0.0,0.0,0,无成交数据
6a0d74450000000036002fed,‼️真听劝，推出不到100卡一人食小包装,鲜水湾甄选,2026-05-20 22:11:00,图文笔记,未推广,1010,44.0,11.0,69.0,1.0,1.0,7.0,5.0,1.0,0.0,0.0,68.32,有成交
6a0d7091000000003600193c,我靠虾仁把奶茶戒了😭,鲜水湾甄选,2026-05-20 17:59:05,图文笔记,未推广,1064,120.0,13.0,0.0,0.0,0.0,3.0,3.0,0.0,0.0,0.0,0,无成交数据
6a0d6df000000000070136ca,某马虾仁很好，但网购小包装更适合一人食,婉婉上班吃什么,2026-05-20 16:16:48,图文笔记,已推广,3134,230.0,15.0,138.0,2.0,2.0,28.0,22.0,4.0,0.0,0.0,44.03,有成交
6a0d6cfa000000003502787c,冰箱有它，懒人一周带饭不重样🍱,鲜水湾甄选,2026-05-20 16:12:42,图文笔记,未推广,1075,83.0,12.0,69.0,1.0,1.0,12.0,12.0,4.0,0.0,0.0,64.19,有成交
6a0d69170000000006021bf8,315之后才发现，大家真的懂选虾仁了,鲜水湾,2026-05-20 15:56:07,图文笔记,已推广,3791,148.0,16.0,138.0,2.0,2.0,44.0,38.0,5.0,69.0,1.0,36.4,有成交
6a0d56d7000000000803117f,按照客户要求，推出不到100卡减脂小包装,鲜水湾,2026-05-20 14:38:15,图文笔记,已推广,3523,226.0,17.0,138.0,2.0,2.0,51.0,46.0,13.0,0.0,0.0,39.17,有成交
6a0d45bc0000000007023c08,太宠粉了！商家终于出一人食小包装虾仁了,婉婉上班吃什么,2026-05-20 13:25:16,图文笔记,未推广,1684,105.0,12.0,64.0,1.0,1.0,12.0,10.0,3.0,0.0,0.0,38.0,有成交
6a0d15070000000007020c21,奉劝大家别低估100块，真的够吃大半月,婉婉上班吃什么,2026-05-20 09:57:27,图文笔记,未推广,2761,289.0,20.0,362.0,4.0,4.0,53.0,43.0,12.0,0.0,0.0,131.11,有成交
6a0c732d00000000070222e6,不是所有鱼，都能平替三文鱼,鲜水湾,2026-05-19 22:26:53,图文笔记,已推广,10956,1765,20.0,58.0,1.0,1.0,176.0,138.0,22.0,0.0,0.0,5.29,有成交
6a0c389e0000000008033365,拒绝外卖刺客！69够吃一周轻食了！,婉婉上班吃什么,2026-05-19 18:17:02,图文笔记,未推广,1226,113.0,14.0,0.0,0.0,0.0,4.0,4.0,0.0,0.0,0.0,0,无成交数据
6a0c2e49000000000803c301,电子支付，让年轻人低估了300多块的购买力,鲜水湾,2026-05-19 17:32:57,图文笔记,已推广,1495,114.0,18.0,127.0,1.0,1.0,27.0,24.0,3.0,0.0,0.0,84.95,有成交
6a0c1cd600000000060343b7,独居的快乐：虾仁自由终于实现了🥹,菲菲上班吃什么,2026-05-19 20:53:01,图文笔记,未推广,1010,53.0,12.0,0.0,0.0,0.0,4.0,3.0,1.0,0.0,0.0,0,无成交数据
6a0c1cbe0000000008026b45,终于找到孕妈妈可以放心吃的盐田虾了,婉婉上班吃什么,2026-05-19 16:18:06,图文笔记,未推广,3690,464.0,5.0,0.0,0.0,0.0,43.0,38.0,7.0,0.0,0.0,0,无成交数据
6a0c1c7f0000000006023c96,带饭被同事围观：你也吃太好了吧🍤,菲菲上班吃什么,2026-05-19 19:46:01,图文笔记,未推广,1086,93.0,12.0,0.0,0.0,0.0,8.0,7.0,1.0,0.0,0.0,0,无成交数据
6a0c1c5e0000000007013b04,这虾仁，懒人看了都心动🤣,菲菲上班吃什么,2026-05-19 18:58:03,图文笔记,未推广,1141,67.0,11.0,0.0,0.0,0.0,4.0,4.0,0.0,0.0,0.0,0,无成交数据
6a0c1c4e0000000007020d4e,我妈：终于不天天吃外卖了😂,菲菲上班吃什么,2026-05-19 17:56:03,图文笔记,未推广,3622,380.0,25.0,69.0,1.0,1.0,50.0,47.0,15.0,0.0,0.0,19.05,有成交
6a0c1c4500000000060323cc,原来减脂餐也能吃这么爽😭 比外卖好吃！！！,菲菲上班吃什么,2026-05-19 16:16:05,图文笔记,未推广,1326,110.0,14.0,138.0,2.0,2.0,13.0,12.0,5.0,0.0,0.0,104.07,有成交
6a0c1b4c0000000035031bf6,🥹租房党真的会无限回购这种虾仁……,鲜水湾甄选,2026-05-19 21:45:02,图文笔记,已推广,2352,200.0,19.0,0.0,0.0,0.0,46.0,41.0,12.0,0.0,0.0,0,无成交数据
6a0c1aaf00000000350202a9,早八减脂人，5分钟搞定👩‍🍳快手早餐！！！,鲜水湾甄选,2026-05-19 20:10:09,图文笔记,未推广,1284,116.0,16.0,69.0,1.0,1.0,12.0,11.0,4.0,69.0,1.0,53.74,有成交
6a0c1a810000000035020186,天天带虾仁，同事问我月薪多少啊,鲜水湾甄选,2026-05-19 18:59:04,图文笔记,未推广,1534,105.0,11.0,138.0,2.0,2.0,19.0,17.0,3.0,0.0,0.0,89.96,有成交
6a0c07560000000035038762,👍果然是69吃一周的邪修减脂餐！！！,鲜水湾甄选,2026-05-19 14:46:46,图文笔记,未推广,1150,47.0,13.0,0.0,0.0,0.0,4.0,4.0,0.0,0.0,0.0,0,无成交数据
6a0bcaa1000000000702a734,手剥虾仁69管一周？一人食减脂餐,菲菲上班吃什么,2026-05-19 10:27:45,图文笔记,未推广,1184,91.0,11.0,0.0,0.0,0.0,17.0,15.0,3.0,0.0,0.0,0,无成交数据
6a0bc72e000000003502783e,‼️生活化减脂！！？吃的干净真的会瘦！！！,鲜水湾甄选,2026-05-19 10:13:02,图文笔记,未推广,1095,85.0,13.0,69.0,1.0,1.0,8.0,8.0,0.0,0.0,0.0,63.01,有成交
6a0bc64100000000080016b0,J人闺蜜做的一人食减脂餐,鲜水湾,2026-05-19 10:09:06,图文笔记,未推广,1667,190.0,22.0,0.0,0.0,0.0,20.0,15.0,3.0,0.0,0.0,0,无成交数据
6a0b2579000000000803ecaf,xhs你倒是宣传啊，整条三文鱼300块还发顺丰,鲜水湾,2026-05-18 22:43:05,图文笔记,已推广,3350,244.0,21.0,0.0,0.0,0.0,45.0,37.0,11.0,0.0,0.0,0,无成交数据
6a0adf8b00000000060354c9,区区300多，解决了我一周的减脂餐,鲜水湾,2026-05-18 17:44:43,图文笔记,已推广,1460,71.0,18.0,466.0,2.0,2.0,26.0,15.0,1.0,0.0,0.0,319.18,有成交
6a0ad49300000000070284e3,租房党真的会无限回购这种虾仁……,菲菲上班吃什么,2026-05-18 21:32:01,图文笔记,未推广,1251,103.0,13.0,0.0,0.0,0.0,14.0,13.0,0.0,0.0,0.0,0,无成交数据
6a0ad44b000000000702d937,天天带虾仁，同事问我月薪多少啊,菲菲上班吃什么,2026-05-18 19:39:03,图文笔记,未推广,1146,120.0,15.0,69.0,1.0,1.0,10.0,9.0,2.0,0.0,0.0,60.21,有成交
6a0ad40d0000000007010ed8,最懂减脂人的🍤一餐一包！！！真方便！！,菲菲上班吃什么,2026-05-18 18:55:04,图文笔记,未推广,1958,142.0,20.0,0.0,0.0,0.0,22.0,21.0,3.0,0.0,0.0,0,无成交数据
6a0ad3ca0000000036001f7e,带饭被同事围观：你也吃太好了吧🍤,鲜水湾甄选,2026-05-18 21:44:01,图文笔记,未推广,1814,215.0,14.0,128.0,1.0,1.0,23.0,20.0,3.0,0.0,0.0,70.56,有成交
6a0ad3a60000000036001ea1,我妈：终于不天天吃外卖了🤣,鲜水湾甄选,2026-05-18 20:59:03,图文笔记,未推广,1061,143.0,12.0,0.0,0.0,0.0,9.0,9.0,1.0,0.0,0.0,0,无成交数据
6a0ad37e0000000035038f27,一人居的快乐：虾仁自由终于实现了🥹,鲜水湾甄选,2026-05-18 19:52:02,图文笔记,未推广,1083,88.0,12.0,0.0,0.0,0.0,9.0,8.0,1.0,0.0,0.0,0,无成交数据
6a0aca3c0000000008001208,三文鱼真的太适合上班带饭了,鲜水湾,2026-05-18 16:13:48,图文笔记,已推广,2652,326.0,15.0,0.0,0.0,0.0,31.0,28.0,9.0,0.0,0.0,0,无成交数据
6a0ac7e90000000035028b70,这虾仁独立小包装，懒人看了都心动🤣,鲜水湾甄选,2026-05-18 16:03:53,图文笔记,未推广,1798,96.0,12.0,69.0,1.0,1.0,12.0,10.0,2.0,0.0,0.0,38.38,有成交
6a0abd63000000000702de2a,69块钱，承包了我5天高蛋白减脂餐,婉婉上班吃什么,2026-05-18 15:18:59,图文笔记,已推广,1703,65.0,13.0,69.0,1.0,1.0,11.0,10.0,2.0,0.0,0.0,40.52,有成交
6a0abbbd0000000008000688,谁说打工人带饭麻烦？5分钟搞定👩‍🍳,菲菲上班吃什么,2026-05-18 15:45:02,图文笔记,未推广,1376,96.0,13.0,128.0,1.0,1.0,8.0,8.0,1.0,0.0,0.0,93.02,有成交
6a0ab2990000000008024a34,坚持吃三文鱼后，才懂它为什么没平替,鲜水湾,2026-05-18 14:32:57,图文笔记,已推广,1444,67.0,18.0,118.0,1.0,1.0,17.0,14.0,5.0,0.0,0.0,81.72,有成交
6a0ab074000000000803f6c9,减脂期发现了一个低卡但巨顶饱的东西,婉婉上班吃什么,2026-05-18 14:23:48,图文笔记,已推广,2043,226.0,19.0,69.0,1.0,1.0,20.0,15.0,4.0,0.0,0.0,33.77,有成交
6a0aa4e50000000035038c2e,算了不劝了，打工人有自己的预制菜…,鲜水湾甄选,2026-05-18 13:34:30,图文笔记,未推广,1575,93.0,14.0,0.0,0.0,0.0,17.0,16.0,3.0,0.0,0.0,0,无成交数据
6a0aa3a60000000006030601,年轻人已经对100块钱的购买力没概念了…,菲菲上班吃什么,2026-05-18 13:29:11,图文笔记,未推广,1211,101.0,13.0,0.0,0.0,0.0,9.0,8.0,1.0,0.0,0.0,0,无成交数据
6a0a77cc0000000007021e05,🥹打工人一吃一个不吱声！！！,菲菲上班吃什么,2026-05-18 10:22:05,图文笔记,未推广,1105,97.0,14.0,69.0,1.0,1.0,14.0,13.0,2.0,0.0,0.0,62.44,有成交
6a0a77210000000035025b29,手剥虾仁69管一周？一人食减脂餐,鲜水湾甄选,2026-05-18 10:19:13,图文笔记,未推广,2073,110.0,14.0,0.0,0.0,0.0,16.0,15.0,3.0,0.0,0.0,0,无成交数据
6a09e1ad00000000070293c9,区区300块承包了我一周的减脂餐,鲜水湾,2026-05-17 23:41:33,图文笔记,已推广,1908,159.0,20.0,0.0,0.0,0.0,30.0,23.0,9.0,0.0,0.0,0,无成交数据
6a09412b000000003502d933,比轻食外卖划算太多了🥹,鲜水湾甄选,2026-05-17 22:16:00,图文笔记,未推广,3525,262.0,23.0,69.0,1.0,1.0,54.0,49.0,6.0,69.0,1.0,19.57,有成交
6a0940e10000000035027782,这虾仁真的很适合囤货😭,鲜水湾甄选,2026-05-17 20:59:02,图文笔记,未推广,1239,90.0,15.0,68.0,1.0,1.0,11.0,8.0,3.0,0.0,0.0,54.88,有成交
6a093ff20000000035027259,早八人5分钟便当，同事以为我点外卖😎,鲜水湾甄选,2026-05-17 18:31:01,图文笔记,未推广,1060,58.0,11.0,0.0,0.0,0.0,7.0,7.0,0.0,0.0,0.0,0,无成交数据
6a093f94000000003502b2a4,减脂期囤它，我外卖都戒了😭,鲜水湾甄选,2026-05-17 15:33:02,图文笔记,未推广,1232,103.0,14.0,197.0,2.0,2.0,16.0,11.0,3.0,0.0,0.0,159.9,有成交
6a093ecd0000000035026bea,海边朋友教我这样买虾仁😭,鲜水湾甄选,2026-05-17 12:06:37,图文笔记,未推广,3153,188.0,15.0,69.0,1.0,1.0,34.0,28.0,6.0,0.0,0.0,21.88,有成交
6a093d66000000000803e97a,同事以为我天天点轻食🥹,菲菲上班吃什么,2026-05-17 19:01:17,图文笔记,未推广,1062,98.0,11.0,138.0,2.0,2.0,10.0,10.0,0.0,138.0,2.0,129.94,有成交
6a093d0e00000000080038aa,减脂人冰箱里一定要有虾仁😭,菲菲上班吃什么,2026-05-17 17:07:02,图文笔记,未推广,1365,106.0,13.0,0.0,0.0,0.0,15.0,15.0,2.0,0.0,0.0,0,无成交数据
6a093cab0000000006032cab,我终于找到好吃不腥的虾仁了😭,菲菲上班吃什么,2026-05-17 15:36:02,图文笔记,未推广,1202,70.0,13.0,0.0,0.0,0.0,6.0,5.0,1.0,0.0,0.0,0,无成交数据
6a093c4e0000000007025f5a,69块承包一周减脂餐，真真真香⚠️,菲菲上班吃什么,2026-05-17 13:55:01,图文笔记,未推广,1738,98.0,13.0,0.0,0.0,0.0,13.0,12.0,2.0,0.0,0.0,0,无成交数据
6a093bfe000000000702c382,独居一年，吃不够根本吃不够！！！！,菲菲上班吃什么,2026-05-17 11:54:38,图文笔记,未推广,1570,102.0,13.0,0.0,0.0,0.0,9.0,9.0,2.0,0.0,0.0,0,无成交数据
6a089376000000000803fe12,我将放弃牛排转入三文鱼大家族,鲜水湾,2026-05-16 23:55:35,图文笔记,已推广,2193,211.0,17.0,128.0,1.0,1.0,27.0,21.0,8.0,0.0,0.0,58.37,有成交
6a08835a0000000008033581,给孩子补充营养首选，三文鱼是唯一真神,鲜水湾,2026-05-16 22:46:50,图文笔记,已推广,7571,785.0,25.0,440.0,5.0,5.0,107.0,76.0,31.0,0.0,0.0,58.12,有成交
6a0880b30000000008026ad3,讲真...无保水虾仁在xhs没有对手,婉婉上班吃什么,2026-05-16 22:35:32,图文笔记,未推广,1307,114.0,19.0,0.0,0.0,0.0,12.0,11.0,0.0,0.0,0.0,0,无成交数据
6a0840e40000000007011d7a,老妈说：做生意要实在，不要给虾仁加科技,鲜水湾,2026-05-16 18:03:16,图文笔记,未推广,1463,103.0,15.0,0.0,0.0,0.0,9.0,8.0,2.0,0.0,0.0,0,无成交数据
6a0833f200000000080001ac,和老爸商量了推出控体三文鱼小包装,鲜水湾,2026-05-16 17:08:02,图文笔记,已推广,75080,9099,176.0,3017.0,31.0,31.0,1538.0,1231.0,272.0,196.0,2.0,40.18,有成交
6a08321d0000000008032638,长期主义的三文鱼，没有平替。。。,婉婉上班吃什么,2026-05-16 17:00:13,图文笔记,已推广,1659,152.0,19.0,0.0,0.0,0.0,13.0,11.0,2.0,0.0,0.0,0,无成交数据
6a0828fd0000000007011179,300多整条三文鱼，装了我整个冰箱,鲜水湾,2026-05-16 16:21:17,图文笔记,已推广,3326,222.0,28.0,624.0,2.0,2.0,48.0,37.0,10.0,0.0,0.0,187.61,有成交
6a080cd6000000000803d3f7,这虾仁夯爆了，再也不去某马买了,婉婉上班吃什么,2026-05-16 14:21:10,图文笔记,未推广,4779,379.0,14.0,69.0,1.0,1.0,29.0,29.0,4.0,0.0,0.0,14.44,有成交
6a0807aa0000000007011c41,唯一缺点：某姆买不到整条的,鲜水湾,2026-05-16 13:59:07,图文笔记,已推广,1485,135.0,18.0,0.0,0.0,0.0,29.0,15.0,3.0,0.0,0.0,0,无成交数据
6a07eef60000000006021ee1,不夸张 这虾仁我已经回购七八次了,婉婉上班吃什么,2026-05-16 12:13:43,图文笔记,未推广,1615,109.0,17.0,69.0,1.0,1.0,23.0,19.0,4.0,0.0,0.0,42.72,有成交
6a07df2a0000000008003f03,年轻人已经对100块钱的购买力没概念了...,鲜水湾,2026-05-16 11:06:18,图文笔记,已推广,24554,2539,56.0,1388.9,13.0,13.0,644.0,536.0,100.0,0.0,0.0,56.57,有成交
6a07cc7b00000000080259f2,比轻食外卖划算太多了🥹,菲菲上班吃什么,2026-05-16 22:22:01,图文笔记,未推广,1358,115.0,13.0,0.0,0.0,0.0,10.0,9.0,1.0,0.0,0.0,0,无成交数据
6a07cb070000000007012fec,早八人5分钟便当，同事以为我点外卖😎,菲菲上班吃什么,2026-05-16 17:40:06,图文笔记,未推广,2998,264.0,11.0,69.0,1.0,1.0,12.0,11.0,2.0,0.0,0.0,23.02,有成交
6a07ca920000000008001d8d,减脂期囤它，我外卖都戒了😭,菲菲上班吃什么,2026-05-16 14:38:00,图文笔记,未推广,1364,79.0,12.0,0.0,0.0,0.0,3.0,3.0,1.0,0.0,0.0,0,无成交数据
6a07ca380000000007029fd1,独居后才知道虾仁有多香😭,菲菲上班吃什么,2026-05-16 11:36:03,图文笔记,未推广,1266,91.0,16.0,0.0,0.0,0.0,15.0,12.0,0.0,0.0,0.0,0,无成交数据
6a07c9ce000000000702366d,海边朋友教我这样买虾仁😭,菲菲上班吃什么,2026-05-16 09:35:10,图文笔记,未推广,2954,245.0,14.0,138.0,2.0,2.0,45.0,39.0,8.0,0.0,0.0,46.72,有成交
6a07c75d0000000035030d72,减脂人冰箱里一定要有虾仁😭,鲜水湾甄选,2026-05-16 22:24:00,图文笔记,未推广,1019,80.0,13.0,0.0,0.0,0.0,6.0,6.0,0.0,0.0,0.0,0,无成交数据
6a07c6e0000000003501ee50,我终于找到好吃不腥的虾仁了😭,鲜水湾甄选,2026-05-16 13:48:01,图文笔记,未推广,1048,52.0,11.0,0.0,0.0,0.0,4.0,4.0,0.0,0.0,0.0,0,无成交数据
6a07c6700000000035023b68,69块承包一周减脂餐，真真真香⚠️,鲜水湾甄选,2026-05-16 11:20:07,图文笔记,未推广,1245,91.0,11.0,69.0,1.0,1.0,10.0,10.0,1.0,0.0,0.0,55.42,有成交
6a07c60f0000000036002bc4,心甘情愿让我囤！！！真的会⬇️⬇️！！！！,鲜水湾甄选,2026-05-16 09:19:11,图文笔记,未推广,3058,221.0,13.0,138.0,2.0,2.0,31.0,30.0,8.0,0.0,0.0,45.13,有成交
6a06e1660000000035030b27,69 元的购买力，解决一周工作餐,鲜水湾甄选,2026-05-15 21:32:02,图文笔记,未推广,1149,102.0,16.0,0.0,0.0,0.0,6.0,6.0,2.0,0.0,0.0,0,无成交数据
6a06e159000000003502ca2d,这个虾仁夯爆了！区区69块后我吃一周了…,鲜水湾甄选,2026-05-15 20:42:02,图文笔记,未推广,1192,61.0,11.0,138.0,2.0,2.0,7.0,7.0,3.0,0.0,0.0,115.77,有成交
6a06e13e0000000035026bbe,减脂餐终于不是水煮菜了🤣,鲜水湾甄选,2026-05-15 18:47:03,图文笔记,未推广,2039,113.0,11.0,0.0,0.0,0.0,29.0,28.0,7.0,0.0,0.0,0,无成交数据
6a06e12d0000000036002fef,爸妈对于我每天吃虾仁表示很奢侈😭…,鲜水湾甄选,2026-05-15 17:43:03,图文笔记,未推广,2570,154.0,13.0,69.0,1.0,1.0,31.0,29.0,4.0,0.0,0.0,26.85,有成交
6a06e10600000000080016c8,当代减脂人的冰箱……,菲菲上班吃什么,2026-05-15 22:01:00,图文笔记,未推广,1430,82.0,13.0,0.0,0.0,0.0,13.0,12.0,1.0,0.0,0.0,0,无成交数据
6a06e0fb00000000080308db,我妈说我疯了…第一次囤了7天的量…,菲菲上班吃什么,2026-05-15 21:31:01,图文笔记,未推广,1246,100.0,11.0,0.0,0.0,0.0,5.0,5.0,1.0,0.0,0.0,0,无成交数据
6a06e0ea0000000007024541,破防了！！姐妹们快去试试这个虾仁！！,菲菲上班吃什么,2026-05-15 20:59:02,图文笔记,未推广,1089,55.0,11.0,0.0,0.0,0.0,5.0,5.0,0.0,0.0,0.0,0,无成交数据
6a06e0dc000000000803082a,吃虾仁！！！我真的是认真的！！！,菲菲上班吃什么,2026-05-15 19:43:02,图文笔记,未推广,1549,79.0,12.0,138.0,2.0,2.0,13.0,11.0,1.0,64.0,1.0,89.09,有成交
6a06e0cc000000000803c32b,迄今为止⬇️最快的一次！！！,菲菲上班吃什么,2026-05-15 18:31:16,图文笔记,未推广,1571,116.0,14.0,138.0,2.0,2.0,13.0,12.0,4.0,0.0,0.0,87.84,有成交
6a06cee900000000080323e7,太适合上班带饭了，一餐一包,婉婉上班吃什么,2026-05-15 15:44:41,图文笔记,已推广,4461,429.0,13.0,0.0,0.0,0.0,32.0,27.0,5.0,0.0,0.0,0,无成交数据
6a06c6a90000000035038170,吃不够！！！减肥！！！根本吃不够！！！,鲜水湾甄选,2026-05-15 15:09:29,图文笔记,未推广,1389,96.0,12.0,69.0,1.0,1.0,14.0,11.0,1.0,0.0,0.0,49.68,有成交
6a06aba4000000000702846f,建议健身餐吃腻的鸡胸肉的人换成三文鱼🍣,鲜水湾,2026-05-15 13:14:12,图文笔记,已推广,1068,91.0,8.0,0.0,0.0,0.0,12.0,11.0,2.0,0.0,0.0,0,无成交数据
6a0686f4000000000803c0e9,开心到起飞，天天都有掉！！！,菲菲上班吃什么,2026-05-15 10:37:40,图文笔记,未推广,1167,105.0,13.0,69.0,1.0,1.0,10.0,9.0,1.0,0.0,0.0,59.13,有成交
6a05c7e60000000008025525,三文鱼扒 1000g 限时直降！,鲜水湾,2026-05-14 21:02:30,图文笔记,已推广,3165,293.0,13.0,58.0,1.0,1.0,95.0,76.0,12.0,0.0,0.0,18.33,有成交
6a0593580000000035026528,一个人住真的会疯狂囤这种虾仁……,鲜水湾甄选,2026-05-14 22:26:01,图文笔记,未推广,1147,89.0,11.0,0.0,0.0,0.0,8.0,8.0,0.0,0.0,0.0,0,无成交数据
6a05922f0000000035029c06,破防了！！姐妹们快去试试这个虾仁！！！,鲜水湾甄选,2026-05-14 22:26:01,图文笔记,未推广,1102,53.0,16.0,69.0,1.0,1.0,8.0,7.0,1.0,0.0,0.0,62.61,有成交
6a058fd400000000070214cd,凭一己之力带动整个办公室自制减脂餐,婉婉上班吃什么,2026-05-14 17:03:16,图文笔记,已推广,7164,919.0,23.0,245.8,3.0,3.0,73.0,66.0,14.0,0.0,0.0,34.31,有成交
6a058ab20000000006022e7d,区区69承包了我一周的减脂餐,婉婉上班吃什么,2026-05-14 16:41:23,图文笔记,未推广,2005,115.0,16.0,137.0,2.0,2.0,30.0,24.0,4.0,0.0,0.0,68.33,有成交
6a0588be0000000007022e68,减脂餐终于不是水煮菜了🤣,菲菲上班吃什么,2026-05-14 18:31:21,图文笔记,未推广,1331,86.0,11.0,128.0,1.0,1.0,9.0,7.0,0.0,0.0,0.0,96.17,有成交
6a0580440000000007025825,奉劝大家不要低估了100来块的购买力,鲜水湾,2026-05-14 15:56:52,图文笔记,已推广,1024,89.0,17.0,0.0,0.0,0.0,28.0,24.0,2.0,0.0,0.0,0,无成交数据
6a05756b000000003501f810,我也不想天天吃…可是真香啊🥹,鲜水湾甄选,2026-05-14 15:10:35,图文笔记,未推广,1115,48.0,12.0,0.0,0.0,0.0,6.0,6.0,0.0,0.0,0.0,0,无成交数据
6a057512000000000702fc66,和老爸商量了，推出一人食小包装三文鱼,鲜水湾,2026-05-14 15:09:06,图文笔记,已推广,16031,1568,42.0,1128.0,11.0,11.0,433.0,376.0,68.0,312.0,4.0,70.36,有成交
6a05683b0000000006037e2e,懒人必囤三文鱼，简单煎一下巨好吃,鲜水湾,2026-05-14 14:14:19,图文笔记,未推广,1143,106.0,11.0,0.0,0.0,0.0,5.0,5.0,0.0,0.0,0.0,0,无成交数据
6a0563e100000000080248ed,和老爸商量后，为减脂姐妹推出专属小包！！,菲菲上班吃什么,2026-05-14 14:55:01,图文笔记,未推广,2936,149.0,12.0,69.0,1.0,1.0,40.0,34.0,4.0,0.0,0.0,23.5,有成交
6a055efc00000000350207c9,我也不想买啊，可69r能吃一周减脂餐了！,鲜水湾甄选,2026-05-14 13:34:52,图文笔记,未推广,1590,76.0,12.0,128.0,1.0,1.0,14.0,14.0,3.0,0.0,0.0,80.5,有成交
6a055d970000000008003fbc,‼️谁也没想到啊…天天就吃这个🤫一直掉…,菲菲上班吃什么,2026-05-14 13:28:56,图文笔记,未推广,1171,83.0,12.0,0.0,0.0,0.0,3.0,3.0,1.0,0.0,0.0,0,无成交数据
6a0545ff000000000803c629,69块5袋虾仁，够我吃一周减脂餐,婉婉上班吃什么,2026-05-14 11:48:15,图文笔记,已推广,1374,93.0,16.0,69.0,1.0,1.0,10.0,9.0,0.0,0.0,0.0,50.22,有成交
6a053ed100000000360025db,我妈说我疯了…一次囤了7天的量,鲜水湾甄选,2026-05-14 11:17:37,图文笔记,未推广,1604,97.0,11.0,69.0,1.0,1.0,18.0,17.0,5.0,0.0,0.0,43.02,有成交
6a052f66000000000802574a,抱歉了某马!我找到了更划算好品质的虾仁啦,婉婉上班吃什么,2026-05-14 10:11:50,图文笔记,已推广,1660,85.0,15.0,0.0,0.0,0.0,13.0,12.0,2.0,0.0,0.0,0,无成交数据
6a052f5c0000000006032346,我也不想买啊，可69r能吃一周减脂餐了！,菲菲上班吃什么,2026-05-14 10:11:40,图文笔记,未推广,1559,74.0,12.0,138.0,2.0,2.0,11.0,11.0,2.0,0.0,0.0,88.52,有成交
6a0497a3000000000603390d,整条三文鱼8斤限时折扣！快冲吧,鲜水湾,2026-05-13 23:24:19,图文笔记,已推广,1716,140.0,12.0,363.0,1.0,1.0,24.0,21.0,5.0,0.0,0.0,211.54,有成交
6a0488b5000000000702bc8c,69块钱的虾仁，没想到下班晚餐被它承包了,婉婉上班吃什么,2026-05-13 22:20:37,图文笔记,已推广,1734,72.0,16.0,69.0,1.0,1.0,16.0,14.0,4.0,0.0,0.0,39.79,有成交
6a0486c700000000080030dc,超市三文鱼看着精致，但整条分装真的更划算,鲜水湾,2026-05-13 22:12:23,图文笔记,已推广,2874,211.0,11.0,876.0,2.0,2.0,36.0,32.0,4.0,438.0,1.0,304.8,有成交
6a04454800000000350317b7,终于理解为什么那么多人囤虾仁了……,鲜水湾甄选,2026-05-13 17:43:04,图文笔记,未推广,1172,71.0,12.0,69.0,1.0,1.0,11.0,10.0,0.0,0.0,0.0,58.87,有成交
6a04435c0000000007027e5a,抗炎餐别只会吃蓝莓，三文鱼也可以安排,鲜水湾,2026-05-13 17:24:45,图文笔记,未推广,1106,119.0,15.0,0.0,0.0,0.0,12.0,12.0,3.0,0.0,0.0,0,无成交数据
6a04408300000000350222a5,奉劝在健身房爬坡没瘦的姐妹！！,鲜水湾甄选,2026-05-13 20:59:03,图文笔记,未推广,1124,139.0,13.0,0.0,0.0,0.0,6.0,5.0,1.0,0.0,0.0,0,无成交数据
6a043ec70000000035032d81,你信吗？接下来一个月减脂人会买😂😂,鲜水湾甄选,2026-05-13 19:48:03,图文笔记,未推广,2509,137.0,16.0,0.0,0.0,0.0,33.0,25.0,3.0,0.0,0.0,0,无成交数据
6a043e580000000007026043,其实300来块够吃一个月抗炎饮食了,婉婉上班吃什么,2026-05-13 17:03:20,图文笔记,未推广,92067,17326,635.0,6468.0,32.0,32.0,1107.0,957.0,251.0,1067.0,3.0,70.25,有成交
6a0437c30000000007022567,爸妈对于我每天吃虾仁表示很奢侈😭…,菲菲上班吃什么,2026-05-13 19:59:04,图文笔记,未推广,1223,45.0,13.0,0.0,0.0,0.0,7.0,7.0,0.0,0.0,0.0,0,无成交数据
6a04364800000000070273aa,妈呀！！！这也吃太好了吧！！！,菲菲上班吃什么,2026-05-13 18:40:09,图文笔记,未推广,1132,39.0,11.0,0.0,0.0,0.0,3.0,3.0,0.0,0.0,0.0,0,无成交数据
6a042b710000000007027926,感谢赵露s…虾仁真的太顶了😭,菲菲上班吃什么,2026-05-13 15:42:41,图文笔记,未推广,1171,55.0,14.0,0.0,0.0,0.0,5.0,5.0,1.0,0.0,0.0,0,无成交数据
6a042afb000000000803f267,半夜饿到睡不着，真的别乱吃😭,菲菲上班吃什么,2026-05-13 21:38:01,图文笔记,未推广,2104,168.0,11.0,0.0,0.0,0.0,10.0,9.0,0.0,0.0,0.0,0,无成交数据
6a042951000000000803e93a,超市虾仁方便，但这种去虾线小包装更适合我,婉婉上班吃什么,2026-05-13 15:33:37,图文笔记,已推广,1185,105.0,14.0,0.0,0.0,0.0,11.0,11.0,2.0,0.0,0.0,0,无成交数据
6a041bcf00000000080034f1,也没人说69块够我吃一周了😂,菲菲上班吃什么,2026-05-13 14:35:59,图文笔记,未推广,1540,76.0,11.0,69.0,1.0,1.0,12.0,12.0,3.0,0.0,0.0,44.81,有成交
6a041930000000000803d75f,,鲜水湾,2026-05-13 14:24:48,图文笔记,未推广,1306,109.0,18.0,0.0,0.0,0.0,17.0,16.0,3.0,0.0,0.0,0,无成交数据
6a04103a000000000602107a,69元的购买力，解决一周工作餐,婉婉上班吃什么,2026-05-13 13:46:34,图文笔记,未推广,1452,101.0,13.0,138.0,2.0,2.0,17.0,12.0,2.0,0.0,0.0,95.04,有成交
6a03e609000000003600375d,管理期不吃虾仁，你糊涂啊！！,鲜水湾甄选,2026-05-13 10:46:33,图文笔记,未推广,1441,102.0,11.0,0.0,0.0,0.0,9.0,9.0,2.0,0.0,0.0,0,无成交数据
6a03e4800000000008032211,每天带饭最怕别人问： “你怎么天天吃这么好,菲菲上班吃什么,2026-05-13 10:40:00,图文笔记,未推广,1462,93.0,11.0,69.0,1.0,1.0,7.0,6.0,0.0,0.0,0.0,47.2,有成交
6a03e40a0000000006037eec,和老爸商量后，推出减脂一人食小包装,鲜水湾,2026-05-13 10:38:02,图文笔记,未推广,2032,134.0,15.0,0.0,0.0,0.0,16.0,16.0,2.0,0.0,0.0,0,无成交数据
6a02f9d200000000080025b3,某姆对不起 还是300来块一条的更适合我,婉婉上班吃什么,2026-05-12 17:58:42,图文笔记,已推广,6178,600.0,12.0,0.0,0.0,0.0,56.0,47.0,10.0,0.0,0.0,0,无成交数据
6a02f7380000000006030f12,某姆的品质pxx的价格！,鲜水湾,2026-05-12 17:47:36,图文笔记,已推广,5022,362.0,12.0,368.0,1.0,1.0,42.0,35.0,16.0,0.0,0.0,73.28,有成交
6a02f604000000003501c281,已瘦5斤🥹吃减肥餐真的很快乐…,鲜水湾甄选,2026-05-12 23:36:00,图文笔记,未推广,1160,89.0,13.0,138.0,2.0,2.0,8.0,8.0,1.0,0.0,0.0,118.97,有成交
6a02f56c0000000036000310,爸妈对于我每天吃虾仁表示很奢侈😭…,鲜水湾甄选,2026-05-12 21:39:01,图文笔记,未推广,1374,140.0,12.0,0.0,0.0,0.0,14.0,14.0,0.0,0.0,0.0,0,无成交数据
6a02f4d1000000003501fb4d,现在年轻人，严重低估了69的购买力！,鲜水湾甄选,2026-05-12 20:58:02,图文笔记,已推广,3874,282.0,13.0,266.0,3.0,3.0,69.0,57.0,4.0,0.0,0.0,68.66,有成交
6a02f3f2000000003503af35,区区69💰居然够我自律期吃一周了！,鲜水湾甄选,2026-05-12 19:57:02,图文笔记,未推广,38455,2191,84.0,3307.0,42.0,42.0,608.0,530.0,87.0,69.0,1.0,86.0,有成交
6a02f37600000000360037ad,专为减脂人群出的小包装🐟,鲜水湾甄选,2026-05-12 18:48:03,图文笔记,未推广,1164,30.0,13.0,0.0,0.0,0.0,8.0,7.0,1.0,0.0,0.0,0,无成交数据
6a02f2df0000000008026dfc,奉劝在健身房爬坡没瘦的姐妹！！,菲菲上班吃什么,2026-05-12 22:28:01,图文笔记,未推广,1838,205.0,10.0,69.0,1.0,1.0,10.0,9.0,1.0,0.0,0.0,37.54,有成交
6a02f2700000000008032c9a,区区300块承包了我半个多月的减脂餐,婉婉上班吃什么,2026-05-12 17:27:12,图文笔记,已推广,3017,226.0,18.0,368.0,1.0,1.0,47.0,42.0,14.0,0.0,0.0,121.98,有成交
6a02f1ce0000000008026842,终于理解为什么那么多人囤虾仁了……,菲菲上班吃什么,2026-05-12 20:24:03,图文笔记,已推广,1406,118.0,12.0,69.0,1.0,1.0,15.0,13.0,1.0,0.0,0.0,49.08,有成交
6a02f14d0000000006034670,最近办公室好多同事都在问我： 你这个虾仁…,菲菲上班吃什么,2026-05-12 19:38:04,图文笔记,未推广,1249,94.0,11.0,0.0,0.0,0.0,9.0,7.0,3.0,0.0,0.0,0,无成交数据
6a02ed4d000000000803cd7b,🥹🥹独居以后才知道…,菲菲上班吃什么,2026-05-12 17:05:17,图文笔记,未推广,1918,112.0,13.0,0.0,0.0,0.0,17.0,16.0,1.0,0.0,0.0,0,无成交数据
6a02ebb200000000350241f2,感谢赵露s…虾仁真的太顶了😭,鲜水湾甄选,2026-05-12 16:58:26,图文笔记,未推广,2448,187.0,18.0,325.0,3.0,3.0,35.0,32.0,6.0,0.0,0.0,132.76,有成交
6a02e0e5000000000702ed78,100多直接囤够了我一周的管理餐,鲜水湾,2026-05-12 16:12:21,图文笔记,已推广,10686,1382,35.0,849.0,5.0,5.0,206.0,184.0,33.0,0.0,0.0,79.45,有成交
6a02d495000000000803cdfb,,婉婉上班吃什么,2026-05-12 15:19:49,图文笔记,未推广,1546,151.0,18.0,0.0,0.0,0.0,13.0,11.0,3.0,0.0,0.0,0,无成交数据
6a02a133000000000702157b,300多一整条三文鱼，到手后冰箱直接满了,鲜水湾,2026-05-12 11:40:35,图文笔记,已推广,1272,100.0,11.0,0.0,0.0,0.0,13.0,13.0,1.0,0.0,0.0,0,无成交数据
6a028e180000000008030c86,三文鱼去皮后有黑色肉，不是坏了，别误会,鲜水湾,2026-05-12 10:19:04,图文笔记,已推广,3359,347.0,8.0,0.0,0.0,0.0,25.0,23.0,3.0,0.0,0.0,0,无成交数据
6a028e050000000035025c8f,‼️管理期不吃虾仁，你糊涂啊！！,鲜水湾甄选,2026-05-12 10:18:45,图文笔记,未推广,1141,61.0,15.0,0.0,0.0,0.0,5.0,4.0,0.0,0.0,0.0,0,无成交数据
6a028c4c00000000070245da,每天带饭最怕别人问： “你怎么天天吃这么好,菲菲上班吃什么,2026-05-12 10:11:24,图文笔记,未推广,1510,160.0,15.0,0.0,0.0,0.0,15.0,14.0,2.0,0.0,0.0,0,无成交数据
6a01f24a0000000007023a6c,315之后买虾仁，我真的不敢只看个头了,婉婉上班吃什么,2026-05-11 23:14:18,图文笔记,未推广,1355,53.0,14.0,69.0,1.0,1.0,11.0,11.0,4.0,0.0,0.0,50.92,有成交
6a01e11300000000070125e9,一个人吃饭最怕浪费，这种小包装真的刚好,鲜水湾,2026-05-11 22:00:51,图文笔记,未推广,2043,232.0,16.0,0.0,0.0,0.0,18.0,15.0,2.0,0.0,0.0,0,无成交数据
6a01db1c0000000007025e52,同事说我每天吃虾很奢侈，我把价格算给她看,婉婉上班吃什么,2026-05-11 21:35:24,图文笔记,未推广,1285,129.0,16.0,0.0,0.0,0.0,12.0,12.0,1.0,0.0,0.0,0,无成交数据
6a019d19000000000603710f,带饭一个月，居然省了这么多😭,菲菲上班吃什么,2026-05-11 22:34:00,图文笔记,已推广,2844,136.0,12.0,69.0,1.0,1.0,17.0,14.0,4.0,0.0,0.0,24.26,有成交
6a019c3e0000000008024d1c,69囤的虾仁，居然让我开始做饭了🤣,菲菲上班吃什么,2026-05-11 21:59:01,图文笔记,未推广,1258,56.0,14.0,0.0,0.0,0.0,8.0,6.0,2.0,0.0,0.0,0,无成交数据
6a019b0b0000000007022ff0,一个人住后疯狂囤虾仁😭,菲菲上班吃什么,2026-05-11 19:59:05,图文笔记,已推广,3496,430.0,18.0,393.0,4.0,4.0,49.0,43.0,4.0,0.0,0.0,112.41,有成交
6a019ac600000000080303d1,虾仁别直接下锅煮，难怪你做出来又柴又腥,婉婉上班吃什么,2026-05-11 17:00:54,图文笔记,已推广,10797,1897,22.0,69.0,1.0,1.0,25.0,24.0,3.0,0.0,0.0,6.39,有成交
6a019ab60000000008030374,原来低脂餐也能吃这么爽😭,菲菲上班吃什么,2026-05-11 17:56:02,图文笔记,未推广,1035,55.0,13.0,0.0,0.0,0.0,1.0,1.0,1.0,0.0,0.0,0,无成交数据
6a019933000000003501c053,减脂人冰箱里一定要有虾仁😭,鲜水湾甄选,2026-05-11 22:53:00,图文笔记,未推广,3577,239.0,14.0,69.0,1.0,1.0,41.0,38.0,11.0,0.0,0.0,19.29,有成交
6a0198b2000000003502be52,我妈：终于不天天吃外卖了🤣,鲜水湾甄选,2026-05-11 21:51:01,图文笔记,未推广,1264,56.0,20.0,128.0,1.0,1.0,6.0,5.0,1.0,0.0,0.0,101.27,有成交
6a01980b00000000360000f4,我会一直瘦瘦瘦瘦瘦…瘦到瘦⚡️,鲜水湾甄选,2026-05-11 19:48:03,图文笔记,未推广,1255,100.0,12.0,0.0,0.0,0.0,9.0,9.0,3.0,0.0,0.0,0,无成交数据
6a0196d000000000360039e1,我妈：终于不天天吃外卖了🤣,鲜水湾甄选,2026-05-11 17:43:03,图文笔记,未推广,1142,113.0,12.0,0.0,0.0,0.0,12.0,11.0,1.0,0.0,0.0,0,无成交数据
6a019611000000003501ed4d,谁说一个人做饭麻烦？5分钟搞定👩‍🍳,鲜水湾甄选,2026-05-11 16:40:49,图文笔记,未推广,1315,137.0,14.0,0.0,0.0,0.0,10.0,9.0,4.0,0.0,0.0,0,无成交数据
6a018dc50000000006035e55,今天上班午饭又是虾仁炒蛋，比外卖低太多,婉婉上班吃什么,2026-05-11 16:05:25,图文笔记,已推广,1974,248.0,15.0,69.0,1.0,1.0,9.0,8.0,2.0,0.0,0.0,34.95,有成交
6a01813300000000070126cc,69元5袋虾仁，一袋一顿真的很适合减脂期,鲜水湾,2026-05-11 15:11:47,图文笔记,已推广,5071,658.0,22.0,138.0,2.0,2.0,77.0,63.0,8.0,0.0,0.0,27.21,有成交
6a017d720000000035039d84,带饭被同事围观：你也吃太好了吧🍤,鲜水湾甄选,2026-05-11 14:55:46,图文笔记,未推广,1119,94.0,11.0,0.0,0.0,0.0,5.0,5.0,0.0,0.0,0.0,0,无成交数据
6a01782e0000000007025391,网友嘴巴太严了，空气炸锅就能做......,婉婉上班吃什么,2026-05-11 14:33:19,图文笔记,已推广,1016,122.0,13.0,123.0,1.0,1.0,14.0,11.0,3.0,0.0,0.0,121.06,有成交
6a016bba0000000008002705,带饭半年存了八千，同事以为我涨薪了,鲜水湾,2026-05-11 13:40:10,图文笔记,已推广,3948,651.0,11.0,0.0,0.0,0.0,56.0,44.0,15.0,0.0,0.0,0,无成交数据
6a016623000000003501ec50,69块承包一周减脂餐，真真真香⚠️,鲜水湾甄选,2026-05-11 13:16:19,图文笔记,未推广,1528,66.0,12.0,0.0,0.0,0.0,17.0,15.0,3.0,0.0,0.0,0,无成交数据
6a0164c0000000000702d579,同事以为我天天点轻食🥹,菲菲上班吃什么,2026-05-11 13:10:24,图文笔记,未推广,1235,94.0,12.0,0.0,0.0,0.0,5.0,4.0,0.0,0.0,0.0,0,无成交数据
6a013a8e00000000080273de,太绝了！这才是适合普通家庭的深海鱼,婉婉上班吃什么,2026-05-11 10:10:22,图文笔记,已推广,1515,162.0,9.0,0.0,0.0,0.0,16.0,14.0,3.0,0.0,0.0,0,无成交数据
6a013a23000000003502e022,‼️长期吃虾的代价就是⚡️⚡️⚡️,鲜水湾甄选,2026-05-11 10:08:36,图文笔记,未推广,2132,151.0,14.0,69.0,1.0,1.0,11.0,9.0,3.0,0.0,0.0,32.36,有成交
6a013939000000000702726a,感觉掉秤最明显的还是吃大虾😭,菲菲上班吃什么,2026-05-11 10:04:41,图文笔记,未推广,4173,237.0,11.0,207.0,3.0,3.0,45.0,42.0,9.0,0.0,0.0,49.6,有成交
6a01314900000000070251ff,100多直接囤够了我一周的减脂餐,鲜水湾,2026-05-11 09:30:50,图文笔记,已推广,7769,700.0,19.0,322.0,4.0,4.0,89.0,85.0,12.0,128.0,1.0,41.45,有成交
6a009be80000000006037bfd,谁还去日料店啊，一整条才 300 来块,鲜水湾,2026-05-10 22:53:28,图文笔记,已推广,2158,208.0,10.0,368.0,1.0,1.0,15.0,15.0,0.0,0.0,0.0,170.53,有成交
6a0097450000000006030b22,长期主义的三文鱼没有平替。。。,婉婉上班吃什么,2026-05-10 22:33:41,图文笔记,已推广,1583,112.0,9.0,0.0,0.0,0.0,12.0,10.0,3.0,0.0,0.0,0,无成交数据
6a008b820000000007022b66,300 多就能搞定 1 个多月的减脂餐，超划算,婉婉上班吃什么,2026-05-10 21:43:30,图文笔记,已推广,1799,128.0,13.0,368.0,1.0,1.0,20.0,17.0,3.0,0.0,0.0,204.56,有成交
6a0089820000000006021d85,奉劝大家不要低估 100 来块的购买力,鲜水湾,2026-05-10 21:34:58,图文笔记,已推广,5788,378.0,16.0,190.0,2.0,2.0,118.0,113.0,21.0,0.0,0.0,32.83,有成交
6a00711300000000060337af,区区 300 来块够我吃一个月减脂餐了,婉婉上班吃什么,2026-05-10 19:50:43,图文笔记,已推广,2158,127.0,11.0,368.0,1.0,1.0,29.0,27.0,11.0,0.0,0.0,170.53,有成交
6a006f4d00000000070210ef,减脂期无限回购的整条三文鱼,鲜水湾,2026-05-10 19:43:09,图文笔记,已推广,1858,133.0,11.0,0.0,0.0,0.0,22.0,21.0,9.0,0.0,0.0,0,无成交数据
69ffd48400000000350216b2,我妈都夸我终于会吃了😂,鲜水湾甄选,2026-05-10 22:42:00,图文笔记,未推广,1232,57.0,11.0,0.0,0.0,0.0,8.0,8.0,2.0,0.0,0.0,0,无成交数据
69ffd428000000003501ce58,带饭一个月，居然省了这么多😭,鲜水湾甄选,2026-05-10 21:41:01,图文笔记,未推广,1677,147.0,16.0,0.0,0.0,0.0,17.0,15.0,8.0,0.0,0.0,0,无成交数据
69ffd3480000000035032748,69囤的虾仁，居然让我开始做饭了😂,鲜水湾甄选,2026-05-10 17:37:02,图文笔记,已推广,4448,290.0,22.0,276.0,4.0,4.0,64.0,59.0,12.0,69.0,1.0,62.05,有成交
69ffd25300000000350287fc,同事以为我天天点轻食🥹,鲜水湾甄选,2026-05-10 12:33:03,图文笔记,未推广,1305,102.0,13.0,0.0,0.0,0.0,8.0,8.0,4.0,0.0,0.0,0,无成交数据
69ffd1e30000000036000c88,一个人住后疯狂囤虾仁😭,鲜水湾甄选,2026-05-10 10:31:02,图文笔记,未推广,1262,69.0,11.0,0.0,0.0,0.0,10.0,9.0,4.0,0.0,0.0,0,无成交数据
69ffd05b0000000007021692,减脂人冰箱里一定要有虾仁😭,菲菲上班吃什么,2026-05-10 17:24:02,图文笔记,未推广,2674,210.0,14.0,69.0,1.0,1.0,20.0,17.0,7.0,0.0,0.0,25.8,有成交
69ffce46000000000603308b,69块承包一周减脂餐，真真真香⚠️,菲菲上班吃什么,2026-05-10 10:59:02,图文笔记,未推广,3891,389.0,32.0,207.0,3.0,3.0,54.0,48.0,6.0,0.0,0.0,53.2,有成交
69ffcd80000000000803e5e9,减脂期嘴馋？这一锅吃到撑也不怕🍲,菲菲上班吃什么,2026-05-10 09:45:03,图文笔记,未推广,1338,85.0,13.0,69.0,1.0,1.0,11.0,10.0,3.0,0.0,0.0,51.57,有成交
69ffccb6000000000800363c,谁说一个人做饭麻烦？5分钟搞定👩‍🍳,菲菲上班吃什么,2026-05-10 08:09:26,图文笔记,未推广,1510,123.0,13.0,266.0,3.0,3.0,16.0,15.0,5.0,0.0,0.0,176.16,有成交
69ff4c11000000001e00c493,上班带饭真不贵，69 够我吃一周了,婉婉上班吃什么,2026-05-09 23:00:33,图文笔记,已推广,1275,88.0,19.0,69.0,1.0,1.0,10.0,9.0,2.0,0.0,0.0,54.12,有成交
69ff4a0d00000000220242c3,听顾客的话，推出一人食低卡小包装,鲜水湾,2026-05-09 22:51:57,图文笔记,未推广,1472,61.0,15.0,0.0,0.0,0.0,13.0,13.0,3.0,0.0,0.0,0,无成交数据
69ff42d00000000023004581,这 300 多一个月的减脂餐，你就吃吧！,鲜水湾,2026-05-09 22:21:04,图文笔记,已推广,1713,86.0,6.0,0.0,0.0,0.0,13.0,11.0,5.0,0.0,0.0,0,无成交数据
69ff288c0000000023017bf1,老爸让我赶紧宣传这批去虾线虾仁口感太好了,鲜水湾,2026-05-09 20:29:00,图文笔记,未推广,1301,46.0,14.0,0.0,0.0,0.0,8.0,8.0,1.0,0.0,0.0,0,无成交数据
69ff071c0000000023014578,对不起了 sam ！还是这种整条的更有性价比,婉婉上班吃什么,2026-05-09 18:06:20,图文笔记,已推广,2853,251.0,9.0,368.0,1.0,1.0,32.0,28.0,5.0,0.0,0.0,128.99,有成交
69fefea2000000001a035f12,69块直接囤了我一周的减脂餐🥹,菲菲上班吃什么,2026-05-09 20:43:02,图文笔记,已推广,1651,85.0,13.0,207.0,3.0,3.0,10.0,10.0,2.0,0.0,0.0,125.38,有成交
69fefdcb0000000022025bfb,冰箱有它，懒人一周带饭不重样🍱,菲菲上班吃什么,2026-05-09 19:28:04,图文笔记,未推广,1031,84.0,12.0,0.0,0.0,0.0,5.0,4.0,1.0,0.0,0.0,0,无成交数据
69fef8db000000002301d391,这个虾仁夯爆了！区区69块我吃一周了…,菲菲上班吃什么,2026-05-09 18:45:07,图文笔记,未推广,1025,18.0,11.0,0.0,0.0,0.0,5.0,5.0,0.0,0.0,0.0,0,无成交数据
69fef82a000000002301cf56,‼️69 元的购买力，解决一周工作餐,菲菲上班吃什么,2026-05-09 17:32:05,图文笔记,已推广,1478,71.0,12.0,69.0,1.0,1.0,22.0,18.0,2.0,0.0,0.0,46.68,有成交
69fef6b00000000036002452,外卖戒不掉？试试囤虾仁🫣,鲜水湾甄选,2026-05-09 19:35:05,图文笔记,未推广,1284,85.0,15.0,0.0,0.0,0.0,9.0,7.0,4.0,0.0,0.0,0,无成交数据
69fef627000000003600212a,也没人说越吃越⚡️！直接怒囤一个月的！,鲜水湾甄选,2026-05-09 18:29:04,图文笔记,未推广,1198,57.0,11.0,0.0,0.0,0.0,8.0,8.0,1.0,0.0,0.0,0,无成交数据
69feeede00000000230070ef,和爸妈商量了，推出整条三文鱼🐟,鲜水湾,2026-05-09 16:22:54,图文笔记,已推广,2118,231.0,5.0,0.0,0.0,0.0,23.0,19.0,4.0,0.0,0.0,0,无成交数据
69fecdbf000000001e00d3a4,打工人天选虾仁！免处理超方便,婉婉上班吃什么,2026-05-09 14:01:35,图文笔记,已推广,1159,92.0,15.0,0.0,0.0,0.0,5.0,5.0,1.0,0.0,0.0,0,无成交数据
69fec816000000001a02f982,减脂期晚餐不发愁，全靠这袋虾🦐,菲菲上班吃什么,2026-05-09 13:37:26,图文笔记,未推广,1865,77.0,11.0,69.0,1.0,1.0,12.0,11.0,0.0,0.0,0.0,37.0,有成交
69fec6ce0000000035038fa1,夏天能不能穿漂亮裙子，就靠你了！,鲜水湾甄选,2026-05-09 13:31:58,图文笔记,未推广,1599,80.0,13.0,266.0,3.0,3.0,17.0,16.0,5.0,0.0,0.0,166.35,有成交
69fec69a000000001a02f2e4,报告！这个三文鱼墩墩太适合一人食了,鲜水湾,2026-05-09 13:31:06,图文笔记,已推广,2651,298.0,11.0,89.9,1.0,1.0,42.0,39.0,4.0,0.0,0.0,33.91,有成交
69feab870000000023016d53,同事问我：你天天带三文鱼，月薪多少啊,婉婉上班吃什么,2026-05-09 11:35:35,图文笔记,已推广,2214,366.0,9.0,0.0,0.0,0.0,15.0,15.0,2.0,0.0,0.0,0,无成交数据
69fea847000000001f005eb5,夏日减脂，区区69块够我吃一周了😂,菲菲上班吃什么,2026-05-09 11:21:43,图文笔记,未推广,1277,76.0,12.0,69.0,1.0,1.0,17.0,15.0,1.0,0.0,0.0,54.03,有成交
69fea739000000003503b0d5,区区69块，结果够我吃一周的了,鲜水湾甄选,2026-05-09 11:17:13,图文笔记,未推广,1082,48.0,11.0,0.0,0.0,0.0,8.0,7.0,1.0,0.0,0.0,0,无成交数据
69fe9f1d000000001a02f888,谁说 300 块不经花❓够我吃一个月三文鱼了,婉婉上班吃什么,2026-05-09 10:42:37,图文笔记,已推广,3367,285.0,8.0,436.0,2.0,2.0,62.0,53.0,13.0,0.0,0.0,129.49,有成交
69fe905f000000001f006c9c,在办公室吃了一天，整个办公室都在跟着回购！,菲菲上班吃什么,2026-05-09 09:52:01,图文笔记,未推广,1201,60.0,12.0,0.0,0.0,0.0,7.0,7.0,1.0,0.0,0.0,0,无成交数据
69fe8ec1000000003501fcc9,100块吃不了一顿烧烤，但承包我一周减脂餐,鲜水湾甄选,2026-05-09 09:32:49,图文笔记,未推广,1251,73.0,13.0,0.0,0.0,0.0,20.0,18.0,6.0,0.0,0.0,0,无成交数据
69fe0711000000001f007960,315 过后虾仁真的不敢乱买了🥲,婉婉上班吃什么,2026-05-08 23:53:53,图文笔记,已推广,1856,109.0,13.0,0.0,0.0,0.0,14.0,13.0,2.0,0.0,0.0,0,无成交数据
69fe0399000000002301cf8e,同事说我每天吃虾很奢侈🥲......,婉婉上班吃什么,2026-05-08 23:39:05,图文笔记,已推广,3739,535.0,18.0,128.0,1.0,1.0,33.0,27.0,4.0,0.0,0.0,34.23,有成交
69fdf827000000002301787d,区区69块承包一周减脂餐,鲜水湾,2026-05-08 22:50:15,图文笔记,已推广,2219,194.0,14.0,137.0,2.0,2.0,17.0,16.0,1.0,0.0,0.0,61.74,有成交
69fdf0370000000036001230,区区69块，承包我一整个星期的饭😂,鲜水湾甄选,2026-05-09 00:53:00,图文笔记,未推广,1398,63.0,11.0,69.0,1.0,1.0,19.0,19.0,7.0,0.0,0.0,49.36,有成交
69fdefab0000000035028d54,区区69元，承包我一天的快乐！,鲜水湾甄选,2026-05-08 23:24:00,图文笔记,未推广,1266,80.0,12.0,0.0,0.0,0.0,8.0,8.0,5.0,0.0,0.0,0,无成交数据
69fded3b0000000023014094,天天带虾仁，同事问我月薪多少啊,菲菲上班吃什么,2026-05-09 04:03:00,图文笔记,未推广,1008,51.0,13.0,128.0,1.0,1.0,4.0,3.0,1.0,0.0,0.0,126.98,有成交
69fdea87000000002003b62d,和老爸商量后，推出专为独居姐妹做的小包装,菲菲上班吃什么,2026-05-08 22:41:01,图文笔记,已推广,22799,2121,23.0,818.0,11.0,11.0,437.0,386.0,82.0,0.0,0.0,35.88,有成交
69fde9e9000000001b021d41,当代减脂人的冰箱...,婉婉上班吃什么,2026-05-08 21:49:29,图文笔记,未推广,1289,74.0,15.0,69.0,1.0,1.0,14.0,13.0,2.0,0.0,0.0,53.53,有成交
69fde8b7000000001a02f6fa,以为69没多少，结果又够一周带饭了🤭,菲菲上班吃什么,2026-05-08 21:44:23,图文笔记,已推广,1432,70.0,11.0,0.0,0.0,0.0,8.0,8.0,0.0,0.0,0.0,0,无成交数据
69fde505000000001e00e28f,你说 69💰5 袋我微微心动，顺丰包邮我直接冲,鲜水湾,2026-05-08 21:28:37,图文笔记,已推广,2827,281.0,14.0,332.0,5.0,5.0,41.0,37.0,8.0,0.0,0.0,117.44,有成交
69fdb75600000000230160c6,某姆的品质！pxx 的价格😂,婉婉上班吃什么,2026-05-08 18:13:42,图文笔记,已推广,1279,105.0,6.0,0.0,0.0,0.0,12.0,10.0,3.0,0.0,0.0,0,无成交数据
69fda75500000000230040ec,敞开吃吧！减脂期吃虾仁真的夯爆了🤣,鲜水湾,2026-05-08 17:05:25,图文笔记,未推广,1048,86.0,16.0,128.0,1.0,1.0,6.0,6.0,0.0,0.0,0.0,122.14,有成交
69fd5913000000003502b857,天天吃虾仁，同事问我月薪多少啊？,鲜水湾甄选,2026-05-08 11:45:07,图文笔记,未推广,1330,101.0,11.0,0.0,0.0,0.0,12.0,12.0,5.0,0.0,0.0,0,无成交数据
69fc87cf000000001f0041fc,没人觉得减肥很省钱吗......,婉婉上班吃什么,2026-05-07 20:38:39,图文笔记,未推广,2640,453.0,11.0,0.0,0.0,0.0,26.0,23.0,4.0,0.0,0.0,0,无成交数据
69fc68160000000022026836,谁知道水煮虾仁到底怎么煮！,婉婉上班吃什么,2026-05-07 18:23:18,图文笔记,未推广,10725,2120,43.0,0.0,0.0,0.0,51.0,43.0,7.0,0.0,0.0,0,无成交数据
69fc5cb40000000035027a78,同事看我天天吃虾，还以为我伙食多贵,鲜水湾甄选,2026-05-07 20:30:51,图文笔记,未推广,1711,102.0,13.0,128.0,1.0,1.0,14.0,13.0,4.0,0.0,0.0,74.81,有成交
69fc54b1000000001a02f864,减脂人的虾仁都是哪里买的啊😭,鲜水湾,2026-05-07 17:00:33,图文笔记,未推广,1717,127.0,19.0,197.0,2.0,2.0,24.0,20.0,5.0,0.0,0.0,114.74,有成交
69fc51b000000000220298c7,因为我一个人，带动了全办公室…,婉婉上班吃什么,2026-05-07 16:47:44,图文笔记,未推广,1248,71.0,14.0,128.0,1.0,1.0,16.0,15.0,0.0,0.0,0.0,102.56,有成交
69fbf383000000001f0026f2,300 来块的购买力，一整条够吃一个月了,鲜水湾,2026-05-07 10:05:55,图文笔记,已推广,66731,6801,159.0,27245.0,114.0,114.0,2277.0,1946.0,435.0,3531.3999999999996,13.0,408.28,有成交
69fb43430000000022024599,根本不用宣传，买5包的就会来回购10包的😁,鲜水湾,2026-05-06 21:33:55,图文笔记,未推广,1427,59.0,15.0,0.0,0.0,0.0,16.0,9.0,2.0,0.0,0.0,0,无成交数据
69fb41ac0000000035027985,我也不想吃，但69块够我吃一周了,鲜水湾甄选,2026-05-06 21:27:08,图文笔记,未推广,2332,146.0,15.0,0.0,0.0,0.0,20.0,19.0,5.0,0.0,0.0,0,无成交数据
69fb40e9000000001e00f886,某姆很好！但是某姆没有小包装,菲菲上班吃什么,2026-05-06 21:23:53,图文笔记,已推广,2989,187.0,16.0,204.0,3.0,3.0,36.0,31.0,9.0,0.0,0.0,68.25,有成交
69fb3e13000000002301c557,区区69元，承包了我一星期的减脂餐✅,婉婉上班吃什么,2026-05-06 21:11:47,图文笔记,未推广,1370,73.0,16.0,69.0,1.0,1.0,20.0,16.0,6.0,0.0,0.0,50.36,有成交
69fb0607000000001f003db9,和老爸商量后，推出专为独居姐妹做的小包装,鲜水湾,2026-05-06 17:12:39,图文笔记,已推广,28960,2063,90.0,838.6,14.0,14.0,640.0,565.0,68.0,0.0,0.0,28.96,有成交
69fafdcc0000000023017f17,同事说我每天吃虾仁太奢侈…,菲菲上班吃什么,2026-05-06 16:37:32,图文笔记,未推广,1471,89.0,13.0,0.0,0.0,0.0,9.0,9.0,2.0,0.0,0.0,0,无成交数据
69fafcb5000000002301790e,一人买，整个办公室都在跟着回购的虾仁,婉婉上班吃什么,2026-05-06 16:32:53,图文笔记,已推广,1064,114.0,14.0,0.0,0.0,0.0,9.0,9.0,1.0,0.0,0.0,0,无成交数据
69faf088000000001f000ba7,以为 300 没多少，结果冰箱里全是三文鱼,鲜水湾,2026-05-06 15:40:56,图文笔记,已推广,18225,1075,21.0,496.0,2.0,2.0,336.0,296.0,52.0,0.0,0.0,27.22,有成交
69fa9ff5000000001a02d8ed,一天一袋，才一杯奶茶钱！😂,鲜水湾,2026-05-06 09:57:09,图文笔记,已推广,3549,350.0,21.0,138.0,2.0,2.0,46.0,40.0,9.0,0.0,0.0,38.88,有成交
69f99865000000002003931d,打工人低成本高蛋白减脂餐，69吃一周😍,菲菲上班吃什么,2026-05-05 15:12:37,图文笔记,未推广,1271,76.0,15.0,0.0,0.0,0.0,8.0,8.0,1.0,0.0,0.0,0,无成交数据
69f98704000000003502a5c0,五一你们出去玩吧，我宅家安心减脂🍤,鲜水湾甄选,2026-05-05 13:58:28,图文笔记,未推广,1059,48.0,13.0,0.0,0.0,0.0,2.0,2.0,1.0,0.0,0.0,0,无成交数据
69f813eb0000000022028acb,今年最成功的消费降级！,菲菲上班吃什么,2026-05-04 11:35:07,图文笔记,未推广,1587,106.0,12.0,197.0,2.0,2.0,8.0,8.0,1.0,0.0,0.0,124.13,有成交
69f76166000000003502daee,购买力封神！100块钱解决我一个周减脂餐,鲜水湾甄选,2026-05-03 22:53:26,图文笔记,未推广,1058,42.0,12.0,0.0,0.0,0.0,17.0,12.0,2.0,0.0,0.0,0,无成交数据
69f6f7590000000035032ed5,减脂期的快乐！是69r吃一周的虾仁给的🍤,鲜水湾甄选,2026-05-03 15:20:58,图文笔记,未推广,1867,114.0,15.0,69.0,1.0,1.0,26.0,23.0,5.0,0.0,0.0,36.96,有成交
69f5f304000000001e00cd0e,你说69我微微心动，说顺丰包邮我直接冲🍤,菲菲上班吃什么,2026-05-02 20:50:12,图文笔记,未推广,1472,67.0,13.0,0.0,0.0,0.0,15.0,15.0,2.0,0.0,0.0,0,无成交数据
69f5cf5a0000000035038f01,小红书跟风入的虾仁！69r居然吃了一周,鲜水湾甄选,2026-05-02 18:18:03,图文笔记,未推广,1091,53.0,13.0,0.0,0.0,0.0,7.0,7.0,4.0,0.0,0.0,0,无成交数据
69f5bd47000000002003a148,100块吃不了一顿火锅却承包我一周轻食餐,菲菲上班吃什么,2026-05-02 17:00:55,图文笔记,未推广,1369,68.0,13.0,0.0,0.0,0.0,13.0,11.0,3.0,0.0,0.0,0,无成交数据
69f5bcaa0000000035030763,⛰️姆对不起！还是小包装虾仁更有幸福感🍤,鲜水湾甄选,2026-05-02 16:58:18,图文笔记,未推广,3086,166.0,15.0,0.0,0.0,0.0,18.0,18.0,3.0,0.0,0.0,0,无成交数据
69f56a50000000001e00c802,同事说我天天吃虾仁太奢侈,菲菲上班吃什么,2026-05-02 11:06:56,图文笔记,未推广,3218,315.0,18.0,0.0,0.0,0.0,28.0,25.0,4.0,0.0,0.0,0,无成交数据
69f48416000000003503b93a,减脂人的冰箱是这样的！,鲜水湾甄选,2026-05-01 18:44:38,图文笔记,未推广,1859,151.0,14.0,0.0,0.0,0.0,13.0,12.0,1.0,0.0,0.0,0,无成交数据
69f45e89000000003502f808,我也不想吃啊！可它69块够我吃一周,鲜水湾甄选,2026-05-01 16:04:25,图文笔记,未推广,1399,56.0,16.0,128.0,1.0,1.0,13.0,13.0,0.0,0.0,0.0,91.49,有成交
69f43dfc000000003501f8cd,我的食欲稳定三件套：,鲜水湾甄选,2026-05-01 13:45:32,图文笔记,未推广,1265,76.0,16.0,69.0,1.0,1.0,7.0,5.0,1.0,0.0,0.0,54.55,有成交
69f412a200000000360006f7,就是这个！100来块钱承包了我半个月的轻食,鲜水湾甄选,2026-05-01 10:40:34,图文笔记,未推广,1090,39.0,12.0,0.0,0.0,0.0,7.0,7.0,1.0,0.0,0.0,0,无成交数据
69f34fb3000000003502fe4e,对不起，是我低估100来块的购买力了🍤,鲜水湾甄选,2026-04-30 20:48:51,图文笔记,未推广,1188,53.0,13.0,0.0,0.0,0.0,10.0,7.0,0.0,0.0,0.0,0,无成交数据
69f316190000000036000647,⛰️姆对不起！我移情别恋大虾仁了,鲜水湾甄选,2026-04-30 16:43:05,图文笔记,未推广,1486,77.0,13.0,197.0,2.0,2.0,11.0,11.0,4.0,0.0,0.0,132.57,有成交
69f3118a0000000023014a2e,夏天快来了！花69搞定一周轻食餐🍃,菲菲上班吃什么,2026-04-30 16:23:38,图文笔记,未推广,1177,65.0,12.0,128.0,1.0,1.0,6.0,5.0,0.0,0.0,0.0,108.75,有成交
69f308bf0000000035039e76,区区69块，直接承包我一整周减脂餐,鲜水湾甄选,2026-04-30 15:46:07,图文笔记,未推广,1106,45.0,14.0,0.0,0.0,0.0,5.0,5.0,2.0,0.0,0.0,0,无成交数据
69f2e895000000002301cce4,还以为69没多少，结果够我吃一整周了～,菲菲上班吃什么,2026-04-30 13:28:53,图文笔记,未推广,1234,73.0,16.0,0.0,0.0,0.0,8.0,8.0,0.0,0.0,0.0,0,无成交数据
69f1c5670000000035038a36,决定用100来块来尊重一下这个夏天,鲜水湾甄选,2026-04-29 16:46:31,图文笔记,未推广,1124,47.0,15.0,128.0,1.0,1.0,6.0,6.0,2.0,108.0,1.0,113.88,有成交
69f1ad170000000035029b6d,夏天快来了，我决定花69吃一周轻食餐🍤,鲜水湾甄选,2026-04-29 15:02:47,图文笔记,未推广,1032,36.0,13.0,138.0,2.0,2.0,9.0,6.0,2.0,69.0,1.0,133.72,有成交
69f19896000000003502f082,年轻人还是不能低估69块钱的购买力😍,鲜水湾甄选,2026-04-29 13:35:18,图文笔记,已推广,2170,133.0,12.0,69.0,1.0,1.0,13.0,12.0,4.0,0.0,0.0,31.8,有成交
69f176a900000000350270ad,爸妈吐槽我每天健身吃虾仁太奢侈…,鲜水湾甄选,2026-04-29 11:10:33,图文笔记,未推广,1228,108.0,16.0,0.0,0.0,0.0,14.0,13.0,4.0,0.0,0.0,0,无成交数据
69f0c994000000001a036c00,其实，300 块够吃一个月三文鱼了🥹,鲜水湾,2026-04-28 22:52:04,图文笔记,未推广,5385,471.0,27.0,912.0,4.0,4.0,143.0,133.0,37.0,456.0,2.0,169.36,有成交
69f0bd9b000000001a037154,不敢相信🫢69块承包了我一周的减脂餐,菲菲上班吃什么,2026-04-28 22:00:59,图文笔记,未推广,1619,62.0,12.0,0.0,0.0,0.0,11.0,10.0,3.0,0.0,0.0,0,无成交数据
69f0b1ba0000000035028de2,夏天快来了，我决定花100多吃半个月减脂餐,鲜水湾甄选,2026-04-28 21:10:18,图文笔记,未推广,2388,171.0,12.0,0.0,0.0,0.0,19.0,17.0,3.0,0.0,0.0,0,无成交数据
69f0b187000000001f003829,真的掉秤🍤减脂期直接锁死这虾仁！,菲菲上班吃什么,2026-04-28 21:09:27,图文笔记,未推广,1035,82.0,13.0,0.0,0.0,0.0,7.0,7.0,1.0,0.0,0.0,0,无成交数据
69f0a7de0000000023006b3c,普通人减脂真不贵，69够吃一周了🥹,鲜水湾,2026-04-28 20:28:14,图文笔记,未推广,2734,120.0,17.0,69.0,1.0,1.0,19.0,19.0,6.0,0.0,0.0,25.24,有成交
69f0a64a000000001a037412,区区69块承包我一周的减脂餐😂,婉婉上班吃什么,2026-04-28 20:21:30,图文笔记,未推广,5252,280.0,15.0,197.0,2.0,2.0,69.0,60.0,14.0,0.0,0.0,37.51,有成交
69f0839f0000000036002d3a,我妈问我：你天天吃虾仁，是不是涨工资了😂,鲜水湾甄选,2026-04-28 17:53:35,图文笔记,未推广,1844,104.0,18.0,0.0,0.0,0.0,13.0,11.0,5.0,0.0,0.0,0,无成交数据
69f04f71000000001a035fc4,真的不要低估 300 来块的购买力😂,婉婉上班吃什么,2026-04-28 14:10:58,图文笔记,已推广,4560,352.0,10.0,118.0,1.0,1.0,64.0,54.0,11.0,0.0,0.0,25.88,有成交
69f04cd50000000022028632,谁懂！？终于找到适合小胃口的干净虾仁了…,鲜水湾,2026-04-28 13:59:49,图文笔记,未推广,1416,58.0,13.0,69.0,1.0,1.0,9.0,9.0,3.0,0.0,0.0,48.73,有成交
69f04016000000001a035b4b,69元的购买力，解决一周工作餐,菲菲上班吃什么,2026-04-28 13:05:26,图文笔记,未推广,1282,91.0,13.0,138.0,2.0,2.0,16.0,14.0,4.0,0.0,0.0,107.64,有成交
69f0212b0000000035029d26,真的低估了10来块钱的购买力🥹,鲜水湾甄选,2026-04-28 10:53:31,图文笔记,未推广,1152,56.0,15.0,0.0,0.0,0.0,6.0,6.0,1.0,0.0,0.0,0,无成交数据
69f01d81000000001a03791f,告别⛰️姆大包装！小份虾仁才是独居福音,菲菲上班吃什么,2026-04-28 10:37:53,图文笔记,已推广,1803,80.0,13.0,69.0,1.0,1.0,7.0,7.0,3.0,0.0,0.0,38.27,有成交
69f00d8d000000002301ccda,感受一下300来块的购买力，顺丰包邮,婉婉上班吃什么,2026-04-28 09:29:49,图文笔记,已推广,3409,256.0,20.0,794.0,3.0,3.0,51.0,43.0,8.0,0.0,0.0,232.91,有成交
69ef6c020000000023007ff2,我也不想吃啊，但是69块够我吃一个周,菲菲上班吃什么,2026-04-27 22:00:34,图文笔记,已推广,3287,146.0,13.0,0.0,0.0,0.0,27.0,24.0,3.0,0.0,0.0,0,无成交数据
69ef61be00000000230047d2,同事对于我每天吃一盒虾仁，表示很奢侈,菲菲上班吃什么,2026-04-27 21:16:46,图文笔记,未推广,1049,48.0,14.0,0.0,0.0,0.0,5.0,5.0,0.0,0.0,0.0,0,无成交数据
69ef55f20000000035039e3b,真的惊了，严重低估了69的购买力！,鲜水湾甄选,2026-04-27 20:26:26,图文笔记,未推广,1887,68.0,11.0,0.0,0.0,0.0,10.0,10.0,2.0,0.0,0.0,0,无成交数据
69ef26fe000000003600147f,五一减脂真不多，69够我吃一周了…,鲜水湾甄选,2026-04-27 17:06:06,图文笔记,未推广,2128,196.0,13.0,0.0,0.0,0.0,33.0,30.0,6.0,0.0,0.0,0,无成交数据
69ef2630000000001e00dae9,凭一己之力带动办公室买了十份虾仁🍤,菲菲上班吃什么,2026-04-27 17:02:40,图文笔记,未推广,2044,110.0,16.0,0.0,0.0,0.0,24.0,23.0,2.0,0.0,0.0,0,无成交数据
69ef149c0000000035022ac6,不夸张，我在xhs买的虾仁从未失手过,鲜水湾甄选,2026-04-27 15:47:40,图文笔记,已推广,1633,103.0,19.0,128.0,1.0,1.0,21.0,19.0,3.0,0.0,0.0,78.38,有成交
69ef13e0000000002202a49b,上班带饭真的很省钱……,菲菲上班吃什么,2026-04-27 15:44:32,视频笔记,已推广,4985,3891,32.0,463.0,5.0,5.0,84.0,75.0,15.0,0.0,0.0,92.88,有成交
69ef0957000000002301777f,给公司所有人准备的减脂餐！,鲜水湾,2026-04-27 14:59:35,图文笔记,未推广,2216,168.0,14.0,0.0,0.0,0.0,11.0,10.0,2.0,0.0,0.0,0,无成交数据
69ef03c0000000002202643f,现在的人真的对钱没有概念了😅,婉婉上班吃什么,2026-04-27 14:35:44,图文笔记,未推广,2275,130.0,9.0,0.0,0.0,0.0,18.0,16.0,2.0,0.0,0.0,0,无成交数据
69ef01a70000000023007fe6,打工人减脂真不贵，69够吃一周了🍤,菲菲上班吃什么,2026-04-27 14:26:47,图文笔记,未推广,1857,137.0,18.0,0.0,0.0,0.0,3.0,3.0,1.0,0.0,0.0,0,无成交数据
69ef00850000000035023c95,区区69元，承包我一周减脂快乐😁,鲜水湾甄选,2026-04-27 14:21:57,图文笔记,未推广,1211,86.0,17.0,138.0,2.0,2.0,14.0,12.0,0.0,0.0,0.0,113.96,有成交
69eefd7b000000001b021cad,区区300块够吃半个月三文鱼了,鲜水湾,2026-04-27 14:08:59,图文笔记,已推广,13079,1010,32.0,980.0,5.0,5.0,207.0,176.0,56.0,0.0,0.0,74.93,有成交
69eecd09000000001b023abd,打工人带饭续命🍤百元囤虾仁太香了,菲菲上班吃什么,2026-04-27 10:42:18,图文笔记,未推广,1114,88.0,14.0,128.0,1.0,1.0,9.0,8.0,3.0,0.0,0.0,114.9,有成交
69eeca9e0000000035038cd1,为啥很少有人减脂主食吃虾仁,鲜水湾甄选,2026-04-27 10:31:58,图文笔记,未推广,25332,671.0,16.0,256.0,2.0,2.0,96.0,79.0,19.0,0.0,0.0,10.11,有成交
69eeca9a00000000220286a8,我宣布，三文鱼就是管理期的神！,婉婉上班吃什么,2026-04-27 10:31:54,图文笔记,未推广,1483,152.0,14.0,0.0,0.0,0.0,13.0,10.0,3.0,0.0,0.0,0,无成交数据
69ee2588000000002301fcd6,真的感受到100来块的杀伤力了,婉婉上班吃什么,2026-04-26 22:47:36,图文笔记,未推广,2294,250.0,15.0,197.0,2.0,2.0,25.0,23.0,5.0,0.0,0.0,85.88,有成交
69ee238200000000200389fd,听取姐妹建议，上架自律一人食小包装❗️,鲜水湾,2026-04-26 22:38:58,图文笔记,未推广,2292,212.0,15.0,0.0,0.0,0.0,26.0,25.0,4.0,0.0,0.0,0,无成交数据
69ee17dd000000002300469f,决定为早八人推出小包装，已经落实了,菲菲上班吃什么,2026-04-26 21:49:17,图文笔记,未推广,1351,111.0,12.0,128.0,1.0,1.0,14.0,14.0,4.0,0.0,0.0,94.74,有成交
69ee1712000000003503ad01,减脂人假期囤货，直观展示128元的购买力！,鲜水湾甄选,2026-04-26 21:45:54,图文笔记,未推广,1015,34.0,13.0,0.0,0.0,0.0,5.0,5.0,3.0,0.0,0.0,0,无成交数据
69ee0ef7000000003501d209,瘦都是我应得的！吃不腻的减脂餐,鲜水湾甄选,2026-04-26 21:11:19,图文笔记,未推广,1233,66.0,14.0,128.0,1.0,1.0,9.0,8.0,1.0,0.0,0.0,103.81,有成交
69ee09de00000000220253aa,身材管理期吃它！我两周掉了6斤！,鲜水湾,2026-04-26 20:49:34,图文笔记,未推广,118236,5967,100.0,4076.0,46.0,46.0,1945.0,1774.0,367.0,128.0,1.0,34.47,有成交
69ee02c8000000003502085f,很难不爱！超懂独居健身人的小包装虾仁🍤,鲜水湾甄选,2026-04-26 20:19:21,图文笔记,未推广,1320,55.0,15.0,0.0,0.0,0.0,14.0,10.0,3.0,0.0,0.0,0,无成交数据
69ee02870000000022026a6f,我妈说我每天都吃虾仁太奢侈🥹,菲菲上班吃什么,2026-04-26 20:18:15,图文笔记,未推广,1217,67.0,17.0,0.0,0.0,0.0,6.0,6.0,0.0,0.0,0.0,0,无成交数据
69edee670000000035020ef8,找遍山🪵没找到的虾仁，我在小红书上找到了！,鲜水湾甄选,2026-04-26 18:52:23,图文笔记,未推广,1187,71.0,13.0,0.0,0.0,0.0,10.0,9.0,0.0,0.0,0.0,0,无成交数据
69edbdab000000003501ee7e,我也不想买，可是100多他给我发10包虾仁啊🥹,鲜水湾甄选,2026-04-26 15:24:27,图文笔记,未推广,1603,97.0,14.0,197.0,2.0,2.0,18.0,14.0,3.0,0.0,0.0,122.89,有成交
69edbd5f000000002301c40b,被同事说“天天吃虾好奢侈”，我笑了🤭,菲菲上班吃什么,2026-04-26 15:23:11,图文笔记,未推广,1439,140.0,15.0,0.0,0.0,0.0,11.0,10.0,2.0,0.0,0.0,0,无成交数据
69edac45000000003501c9a7,和爸妈商量后！为早八人定制的虾仁小包装✌️,鲜水湾甄选,2026-04-26 14:10:13,图文笔记,未推广,1127,59.0,12.0,0.0,0.0,0.0,5.0,4.0,2.0,0.0,0.0,0,无成交数据
69edaaaa000000001a034ae8,替我妈通知一下：69块五袋虾仁到货了😋,菲菲上班吃什么,2026-04-26 14:03:22,图文笔记,未推广,1196,79.0,12.0,69.0,1.0,1.0,8.0,8.0,0.0,0.0,0.0,57.69,有成交
69ecc4a8000000002301688d,水肿体质试试多吃虾仁，腿真的会细,婉婉上班吃什么,2026-04-25 21:42:00,图文笔记,未推广,2448,246.0,15.0,69.0,1.0,1.0,25.0,21.0,3.0,0.0,0.0,28.19,有成交
69ecb6880000000035031bc8,自己赚钱后报复性吃虾吃到撑,鲜水湾甄选,2026-04-25 21:30:21,图文笔记,未推广,1041,69.0,17.0,0.0,0.0,0.0,7.0,5.0,1.0,0.0,0.0,0,无成交数据
69ecb646000000001f00526a,独居第三年，终于找到了不浪费的做饭方式💰,菲菲上班吃什么,2026-04-25 22:30:10,图文笔记,未推广,1118,66.0,13.0,0.0,0.0,0.0,4.0,4.0,0.0,0.0,0.0,0,无成交数据
69ecb38d000000001f001453,轻断食 真的会So！！！,菲菲上班吃什么,2026-04-25 21:30:21,图文笔记,未推广,8963,1324,30.0,461.0,5.0,5.0,49.0,37.0,8.0,0.0,0.0,51.43,有成交
69ecaafd0000000020038518,128块的购买力具象化了，轻松搞定一周轻食,菲菲上班吃什么,2026-04-25 19:52:29,图文笔记,未推广,1613,132.0,18.0,0.0,0.0,0.0,11.0,11.0,1.0,0.0,0.0,0,无成交数据
69eca665000000003502f040,快看❗️原来降低物欲花128块可以囤一周的量,鲜水湾甄选,2026-04-25 19:32:53,图文笔记,未推广,1232,57.0,14.0,0.0,0.0,0.0,5.0,5.0,1.0,0.0,0.0,0,无成交数据
69ec8f55000000001f007480,每天这样吃，瘦，都是我应得的！,婉婉上班吃什么,2026-04-25 17:54:29,图文笔记,未推广,1610,172.0,6.0,0.0,0.0,0.0,10.0,10.0,3.0,0.0,0.0,0,无成交数据
69ec8342000000001a0374a0,三文鱼扒1000g 限时折扣，快冲吧,鲜水湾,2026-04-25 17:02:58,图文笔记,已推广,24298,1677,25.0,5094.0,32.0,32.0,741.0,664.0,132.0,1387.15,5.0,209.65,有成交
69ec760a0000000023015f08,爸妈觉得我每天吃虾仁很奢侈！！！,菲菲上班吃什么,2026-04-25 16:06:34,视频笔记,已推广,3460,2738,25.0,128.0,1.0,1.0,50.0,49.0,4.0,0.0,0.0,36.99,有成交
69ec65b000000000350242a2,真的会谢，对100来块的购买力有了新概念,鲜水湾甄选,2026-04-25 14:56:48,图文笔记,未推广,3476,253.0,17.0,0.0,0.0,0.0,27.0,24.0,5.0,0.0,0.0,0,无成交数据
69ec6399000000001e00c9c6,带饭的尽头是摆烂！！！,菲菲上班吃什么,2026-04-25 14:47:53,图文笔记,未推广,1248,148.0,13.0,0.0,0.0,0.0,3.0,3.0,0.0,0.0,0.0,0,无成交数据
69ec62c4000000001f007375,听姐妹们说大包装吃不完，虾仁小包装来了,鲜水湾,2026-04-25 14:44:20,图文笔记,已推广,6902,455.0,21.0,266.0,3.0,3.0,78.0,67.0,14.0,0.0,0.0,38.54,有成交
69ec5a2c000000001f0014aa,以为海捕虾仁很贵，结果128块够我吃一个月,鲜水湾,2026-04-25 14:07:40,图文笔记,未推广,2186,85.0,16.0,69.0,1.0,1.0,11.0,10.0,2.0,0.0,0.0,31.56,有成交
69ec534400000000200393d9,健身群被问烦了，减脂虾仁链接放这了,菲菲上班吃什么,2026-04-25 13:38:12,图文笔记,未推广,1243,66.0,14.0,0.0,0.0,0.0,4.0,3.0,0.0,0.0,0.0,0,无成交数据
69ec52e3000000003600103a,区区69块钱，竟然解决了我一周上班带饭,鲜水湾甄选,2026-04-25 13:36:35,图文笔记,未推广,1148,56.0,13.0,0.0,0.0,0.0,5.0,5.0,0.0,0.0,0.0,0,无成交数据
69ec44e6000000001e00e8da,奉劝大家不要低估 100 块的购买力，够吃一周,婉婉上班吃什么,2026-04-25 12:36:54,图文笔记,未推广,1873,78.0,14.0,69.0,1.0,1.0,14.0,13.0,0.0,0.0,0.0,36.84,有成交
69ec363e000000003503a4d9,放弃山🪵了，还是这种小包装更有性价比,鲜水湾甄选,2026-04-25 11:34:22,图文笔记,已推广,4861,383.0,22.0,0.0,0.0,0.0,50.0,42.0,11.0,0.0,0.0,0,无成交数据
69ec21b8000000003501c7ee,对不起了⛰️姆，还是这种小包装更有性价比,鲜水湾甄选,2026-04-25 10:06:49,图文笔记,未推广,1692,91.0,17.0,0.0,0.0,0.0,5.0,5.0,0.0,0.0,0.0,0,无成交数据
69ec20f3000000001e00efb6,懒人极简带饭，69够吃一周的了,菲菲上班吃什么,2026-04-25 10:03:31,图文笔记,未推广,1514,78.0,18.0,0.0,0.0,0.0,11.0,9.0,3.0,0.0,0.0,0,无成交数据
69eb36ec000000002202a10f,听粉丝的话！推出管理期小包装虾仁,鲜水湾,2026-04-24 17:25:00,图文笔记,未推广,4443,385.0,20.0,0.0,0.0,0.0,63.0,59.0,9.0,0.0,0.0,0,无成交数据
69eb2dc4000000002202aa0b,花 300 块搞定一个月的干净饮食,婉婉上班吃什么,2026-04-24 16:45:56,图文笔记,未推广,1944,158.0,7.0,0.0,0.0,0.0,13.0,12.0,1.0,0.0,0.0,0,无成交数据
69eb1a37000000001b022551,这个三文鱼，太适合上班带饭了,婉婉上班吃什么,2026-04-24 15:22:31,图文笔记,已推广,1527,136.0,8.0,68.0,1.0,1.0,14.0,14.0,6.0,0.0,0.0,44.53,有成交
69eb1244000000001b023c12,给孩子做的三文鱼健康餐,鲜水湾,2026-04-24 14:48:37,图文笔记,已推广,3100,330.0,9.0,185.0,2.0,2.0,25.0,24.0,3.0,0.0,0.0,59.68,有成交
69eadaa60000000022025b72,三文鱼排1000g限时直降,鲜水湾,2026-04-24 10:51:18,图文笔记,未推广,30767,1736,32.0,2266.0,12.0,12.0,806.0,723.0,134.0,0.0,0.0,73.65,有成交
69ead6db000000001f007ba4,区区 300 块，承包我一个月的快乐😉,婉婉上班吃什么,2026-04-24 10:35:07,图文笔记,已推广,17871,1608,38.0,1470.0,5.0,5.0,212.0,186.0,49.0,338.0,1.0,82.26,有成交
69e9ec580000000023015a62,马上五一了！又到了给老丈人送鲅鱼的时候了,鲜水湾,2026-04-23 17:54:32,图文笔记,已推广,15996,2168,30.0,1785.6,9.0,8.0,337.0,277.0,33.0,387.8,2.0,111.63,有成交
69e9d4c20000000013030800,"管理期，吃空一箱又一箱,真的很好吃",鲜水湾甄选,2026-04-23 16:13:54,图文笔记,未推广,1344,49.0,12.0,0.0,0.0,0.0,1.0,1.0,0.0,0.0,0.0,0,无成交数据
69e9b784000000001a02cb8f,太适合上班带饭了，一次一袋,婉婉上班吃什么,2026-04-23 14:09:08,图文笔记,已推广,22286,2875,35.0,1216.0,7.0,7.0,235.0,215.0,44.0,0.0,0.0,54.56,有成交
69e98e4a000000001f007dd5,某姆对不起，小份虾真的回不去了😂,菲菲上班吃什么,2026-04-24 08:30:20,图文笔记,已推广,5174,511.0,17.0,69.0,1.0,1.0,32.0,28.0,6.0,0.0,0.0,13.34,有成交
69e985de000000001d018fdc,这才是早八人的坠爱，69搞定一周带饭,鲜水湾甄选,2026-04-23 13:40:01,图文笔记,未推广,1555,188.0,13.0,197.0,2.0,2.0,21.0,17.0,0.0,0.0,0.0,126.69,有成交
69e888190000000021007cad,不藏了！13.8/包，顺丰包邮最后200单了,鲜水湾甄选,2026-04-23 08:30:22,图文笔记,未推广,1345,53.0,13.0,0.0,0.0,0.0,16.0,13.0,2.0,0.0,0.0,0,无成交数据
69e88722000000001b022d7a,跟爸妈商量后，推出一个月的量减脂餐,鲜水湾,2026-04-22 16:30:26,图文笔记,未推广,13513,975.0,31.0,1050.0,5.0,5.0,194.0,173.0,48.0,118.0,1.0,77.7,有成交
69e87d1b000000001e00dc29,300多的三文鱼，承包我一个月的减脂餐,婉婉上班吃什么,2026-04-22 15:47:39,图文笔记,未推广,5197,357.0,13.0,0.0,0.0,0.0,59.0,54.0,11.0,0.0,0.0,0,无成交数据
69e86bd700000000230178ca,直观展示一下100多块钱的购买力！,菲菲上班吃什么,2026-04-22 18:31:00,图文笔记,已推广,2430,155.0,15.0,0.0,0.0,0.0,25.0,21.0,9.0,0.0,0.0,0,无成交数据
69e86a69000000001f0071ec,听粉丝的话！上架独立小包装真的受欢迎,菲菲上班吃什么,2026-04-23 07:30:17,图文笔记,未推广,3598,230.0,19.0,138.0,2.0,2.0,43.0,39.0,14.0,0.0,0.0,38.35,有成交
69e867ae000000002301360a,刚吃完一袋，我妈叫我再买一箱……,鲜水湾甄选,2026-04-23 07:00:37,图文笔记,未推广,1139,82.0,15.0,138.0,2.0,2.0,16.0,14.0,4.0,0.0,0.0,121.16,有成交
69e863d3000000002202911e,我也不想买啊，可它69够我吃一周的了,菲菲上班吃什么,2026-04-22 17:40:08,图文笔记,已推广,6334,454.0,19.0,266.0,3.0,3.0,95.0,79.0,14.0,0.0,0.0,42.0,有成交
69e85fff000000002301407d,青岛女婿每年的必备支出！鲅鱼跳丈人笑🤣,鲜水湾,2026-04-22 13:43:27,图文笔记,已推广,7559,873.0,17.0,208.70000000000002,3.0,3.0,90.0,80.0,10.0,0.0,0.0,27.61,有成交
69e85ff000000000230067e7,山母对不起，还是小包装更有幸福感✌️,菲菲上班吃什么,2026-04-22 15:30:17,图文笔记,未推广,4394,260.0,13.0,256.0,2.0,2.0,32.0,26.0,6.0,0.0,0.0,58.26,有成交
69e85ce5000000001f0004ce,带饭三个月，存了一万二,婉婉上班吃什么,2026-04-22 13:30:13,图文笔记,已推广,75723,11189,147.0,3030.0,19.0,19.0,822.0,742.0,178.0,349.6,1.0,40.01,有成交
69e857a4000000001a02e5de,69块吃不了一顿火锅，但承包我一周减脂餐！,菲菲上班吃什么,2026-04-22 13:07:48,图文笔记,未推广,2247,88.0,14.0,197.0,2.0,2.0,19.0,16.0,2.0,0.0,0.0,87.67,有成交
69e83ee9000000001a02f43e,区区69元，承包我一周减脂快乐😁,菲菲上班吃什么,2026-04-22 11:40:08,图文笔记,未推广,1766,186.0,15.0,0.0,0.0,0.0,15.0,13.0,1.0,0.0,0.0,0,无成交数据
69e8331f000000002301c487,不想开火，用空气炸锅做三文鱼太简单了！,鲜水湾,2026-04-22 10:31:59,图文笔记,已推广,4435,545.0,14.0,254.0,3.0,3.0,55.0,53.0,10.0,0.0,0.0,57.27,有成交
69e82b32000000001f004781,奉劝大家不要低估 100 来块的购买力……,婉婉上班吃什么,2026-04-22 09:58:10,图文笔记,已推广,2052,126.0,17.0,197.0,2.0,2.0,27.0,22.0,1.0,0.0,0.0,96.0,有成交
69e8276c000000001f0077f2,和爸妈商量后，专为减脂姐妹推出的小包装🍤,菲菲上班吃什么,2026-04-22 09:42:04,图文笔记,未推广,11033,581.0,23.0,325.0,3.0,3.0,109.0,100.0,36.0,0.0,0.0,29.46,有成交
69e77f4000000000230141a0,和爸妈商量后，推出一人食小包装虾仁！,鲜水湾,2026-04-21 21:44:32,图文笔记,已推广,17867,1555,38.0,729.0,8.0,8.0,253.0,213.0,52.0,69.0,1.0,40.8,有成交
69e77c37000000002301c7ba,69块解决了我一周轻食餐了……,婉婉上班吃什么,2026-04-21 21:31:35,图文笔记,未推广,2992,337.0,18.0,0.0,0.0,0.0,18.0,16.0,2.0,0.0,0.0,0,无成交数据
69e77a6b000000001e00f094,凭一己之力带动整个办公室吃虾！,菲菲上班吃什么,2026-04-21 21:23:55,图文笔记,未推广,1381,174.0,16.0,0.0,0.0,0.0,13.0,12.0,4.0,0.0,0.0,0,无成交数据
69e74b88000000001f0064f0,别不信，300块能买整条三文鱼！,鲜水湾,2026-04-21 18:03:52,图文笔记,已推广,3806,286.0,12.0,1412.0,4.0,4.0,57.0,49.0,10.0,0.0,0.0,370.99,有成交
69e73fad0000000022026a8e,Xhs诚不欺我，三文鱼真的很大,婉婉上班吃什么,2026-04-21 17:13:17,图文笔记,已推广,3814,303.0,7.0,118.0,1.0,1.0,46.0,42.0,4.0,0.0,0.0,30.94,有成交
69e72811000000001b002edd,听劝！被粉丝催爆的一人食小包装虾仁🍤,鲜水湾甄选,2026-04-22 11:30:31,图文笔记,未推广,1149,92.0,13.0,0.0,0.0,0.0,5.0,5.0,0.0,0.0,0.0,0,无成交数据
69e721aa00000000230211f1,谁懂啊？sam不知道小份装虾仁的快乐啊！,鲜水湾甄选,2026-04-22 09:30:16,图文笔记,未推广,1265,30.0,12.0,0.0,0.0,0.0,7.0,5.0,4.0,0.0,0.0,0,无成交数据
69e71bd6000000001b002acd,七天逼自己So了好多,鲜水湾甄选,2026-04-21 16:30:14,图文笔记,未推广,1567,190.0,17.0,0.0,0.0,0.0,12.0,11.0,2.0,0.0,0.0,0,无成交数据
69e71a8300000000220263eb,某姆对不起，还是300一整条的更适合我,菲菲上班吃什么,2026-04-21 14:34:43,图文笔记,已推广,48326,2388,42.0,1550.0,5.0,5.0,377.0,344.0,101.0,0.0,0.0,32.07,有成交
69e71389000000002003aa4c,我妈：你就卖300块一整条，总比卖不出去强,鲜水湾,2026-04-21 14:04:57,图文笔记,已推广,3005,273.0,9.0,0.0,0.0,0.0,46.0,41.0,9.0,0.0,0.0,0,无成交数据
69e711b5000000001a02fe4d,我也不想买啊，可它300来块一整条还顺丰包邮,婉婉上班吃什么,2026-04-21 13:57:09,图文笔记,已推广,3127,262.0,11.0,0.0,0.0,0.0,36.0,35.0,7.0,0.0,0.0,0,无成交数据
69e70f13000000002302708a,第一次对爬坡后吃快碳起了敬意…,鲜水湾甄选,2026-04-21 15:30:00,图文笔记,未推广,1499,161.0,14.0,128.0,1.0,1.0,4.0,4.0,0.0,0.0,0.0,85.39,有成交
69e70c76000000001f002df3,泪水打湿减脂餐，坚持瘦到100斤,菲菲上班吃什么,2026-04-21 13:34:46,图文笔记,未推广,3365,519.0,9.0,338.0,1.0,1.0,26.0,26.0,6.0,0.0,0.0,100.45,有成交
69e6efa900000000230217ee,爸妈对于我每天吃一盒虾仁表示很奢侈,鲜水湾甄选,2026-04-21 14:30:03,图文笔记,未推广,1377,57.0,14.0,0.0,0.0,0.0,13.0,12.0,4.0,0.0,0.0,0,无成交数据
69e6e4d90000000023025d70,同事问我:你天天带虾仁，月薪多少啊,鲜水湾甄选,2026-04-21 11:30:26,图文笔记,已推广,2404,225.0,15.0,138.0,2.0,2.0,20.0,17.0,2.0,0.0,0.0,57.4,有成交
69e6e2220000000022026017,带饭的尽头…真是懒人饭,婉婉上班吃什么,2026-04-21 10:34:10,图文笔记,已推广,1405,149.0,16.0,0.0,0.0,0.0,20.0,14.0,3.0,0.0,0.0,0,无成交数据
69e6de2600000000230100ae,春日减脂，区区69块够我连吃一周😎,鲜水湾甄选,2026-04-21 10:17:10,图文笔记,未推广,2145,108.0,16.0,0.0,0.0,0.0,8.0,7.0,1.0,0.0,0.0,0,无成交数据
69e62a8b0000000023015396,从青岛发来的整条三文鱼，被爸妈夸了！,婉婉上班吃什么,2026-04-20 21:30:51,图文笔记,未推广,3864,351.0,10.0,0.0,0.0,0.0,52.0,48.0,14.0,0.0,0.0,0,无成交数据
69e5f9c10000000023006df8,低卡卡美味的三文鱼，管理期也太幸福了,婉婉上班吃什么,2026-04-20 18:02:41,图文笔记,未推广,4561,424.0,10.0,136.0,2.0,2.0,58.0,49.0,18.0,68.0,1.0,29.82,有成交
69e5f2cd000000001b000539,短短一周逼自己So了好多,鲜水湾甄选,2026-04-20 18:32:01,图文笔记,未推广,19551,3178,135.0,813.0,11.0,11.0,144.0,123.0,26.0,69.0,1.0,41.58,有成交
69e5ecdb000000002301d4b7,错过可惜！一整条鱼才300来块……,婉婉上班吃什么,2026-04-20 17:07:39,图文笔记,已推广,10053,697.0,11.0,672.0,4.0,4.0,131.0,112.0,30.0,0.0,0.0,66.85,有成交
69e5e7250000000023010100,我也不想买啊，可它69够我吃一周的哎,鲜水湾甄选,2026-04-20 17:30:38,图文笔记,已推广,2159,126.0,17.0,128.0,1.0,1.0,18.0,17.0,1.0,0.0,0.0,59.29,有成交
69e5e6020000000022029222,第一次对爬坡后吃快碳起了敬意…,菲菲上班吃什么,2026-04-20 16:38:26,图文笔记,已推广,12353,2053,25.0,463.0,5.0,5.0,64.0,57.0,12.0,128.0,1.0,37.48,有成交
69e5e04000000000230117f0,减脂期懒人福音，这个小份虾仁比sam还懂我！,鲜水湾甄选,2026-04-20 16:13:52,图文笔记,未推广,1469,95.0,21.0,0.0,0.0,0.0,7.0,6.0,3.0,0.0,0.0,0,无成交数据
69e5def0000000001f003ef7,对不起某马，我移情别恋了,菲菲上班吃什么,2026-04-20 16:08:16,图文笔记,已推广,2273,255.0,14.0,0.0,0.0,0.0,25.0,23.0,3.0,0.0,0.0,0,无成交数据
69e5ddcf000000002301c16a,69块解决了我一周的轻食餐…,婉婉上班吃什么,2026-04-20 16:03:27,图文笔记,已推广,8084,960.0,17.0,335.0,4.0,4.0,98.0,89.0,16.0,0.0,0.0,41.44,有成交
69e5c59d000000001a02f4d0,某姆的大包装太多，原产地的小包装总行了吧,鲜水湾,2026-04-20 14:20:13,图文笔记,已推广,5275,401.0,25.0,69.0,1.0,1.0,45.0,41.0,10.0,0.0,0.0,13.08,有成交
69e5905f000000001f007150,我发现能控制住血糖的人都有一个饮食特点,婉婉上班吃什么,2026-04-20 10:33:03,图文笔记,已推广,18551,2234,48.0,872.0,12.0,12.0,116.0,111.0,25.0,68.0,1.0,47.01,有成交
69e58cb5000000001e00ef68,现在的年轻人严重低估顾客69块的购买力…,菲菲上班吃什么,2026-04-20 10:17:25,图文笔记,已推广,9303,636.0,26.0,404.0,5.0,5.0,98.0,86.0,20.0,128.0,1.0,43.43,有成交
69e4f85b000000002301cff7,不夸张，我在Xhs买的虾仁从未失手过,婉婉上班吃什么,2026-04-19 23:44:28,图文笔记,已推广,3233,182.0,18.0,138.0,2.0,2.0,48.0,40.0,8.0,0.0,0.0,42.68,有成交
69e4dde1000000001f00776c,别拿某姆某马的虾仁跟我比，真不够打！,鲜水湾,2026-04-19 21:51:30,图文笔记,未推广,1703,84.0,15.0,0.0,0.0,0.0,17.0,15.0,1.0,0.0,0.0,0,无成交数据
69e38fde000000001f006526,爸妈对于我每天吃一盒虾表示很奢侈,婉婉上班吃什么,2026-04-18 22:06:22,图文笔记,未推广,2371,122.0,13.0,128.0,1.0,1.0,22.0,20.0,4.0,0.0,0.0,53.99,有成交
69e378c1000000001f005d71,因为心疼钱，↓了15斤,婉婉上班吃什么,2026-04-18 20:27:45,图文笔记,未推广,8828,551.0,22.0,394.0,4.0,4.0,91.0,77.0,17.0,0.0,0.0,44.63,有成交
69e36051000000001a034cdd,吃了100块虾仁的代价……,菲菲上班吃什么,2026-04-18 18:43:29,图文笔记,已推广,1878,92.0,15.0,266.0,3.0,2.0,12.0,11.0,2.0,128.0,1.0,141.64,有成交
69e359f7000000001b021596,我宣布！三文鱼是管理期的神！,鲜水湾,2026-04-18 18:16:23,图文笔记,已推广,3734,299.0,10.0,710.0,5.0,5.0,28.0,25.0,8.0,0.0,0.0,190.14,有成交
69e34338000000002202a0d3,三文鱼真的太适合管理期吃啦,婉婉上班吃什么,2026-04-18 16:39:20,图文笔记,已推广,20062,1440,30.0,1164.0,7.0,7.0,190.0,165.0,50.0,0.0,0.0,58.02,有成交
69e3415b00000000220295ee,以为300块没多少，结果整条鱼都发来了,菲菲上班吃什么,2026-04-18 16:31:23,图文笔记,已推广,5991,433.0,9.0,1014.0,3.0,3.0,64.0,56.0,19.0,0.0,0.0,169.25,有成交
69e31a39000000001a037efd,怎么没人和我说呀！五一要送大鲅鱼,鲜水湾,2026-04-18 13:44:25,图文笔记,已推广,11787,1348,19.0,933.7,6.0,6.0,221.0,172.0,24.0,198.0,1.0,79.21,有成交
69e312b4000000001e00ee23,话不多说，五一前必须瘦到100斤,婉婉上班吃什么,2026-04-18 13:12:20,图文笔记,未推广,1196,130.0,12.0,0.0,0.0,0.0,9.0,8.0,1.0,0.0,0.0,0,无成交数据
69e30037000000002301d676,我也不想买啊😭但69够我吃一周虾仁了,婉婉上班吃什么,2026-04-18 11:53:27,图文笔记,已推广,26084,1678,39.0,1024.0,14.0,14.0,391.0,350.0,69.0,137.0,2.0,39.26,有成交
69e23a85000000001a02e0e2,我也不想买啊😭但69够我吃一周虾仁了,婉婉上班吃什么,2026-04-17 21:49:58,图文笔记,已推广,3501,165.0,13.0,69.0,1.0,1.0,27.0,23.0,7.0,0.0,0.0,19.71,有成交
69e234e00000000022027aab,同事说我天天吃虾仁，问我是在减肥还是炫富,菲菲上班吃什么,2026-04-17 21:25:52,图文笔记,已推广,2364,130.0,12.0,0.0,0.0,0.0,14.0,13.0,3.0,0.0,0.0,0,无成交数据
69e2197f000000001a02e97e,误以为很贵的整条三文鱼。。。,菲菲上班吃什么,2026-04-17 19:29:03,图文笔记,已推广,3081,228.0,7.0,0.0,0.0,0.0,25.0,23.0,3.0,0.0,0.0,0,无成交数据
69e212da000000002003abc4,希望整条三文鱼火，但火了又怕断货,鲜水湾,2026-04-17 19:00:42,图文笔记,已推广,7640,731.0,14.0,456.0,2.0,2.0,123.0,102.0,30.0,0.0,0.0,59.69,有成交
69e1ffb1000000001a034520,区区 300 块承包了我一个月的轻食餐,婉婉上班吃什么,2026-04-17 17:38:57,图文笔记,已推广,3625,240.0,11.0,676.0,2.0,2.0,41.0,38.0,9.0,338.0,1.0,186.48,有成交
69e10072000000002301d5a9,13r一袋！13r一袋！13r一袋！顺丰包邮,鲜水湾,2026-04-16 23:29:54,图文笔记,已推广,1911,85.0,10.0,98.0,1.0,1.0,18.0,16.0,1.0,0.0,0.0,51.28,有成交
69e0b19a000000002301f6d1,跟风买的虾仁，没拔草，好吃！,菲菲上班吃什么,2026-04-16 17:53:30,图文笔记,已推广,3131,210.0,11.0,69.0,1.0,1.0,28.0,25.0,7.0,0.0,0.0,22.04,有成交
69e0aef4000000002202529e,给同事带的饭，收她们一人 18 贵吗,婉婉上班吃什么,2026-04-16 17:42:12,图文笔记,已推广,2544,229.0,13.0,69.0,1.0,1.0,18.0,16.0,4.0,0.0,0.0,27.12,有成交
69e0a4ce000000001a02de44,给暗恋的同事带了三文鱼藜麦饭,菲菲上班吃什么,2026-04-16 16:58:54,图文笔记,已推广,20823,2134,40.0,0.0,0.0,0.0,135.0,123.0,32.0,0.0,0.0,0,无成交数据
69e097ea0000000022028566,区区 300 块够我吃一个月了,婉婉上班吃什么,2026-04-16 16:03:54,图文笔记,已推广,39040,3559,69.0,2226.0,11.0,11.0,578.0,506.0,164.0,0.0,0.0,57.02,有成交
69e09695000000002003b912,总算找到比某姆还实惠的三文鱼了。。。,菲菲上班吃什么,2026-04-16 15:58:13,图文笔记,已推广,4404,306.0,12.0,676.0,2.0,2.0,49.0,44.0,12.0,0.0,0.0,153.5,有成交
69e08acc0000000023006bbf,我和孩子的健康餐,鲜水湾,2026-04-16 15:07:57,图文笔记,已推广,4279,515.0,22.0,304.0,3.0,3.0,69.0,59.0,13.0,0.0,0.0,71.04,有成交
69dfa768000000001f003c5a,感谢网友！网购三文鱼安全下车！,菲菲上班吃什么,2026-04-15 22:57:44,图文笔记,已推广,13742,1303,16.0,486.0,2.0,2.0,276.0,246.0,44.0,0.0,0.0,35.37,有成交
69dfa529000000001a02ef04,真的不比山母合马的差呀,婉婉上班吃什么,2026-04-15 22:48:09,图文笔记,已推广,5950,658.0,7.0,182.84,2.0,2.0,86.0,74.0,20.0,0.0,0.0,30.73,有成交
69df9be9000000001f00772d,山母的品质，Pxx 的价格！,鲜水湾,2026-04-15 22:08:41,图文笔记,已推广,12339,1254,24.0,254.0,3.0,3.0,249.0,209.0,47.0,68.0,1.0,20.59,有成交
69df93d60000000023006cec,个人认为配料表zui 干净的虾仁（本人自封）,菲菲上班吃什么,2026-04-15 21:34:14,图文笔记,已推广,2184,150.0,13.0,138.0,2.0,2.0,26.0,21.0,4.0,69.0,1.0,63.19,有成交
69df8af2000000002301f0d8,老妈说虾仁就该这样吃无添加的,婉婉上班吃什么,2026-04-15 20:56:18,图文笔记,已推广,4135,397.0,16.0,98.0,1.0,1.0,46.0,40.0,7.0,0.0,0.0,23.7,有成交
69df5d7b000000001b020818,听老粉的话，推出了一人食小包装,鲜水湾,2026-04-15 17:42:19,图文笔记,已推广,7026,410.0,19.0,167.0,2.0,2.0,79.0,70.0,16.0,0.0,0.0,23.77,有成交
69df4f50000000001e00dd41,连续带饭第7天，同事问我怎么坚持的,菲菲上班吃什么,2026-04-15 16:41:52,图文笔记,未推广,1730,137.0,14.0,0.0,0.0,0.0,8.0,8.0,1.0,0.0,0.0,0,无成交数据
69df4a86000000001a0371e0,69搞定一周带饭！虾仁自由了,婉婉上班吃什么,2026-04-15 16:21:26,图文笔记,已推广,3289,201.0,14.0,0.0,0.0,0.0,24.0,19.0,6.0,0.0,0.0,0,无成交数据
69df3dc3000000001d01fb12,比Sam都实惠的整条三文鱼,鲜水湾甄选,2026-04-15 15:26:59,图文笔记,已推广,29691,2747,26.0,2483.0,13.0,13.0,416.0,345.0,94.0,0.0,0.0,83.63,有成交
69df2b29000000001a034ff8,不是某姆吃不起，而是工厂直发更有性价比,菲菲上班吃什么,2026-04-15 14:07:37,图文笔记,已推广,2774,277.0,13.0,136.0,2.0,2.0,43.0,36.0,9.0,0.0,0.0,49.03,有成交
69df2643000000001a037919,后台回购数据破防了，3年值了,鲜水湾,2026-04-15 13:46:43,图文笔记,已推广,1483,67.0,16.0,0.0,0.0,0.0,6.0,6.0,1.0,0.0,0.0,0,无成交数据
69df202e000000001f002c54,翻了3家超市虾仁配料表，默默全放回去了,婉婉上班吃什么,2026-04-15 13:20:46,图文笔记,已推广,1729,138.0,14.0,0.0,0.0,0.0,13.0,11.0,3.0,0.0,0.0,0,无成交数据
69df02ef000000001b02016c,管理期换个思路，69搞定一周高蛋白,菲菲上班吃什么,2026-04-15 11:15:59,图文笔记,已推广,1371,100.0,13.0,178.0,1.0,1.0,4.0,4.0,0.0,0.0,0.0,129.83,有成交
69de619f000000002301d137,以前是河马，现在是小红书,婉婉上班吃什么,2026-04-14 23:47:43,图文笔记,已推广,3478,345.0,9.0,574.0,3.0,2.0,50.0,41.0,11.0,0.0,0.0,165.04,有成交
69de5fc3000000001a02f9be,以前是山母，现在是小红书,菲菲上班吃什么,2026-04-14 23:39:47,图文笔记,已推广,10836,1185,29.0,304.0,3.0,3.0,157.0,139.0,52.0,0.0,0.0,28.05,有成交
69de58330000000023014b34,五一前后，给青岛老丈人送条鲅鱼吧！,鲜水湾,2026-04-14 23:07:31,图文笔记,已推广,36589,5625,77.0,1744.9,8.0,8.0,596.0,512.0,59.0,505.0,2.0,47.69,有成交
69de0748000000001f0027ee,以为 69 没多少，结果够我吃一周减脂餐了,菲菲上班吃什么,2026-04-14 17:22:16,图文笔记,未推广,8068,570.0,17.0,138.0,2.0,2.0,59.0,55.0,9.0,0.0,0.0,17.1,有成交
69de03020000000020038018,感谢 315 让 0 添加虾仁被越来越多人看到！,鲜水湾,2026-04-14 17:04:02,图文笔记,已推广,3850,262.0,17.0,0.0,0.0,0.0,40.0,37.0,7.0,0.0,0.0,0,无成交数据
69ddf238000000001f0032d6,真的感受到100块的购买力了,婉婉上班吃什么,2026-04-14 15:52:24,图文笔记,已推广,9566,684.0,18.0,532.0,5.0,5.0,123.0,110.0,28.0,128.0,1.0,55.61,有成交
69ddd7ae000000001f006a68,感谢315，让我家0添加虾仁被越来越多人看到,鲜水湾,2026-04-14 13:59:10,图文笔记,已推广,1782,70.0,14.0,0.0,0.0,0.0,19.0,18.0,1.0,0.0,0.0,0,无成交数据
69dd0d05000000001a0347cc,老天奶...一周9斤啊,菲菲上班吃什么,2026-04-13 23:34:29,图文笔记,未推广,22149,1935,26.0,617.0,9.0,9.0,157.0,146.0,18.0,0.0,0.0,27.86,有成交
69dd0bda000000001f004e57,跟风吃了一个月的高蛋白……,婉婉上班吃什么,2026-04-13 23:29:30,图文笔记,未推广,4857,616.0,10.0,207.0,3.0,3.0,38.0,35.0,4.0,0.0,0.0,42.62,有成交
69dcd560000000001f0033a9,山母对不起，还是小包装更有幸福感,婉婉上班吃什么,2026-04-13 19:37:04,图文笔记,已推广,1945,56.0,15.0,0.0,0.0,0.0,5.0,5.0,1.0,0.0,0.0,0,无成交数据
69dcbb5c000000001b020101,迄今为止 我减肥速度最快的一次,菲菲上班吃什么,2026-04-13 17:46:04,图文笔记,未推广,3144,394.0,12.0,276.0,3.0,3.0,22.0,21.0,3.0,0.0,0.0,87.79,有成交
69dcb1e6000000001f002f0f,听劝…给孩子吃就买这种配料表干净的虾仁,婉婉上班吃什么,2026-04-13 17:05:42,图文笔记,已推广,15130,1440,14.0,753.0,11.0,11.0,85.0,72.0,14.0,0.0,0.0,49.77,有成交
69dca905000000002202add5,太喜欢这个整条三文鱼了，比Sam实惠多了,菲菲上班吃什么,2026-04-13 16:27:49,图文笔记,已推广,55518,5135,49.0,4297.0,16.0,16.0,689.0,576.0,133.0,834.0,3.0,77.4,有成交
69dc9266000000001f000950,意外发现了掉秤最快的方法,婉婉上班吃什么,2026-04-13 14:51:18,图文笔记,未推广,1413,110.0,13.0,0.0,0.0,0.0,5.0,5.0,2.0,0.0,0.0,0,无成交数据
69dc8109000000002003a65a,区区300多，承包了我一个月的减脂餐,鲜水湾,2026-04-13 13:37:13,图文笔记,未推广,2904,269.0,18.0,486.0,2.0,2.0,43.0,43.0,9.0,0.0,0.0,167.36,有成交
69dbbec00000000023004cf2,3斤虾才能剥1斤虾仁，真别算不过账！,鲜水湾,2026-04-12 23:48:16,图文笔记,未推广,4749,419.0,11.0,197.0,2.0,2.0,66.0,58.0,7.0,69.0,1.0,41.48,有成交
69dbb9880000000022025a4f,跟爸妈商量好，推出整条三文鱼了,鲜水湾,2026-04-12 23:26:00,图文笔记,已推广,20016,1817,24.0,2402.0,9.0,9.0,417.0,359.0,106.0,1054.0,3.0,120.0,有成交
69dba51c000000001f0074b2,对不起sam，69块承包了我一周减脂餐,菲菲上班吃什么,2026-04-12 21:58:52,图文笔记,未推广,10627,553.0,16.0,138.0,2.0,2.0,88.0,72.0,17.0,0.0,0.0,12.99,有成交
69dba0b9000000002003908b,控体期一周蛋白质全靠它！回购了五次,婉婉上班吃什么,2026-04-12 21:40:09,图文笔记,未推广,5484,422.0,17.0,69.0,1.0,1.0,37.0,36.0,5.0,0.0,0.0,12.58,有成交
69db9eda000000001a034a09,因为穷，瘦了 15 斤。。。,菲菲上班吃什么,2026-04-12 21:32:10,图文笔记,未推广,5333,610.0,19.0,207.0,3.0,3.0,41.0,35.0,8.0,0.0,0.0,38.81,有成交
69db7ec4000000001b020293,吃了15天虾的后果。。。,婉婉上班吃什么,2026-04-12 19:15:17,图文笔记,未推广,17000,2219,28.0,404.0,5.0,5.0,138.0,118.0,31.0,69.0,1.0,23.76,有成交
69db6f28000000002300661f,别拿sam跟我比，真的不够打,鲜水湾,2026-04-12 18:08:40,图文笔记,未推广,2539,118.0,15.0,138.0,2.0,2.0,15.0,14.0,2.0,0.0,0.0,54.35,有成交
69db6b8a000000002202ac8f,要不是三文鱼so得快，我早就不吃了。。。,菲菲上班吃什么,2026-04-12 17:53:14,图文笔记,未推广,12732,2222,9.0,236.0,2.0,2.0,114.0,107.0,10.0,0.0,0.0,18.54,有成交
69db65bc00000000220254b0,某姆没有！因为我为早八姐妹定制的小包,鲜水湾,2026-04-12 17:28:28,图文笔记,未推广,3952,180.0,15.0,138.0,2.0,2.0,34.0,33.0,5.0,0.0,0.0,34.92,有成交
69db5a7c000000001b023c60,终于知道为什么每天吃虾反而更瘦了,婉婉上班吃什么,2026-04-12 16:40:28,图文笔记,未推广,16055,2025,31.0,471.0,6.0,6.0,115.0,98.0,28.0,0.0,0.0,29.34,有成交
69db57ba000000002003bbe4,奉劝各位上班带饭的姐妹…,菲菲上班吃什么,2026-04-12 16:28:42,图文笔记,未推广,2120,133.0,14.0,0.0,0.0,0.0,13.0,13.0,3.0,0.0,0.0,0,无成交数据
69db4e240000000023014b5b,某姆很好，但没有小包装真的劝退,鲜水湾,2026-04-12 15:47:48,图文笔记,未推广,21568,1929,18.0,413.0,6.0,6.0,160.0,143.0,31.0,0.0,0.0,19.15,有成交
69db1c110000000022028a67,315过后终于不用卷了，都卖点好货吧,鲜水湾,2026-04-12 12:14:09,图文笔记,已推广,3642,171.0,14.0,138.0,2.0,2.0,36.0,35.0,11.0,0.0,0.0,37.89,有成交
69db1489000000001f0030bc,菜市场真的在驱赶年轻人,婉婉上班吃什么,2026-04-12 11:42:01,图文笔记,未推广,5717,577.0,15.0,69.0,1.0,1.0,22.0,19.0,3.0,0.0,0.0,12.07,有成交
69da5b6a00000000230059c4,平台期卡了半个月全靠虾仁破局,菲菲上班吃什么,2026-04-11 22:32:10,图文笔记,未推广,6722,923.0,16.0,207.0,2.0,2.0,37.0,32.0,9.0,0.0,0.0,30.79,有成交
69da5875000000001e00f4e5,听老粉的话，推出了一人食小包装,鲜水湾,2026-04-11 22:19:33,图文笔记,未推广,2062,63.0,12.0,0.0,0.0,0.0,14.0,13.0,3.0,0.0,0.0,0,无成交数据
69da31820000000022024842,平台期三天没掉秤靠它直接破局,婉婉上班吃什么,2026-04-11 19:33:22,图文笔记,未推广,2146,105.0,10.0,0.0,0.0,0.0,18.0,16.0,6.0,0.0,0.0,0,无成交数据
69d8ce0a000000001a02e88f,控体期发现一个比液断还牛的方法,菲菲上班吃什么,2026-04-10 18:16:42,图文笔记,未推广,12081,1866,36.0,138.0,2.0,2.0,73.0,63.0,13.0,69.0,1.0,11.42,有成交
69d8c11b000000001e00d326,上班带饭的人，真的不需要同情,婉婉上班吃什么,2026-04-10 17:21:31,图文笔记,未推广,3180,377.0,11.0,138.0,1.0,1.0,17.0,16.0,3.0,0.0,0.0,43.4,有成交
69d8bbb8000000001f002f43,养殖虾和海捕虾，真的不是一种虾,鲜水湾,2026-04-10 16:58:32,图文笔记,已推广,2731,171.0,11.0,197.0,2.0,2.0,30.0,26.0,1.0,0.0,0.0,72.13,有成交
69d8bab3000000001b020eca,某姆的虾仁我吃了半年，最后还是换了,菲菲上班吃什么,2026-04-10 16:54:11,图文笔记,未推广,30525,5165,27.0,875.0,9.0,9.0,341.0,288.0,60.0,68.0,1.0,28.67,有成交
69d8b6b0000000001b0236ee,宝第一次吃虾仁，我紧张到手抖,婉婉上班吃什么,2026-04-10 16:37:05,图文笔记,已推广,7394,710.0,15.0,138.0,2.0,2.0,27.0,24.0,5.0,0.0,0.0,18.66,有成交
69d8ab65000000001a02db02,我说中国人不骗中国人，你就能下单吗？,鲜水湾,2026-04-10 15:48:53,图文笔记,未推广,1768,110.0,13.0,138.0,2.0,2.0,23.0,21.0,6.0,0.0,0.0,78.05,有成交
69d89deb000000001a02d24c,听劝…315曝光后我再也不买这种水晶虾仁了,菲菲上班吃什么,2026-04-10 14:51:23,图文笔记,已推广,3996,480.0,16.0,0.0,0.0,0.0,28.0,26.0,4.0,0.0,0.0,0,无成交数据
69d891e400000000220249ab,月薪8000，凭什么不能顿顿吃虾仁,菲菲上班吃什么,2026-04-10 14:00:04,图文笔记,未推广,1729,118.0,13.0,0.0,0.0,0.0,10.0,10.0,0.0,0.0,0.0,0,无成交数据
69d88c1a0000000022026d4d,某姆的虾仁我吃了三年，直到换了它,婉婉上班吃什么,2026-04-10 13:35:22,图文笔记,已推广,80276,16417,60.0,2179.3199999999997,28.0,28.0,830.0,723.0,169.0,137.0,2.0,27.15,有成交
69d867bc0000000022027851,减脂期靠虾仁续命，一个月瘦了5斤,婉婉上班吃什么,2026-04-10 11:00:12,图文笔记,未推广,4997,537.0,15.0,69.0,1.0,1.0,40.0,35.0,10.0,0.0,0.0,13.81,有成交
69d7b09b0000000023007b5c,周末备好一周的饭，周一到周五全靠它续命,菲菲上班吃什么,2026-04-09 21:58:51,图文笔记,未推广,5978,738.0,20.0,68.0,1.0,1.0,28.0,23.0,4.0,0.0,0.0,11.38,有成交
69d78a8e0000000023014ab3,下班回家太累了，5分钟搞定的晚餐,菲菲上班吃什么,2026-04-09 19:16:31,图文笔记,未推广,5025,592.0,15.0,69.0,1.0,1.0,24.0,18.0,7.0,0.0,0.0,13.73,有成交
69d77bfe000000001a037d57,某姆的虾仁好吃，但大包装真的劝退,鲜水湾,2026-04-09 18:14:22,图文笔记,未推广,4169,163.0,10.0,69.0,1.0,1.0,29.0,23.0,3.0,0.0,0.0,16.55,有成交
69d76d76000000001a02fbcf,不是广告，只是真心觉得这个虾仁值得被看见,菲菲上班吃什么,2026-04-09 17:12:22,图文笔记,未推广,1396,96.0,15.0,69.0,1.0,1.0,9.0,9.0,0.0,0.0,0.0,49.43,有成交
69d76d42000000001a0366d2,疫情之后我习惯了囤货…,婉婉上班吃什么,2026-04-09 17:11:30,图文笔记,未推广,1364,117.0,16.0,0.0,0.0,0.0,11.0,10.0,2.0,0.0,0.0,0,无成交数据
69d75d2c000000001e00dc20,做了3年虾仁，最开心的事不是卖了多少单,鲜水湾,2026-04-09 16:02:52,图文笔记,未推广,2416,75.0,15.0,0.0,0.0,0.0,9.0,8.0,2.0,0.0,0.0,0,无成交数据
69d75747000000001e00fcca,一个人住第三年，我终于学会不浪费食材了,菲菲上班吃什么,2026-04-09 15:37:43,图文笔记,未推广,1963,196.0,10.0,137.0,2.0,2.0,11.0,10.0,2.0,0.0,0.0,69.79,有成交
69d750700000000023006a58,同事问我：你天天带虾仁，月薪多少啊,婉婉上班吃什么,2026-04-09 15:08:32,图文笔记,已推广,60054,6693,79.0,2638.0,34.0,34.0,623.0,565.0,143.0,236.0,3.0,43.93,有成交
69d747930000000023015c5d,在某马买了3次虾仁，最后一次我决定换一家,菲菲上班吃什么,2026-04-09 14:30:43,图文笔记,未推广,78165,14638,74.0,3454.0,48.0,48.0,1245.0,1066.0,246.0,476.0,7.0,44.19,有成交
69d74349000000001a02d74f,我们的虾仁不是最便宜的，但是配料表最短的,鲜水湾,2026-04-09 14:12:25,图文笔记,已推广,1519,56.0,10.0,0.0,0.0,0.0,13.0,10.0,0.0,0.0,0.0,0,无成交数据
69d73c24000000001f0065a9,教你一招：3秒辨别好虾仁和差虾仁,鲜水湾,2026-04-09 13:41:56,图文笔记,已推广,1845,158.0,13.0,0.0,0.0,0.0,8.0,7.0,3.0,0.0,0.0,0,无成交数据
69d72c7d000000001a035f19,以为 100 没多少，结果够吃半个月了😂,婉婉上班吃什么,2026-04-09 12:35:09,图文笔记,已推广,1425,59.0,12.0,0.0,0.0,0.0,2.0,2.0,1.0,0.0,0.0,0,无成交数据
69d72a0a000000001a035441,公司微波炉坏了第三天，我反而吃得更健康了,菲菲上班吃什么,2026-04-09 12:24:42,图文笔记,未推广,6201,820.0,13.0,192.0,2.0,2.0,27.0,23.0,5.0,0.0,0.0,30.96,有成交
69d71eab0000000022029c3e,讲真我连鸡蛋都煎不好，但虾仁我从来没翻车,菲菲上班吃什么,2026-04-09 11:36:11,图文笔记,未推广,1421,118.0,14.0,138.0,2.0,2.0,8.0,8.0,4.0,0.0,0.0,97.11,有成交
69d71759000000002301d712,算了一笔账，才发现自己以前点外卖巨亏🥲,菲菲上班吃什么,2026-04-09 11:04:57,图文笔记,未推广,6600,904.0,20.0,0.0,0.0,0.0,38.0,31.0,8.0,0.0,0.0,0,无成交数据
69d7009700000000220286da,带了虾仁便当去公司，同事以为我请了私厨,菲菲上班吃什么,2026-04-09 09:27:51,图文笔记,未推广,1162,68.0,13.0,0.0,0.0,0.0,2.0,1.0,0.0,0.0,0.0,0,无成交数据
69d66e2a000000002301d1a4,不会做虾的进！3种懒人做法，比泡面还简单,菲菲上班吃什么,2026-04-08 23:03:06,图文笔记,未推广,7149,925.0,19.0,0.0,0.0,0.0,22.0,20.0,5.0,0.0,0.0,0,无成交数据
69d66a4800000000220264c9,和老爸商量后，决定给控体期的姐妹们安排上,婉婉上班吃什么,2026-04-08 22:46:32,图文笔记,未推广,1816,121.0,14.0,138.0,2.0,2.0,15.0,13.0,3.0,0.0,0.0,75.99,有成交
69d623fd000000001e00eff2,周末吃太多了？这顿虾仁帮你排排水肿,婉婉上班吃什么,2026-04-08 17:46:37,图文笔记,未推广,1179,80.0,13.0,0.0,0.0,0.0,4.0,4.0,1.0,0.0,0.0,0,无成交数据
69d61f31000000001e00d3c3,跟着橙姐做的白汁虾仁意面，香到光盘！,菲菲上班吃什么,2026-04-08 17:26:09,图文笔记,已推广,3478,355.0,13.0,0.0,0.0,0.0,12.0,9.0,1.0,0.0,0.0,0,无成交数据
69d611e4000000002202ba15,剥了一斤虾壳手臭了三天，从此我只吃这种……,菲菲上班吃什么,2026-04-08 16:29:24,图文笔记,未推广,2058,152.0,10.0,69.0,1.0,1.0,18.0,15.0,4.0,0.0,0.0,33.53,有成交
69d5f768000000001f006b9a,春日减脂，区区 69 块够吃一周了,婉婉上班吃什么,2026-04-08 14:36:24,图文笔记,未推广,1597,85.0,13.0,69.0,1.0,1.0,19.0,13.0,4.0,0.0,0.0,43.21,有成交
69d5e49b000000001f001982,和老爸商量了，专为早八人推出的减脂小包装,菲菲上班吃什么,2026-04-08 13:16:11,图文笔记,未推广,20973,1188,24.0,374.0,5.0,5.0,181.0,159.0,44.0,0.0,0.0,17.83,有成交
69d5270200000000230163e2,山东地区女婿们又到送鲅鱼给老丈人的时候了,鲜水湾,2026-04-07 23:47:14,图文笔记,已推广,3991,437.0,7.0,328.0,1.0,1.0,72.0,54.0,8.0,0.0,0.0,82.18,有成交
69d50692000000001f00490a,给宝宝做辅食，我终于不用自己剥虾仁了……,婉婉上班吃什么,2026-04-07 21:28:50,图文笔记,已推广,2418,181.0,15.0,0.0,0.0,0.0,12.0,10.0,5.0,0.0,0.0,0,无成交数据
69d4fd5f0000000022025c8e,冷冻虾仁到底腥不腥？打开包装告诉你真相,鲜水湾,2026-04-07 20:49:35,图文笔记,已推广,5494,439.0,15.0,98.0,1.0,1.0,42.0,38.0,11.0,0.0,0.0,17.84,有成交
69d4f994000000001f0040f2,公司没微波炉的打工人，这顿饭救了我,菲菲上班吃什么,2026-04-07 20:33:24,图文笔记,未推广,2636,191.0,10.0,0.0,0.0,0.0,8.0,8.0,1.0,0.0,0.0,0,无成交数据
69d4e50d0000000020039031,在家煎三文鱼一整条才300块，餐厅看了都沉默,鲜水湾,2026-04-07 19:05:49,图文笔记,已推广,4047,321.0,5.0,0.0,0.0,0.0,61.0,56.0,13.0,0.0,0.0,0,无成交数据
69d4d5d2000000001f00405e,同品质虾仁，我们为什么比别家便宜？,鲜水湾,2026-04-07 18:00:50,图文笔记,已推广,3227,105.0,14.0,266.0,3.0,3.0,38.0,32.0,11.0,0.0,0.0,82.43,有成交
69d4caf7000000001f004223,在网上买的虾仁，被婆婆夸了！,婉婉上班吃什么,2026-04-07 17:14:31,图文笔记,未推广,1954,80.0,12.0,69.0,1.0,1.0,12.0,10.0,1.0,0.0,0.0,35.31,有成交
69d4c62b000000001a036290,闺蜜问我:你天天吃虾仁，月薪多少啊.....,菲菲上班吃什么,2026-04-07 16:54:03,图文笔记,未推广,1779,150.0,15.0,0.0,0.0,0.0,10.0,9.0,1.0,0.0,0.0,0,无成交数据
69d4c4650000000023015d59,感谢315！无科技狠活的虾仁才是真的好卖👍,鲜水湾,2026-04-07 16:46:29,图文笔记,未推广,1562,61.0,14.0,0.0,0.0,0.0,8.0,7.0,5.0,0.0,0.0,0,无成交数据
69d4ab830000000023015a49,区区300块｜承包我一个月的优质蛋白🐟,菲菲上班吃什么,2026-04-07 15:00:19,图文笔记,未推广,1871,145.0,5.0,68.0,1.0,1.0,19.0,16.0,1.0,0.0,0.0,36.34,有成交
69d49490000000002202aacb,,婉婉上班吃什么,2026-04-07 13:22:24,图文笔记,未推广,1668,116.0,12.0,69.0,1.0,1.0,18.0,17.0,1.0,69.0,1.0,41.37,有成交
69d477aa000000001e00f276,减脂期外卖 vs 自做虾仁，一个月省了500块,菲菲上班吃什么,2026-04-07 11:19:06,图文笔记,已推广,5212,579.0,18.0,68.0,1.0,1.0,37.0,33.0,3.0,0.0,0.0,13.05,有成交
69d46f22000000002301dc9d,老妈又夸我淘到宝了，说这个价格真不错,婉婉上班吃什么,2026-04-07 10:42:42,图文笔记,未推广,1618,66.0,12.0,0.0,0.0,0.0,11.0,9.0,3.0,0.0,0.0,0,无成交数据
69d45fd0000000001f003f75,同事以为我每天吃轻食店，其实一周才花69……,菲菲上班吃什么,2026-04-07 09:37:20,图文笔记,未推广,7185,635.0,16.0,323.0,3.0,3.0,56.0,48.0,10.0,0.0,0.0,44.95,有成交
69d3c8d8000000001a02d77d,,菲菲上班吃什么,2026-04-06 22:53:12,图文笔记,已推广,1169,47.0,13.0,69.0,1.0,1.0,6.0,4.0,2.0,0.0,0.0,59.02,有成交
69d3c7bc0000000020038b23,超市的虾仁又大又便宜？看完配料表我沉默了,婉婉上班吃什么,2026-04-06 22:48:28,图文笔记,已推广,1397,53.0,11.0,69.0,1.0,1.0,8.0,8.0,1.0,69.0,1.0,49.39,有成交
69d3abb4000000001e00c0e7,第一次对爬坡后吃快碳起了敬意……,菲菲上班吃什么,2026-04-06 20:48:52,图文笔记,未推广,18508,2508,30.0,718.0,8.0,8.0,118.0,104.0,25.0,0.0,0.0,38.79,有成交
69d38497000000002003a7e2,区区 100 来块钱，承包了我一周轻食虾仁,鲜水湾,2026-04-06 18:01:59,图文笔记,未推广,1224,64.0,13.0,0.0,0.0,0.0,7.0,7.0,0.0,0.0,0.0,0,无成交数据
69d36fb8000000001a02fe4b,减脂餐很费钱吗？可是一个月才300多,鲜水湾,2026-04-06 16:32:56,图文笔记,未推广,3934,335.0,9.0,368.0,1.0,1.0,66.0,58.0,20.0,0.0,0.0,93.54,有成交
69d36d7c000000001f002e9f,区区69，承包了我一周的轻食虾仁,菲菲上班吃什么,2026-04-06 16:23:24,图文笔记,未推广,3852,325.0,20.0,276.0,4.0,4.0,32.0,29.0,6.0,0.0,0.0,71.65,有成交
69d36c2b000000002301fe89,谁还没冲！100多实现半个月虾仁自由,婉婉上班吃什么,2026-04-06 16:17:47,图文笔记,未推广,7272,360.0,14.0,414.0,6.0,6.0,102.0,93.0,18.0,0.0,0.0,56.93,有成交
69d367310000000023025410,爸妈还是低估了100多块的购买力，够吃一周,鲜水湾甄选,2026-04-06 15:56:33,图文笔记,未推广,2093,136.0,17.0,0.0,0.0,0.0,18.0,17.0,4.0,0.0,0.0,0,无成交数据
69d35f8b000000001f00250d,和老爸商量了，推出适合减脂人的独立包装,鲜水湾,2026-04-06 15:23:55,图文笔记,未推广,1423,71.0,11.0,0.0,0.0,0.0,8.0,7.0,2.0,0.0,0.0,0,无成交数据
69d35c51000000001a034bf6,奉劝大家不要低估69块的购买力，够吃一周,婉婉上班吃什么,2026-04-06 15:10:09,图文笔记,未推广,1072,54.0,13.0,0.0,0.0,0.0,9.0,9.0,1.0,0.0,0.0,0,无成交数据
69d358f7000000001f000296,脱脂牛马控体，还是得靠虾来解救！,菲菲上班吃什么,2026-04-06 14:55:51,图文笔记,未推广,2042,130.0,13.0,0.0,0.0,0.0,13.0,12.0,4.0,0.0,0.0,0,无成交数据
69d357b80000000022027ad8,脱脂牛马的工作餐，终于又一次100斤了,婉婉上班吃什么,2026-04-06 14:50:32,图文笔记,未推广,1175,70.0,15.0,69.0,1.0,1.0,9.0,8.0,0.0,0.0,0.0,58.72,有成交
69d34db500000000230142b2,春日减脂真不贵，69块够吃一周…,鲜水湾,2026-04-06 14:07:49,图文笔记,未推广,1667,141.0,15.0,69.0,1.0,1.0,14.0,11.0,0.0,0.0,0.0,41.39,有成交
69d345da000000001f00581a,一口沦陷，我的本命低卡主食,菲菲上班吃什么,2026-04-06 13:34:18,图文笔记,未推广,1702,139.0,13.0,99.0,1.0,1.0,14.0,12.0,4.0,0.0,0.0,58.17,有成交
69d3427c000000001f000fd6,同事对于我每天吃虾仁表示很奢侈🥲,婉婉上班吃什么,2026-04-06 13:19:56,图文笔记,未推广,1272,50.0,12.0,0.0,0.0,0.0,3.0,3.0,1.0,0.0,0.0,0,无成交数据
69d27b280000000022029e74,上班搭子说我每天都吃虾仁很离谱,婉婉上班吃什么,2026-04-05 23:09:28,图文笔记,未推广,1380,105.0,13.0,0.0,0.0,0.0,4.0,4.0,3.0,0.0,0.0,0,无成交数据
69d26192000000001e00db36,以为300没多少，结果把整条鱼发来了,婉婉上班吃什么,2026-04-05 21:20:18,图文笔记,未推广,1768,144.0,7.0,0.0,0.0,0.0,24.0,22.0,6.0,0.0,0.0,0,无成交数据
69d2392e00000000220276c0,在小红书买了整条三文鱼,菲菲上班吃什么,2026-04-05 18:27:58,图文笔记,未推广,1510,182.0,4.0,0.0,0.0,0.0,20.0,17.0,1.0,0.0,0.0,0,无成交数据
69d22234000000001a037803,300块承包了我一个月的减脂餐！,婉婉上班吃什么,2026-04-05 16:49:56,图文笔记,未推广,2309,173.0,10.0,0.0,0.0,0.0,19.0,18.0,2.0,0.0,0.0,0,无成交数据
69d21db6000000001f0028c0,说一个撑死人但热量很低的东西,菲菲上班吃什么,2026-04-05 16:30:46,图文笔记,未推广,6127,853.0,13.0,0.0,0.0,0.0,36.0,33.0,9.0,0.0,0.0,0,无成交数据
69d20f8d000000001a02ea09,管理期因为吃虾仁，被同事议论了,婉婉上班吃什么,2026-04-05 15:30:21,图文笔记,未推广,1199,72.0,13.0,0.0,0.0,0.0,4.0,4.0,2.0,0.0,0.0,0,无成交数据
69d20edf000000001d01f258,给不健身的姐妹一点点震撼,鲜水湾甄选,2026-04-05 15:27:27,图文笔记,未推广,1355,66.0,14.0,128.0,1.0,1.0,14.0,11.0,1.0,0.0,0.0,94.46,有成交
69d1f844000000001e00f585,平平无奇但吃完很舒服,菲菲上班吃什么,2026-04-05 13:51:00,图文笔记,未推广,1162,72.0,13.0,0.0,0.0,0.0,3.0,3.0,2.0,0.0,0.0,0,无成交数据
69d1f45b0000000020039aca,我现在开始无比认同父母的消费观,婉婉上班吃什么,2026-04-05 13:34:19,图文笔记,未推广,5870,435.0,16.0,444.0,4.0,4.0,66.0,60.0,16.0,0.0,0.0,75.64,有成交
69d1d073000000001f003503,奉劝年轻人不要低估了100来块的购买力,鲜水湾,2026-04-05 11:01:07,图文笔记,未推广,2227,108.0,13.0,69.0,1.0,1.0,31.0,28.0,8.0,0.0,0.0,30.98,有成交
69d1c60800000000200380a7,区区69，承包了我一周的轻食,婉婉上班吃什么,2026-04-05 10:16:40,图文笔记,未推广,1376,87.0,12.0,0.0,0.0,0.0,12.0,10.0,2.0,0.0,0.0,0,无成交数据
69d1c39f000000002202ac90,100来块囤了半个月减脂餐！,菲菲上班吃什么,2026-04-05 10:06:23,图文笔记,未推广,5137,308.0,15.0,394.0,3.0,3.0,44.0,41.0,13.0,131.1,1.0,76.7,有成交
69d1b8260000000020038c95,100块吃不了一顿火锅，但承包我一周减脂餐！,鲜水湾,2026-04-05 09:17:26,图文笔记,未推广,3255,151.0,14.0,306.0,2.0,2.0,35.0,32.0,5.0,0.0,0.0,94.01,有成交
69d132300000000022028994,区区69，解决了我一周的轻食餐～,婉婉上班吃什么,2026-04-04 23:45:52,图文笔记,未推广,1266,45.0,12.0,0.0,0.0,0.0,10.0,7.0,1.0,0.0,0.0,0,无成交数据
69d12ddc000000001f007e19,减脂人狂喜！建议各位公主提前安排上,菲菲上班吃什么,2026-04-04 23:27:24,图文笔记,未推广,1029,52.0,13.0,0.0,0.0,0.0,2.0,2.0,0.0,0.0,0.0,0,无成交数据
69d11c44000000002003a922,每天带一袋虾仁上班，同事说我很有钱,婉婉上班吃什么,2026-04-04 22:12:20,图文笔记,未推广,5535,417.0,14.0,138.0,2.0,2.0,66.0,55.0,15.0,0.0,0.0,24.93,有成交
69d093450000000023005f63,区区69元，承包了我一星期的减脂餐,菲菲上班吃什么,2026-04-04 12:27:49,图文笔记,未推广,1729,115.0,13.0,138.0,1.0,1.0,10.0,10.0,5.0,0.0,0.0,79.81,有成交
69cf5e43000000002301e6e7,脱脂牛马带饭的尽头……,菲菲上班吃什么,2026-04-03 14:29:24,图文笔记,已推广,1419,154.0,12.0,0.0,0.0,0.0,9.0,9.0,4.0,0.0,0.0,0,无成交数据
69cf45d2000000001f005706,自律期主食吃虾仁！开窍了……,婉婉上班吃什么,2026-04-03 12:45:06,图文笔记,未推广,1378,83.0,15.0,69.0,1.0,1.0,17.0,16.0,1.0,0.0,0.0,50.07,有成交
69ce7bcb000000001f004e08,误以为很贵的整条三文鱼,婉婉上班吃什么,2026-04-02 22:23:07,图文笔记,未推广,1820,165.0,6.0,0.0,0.0,0.0,16.0,15.0,2.0,0.0,0.0,0,无成交数据
69ce70180000000022025962,建议全国普及！春日推出独立小包装太方便了！,菲菲上班吃什么,2026-04-02 21:33:12,图文笔记,未推广,1427,65.0,13.0,0.0,0.0,0.0,9.0,9.0,2.0,0.0,0.0,0,无成交数据
69ce6d86000000001b023263,以为 300 没多少，结果把整条三文鱼发来了😂,婉婉上班吃什么,2026-04-02 21:22:14,图文笔记,未推广,1318,69.0,8.0,0.0,0.0,0.0,17.0,13.0,3.0,0.0,0.0,0,无成交数据
69ce660d0000000023024531,香煎三文鱼，其实真的没那么复杂,鲜水湾甄选,2026-04-02 20:50:21,图文笔记,未推广,3209,367.0,2.0,63.0,1.0,1.0,42.0,39.0,2.0,0.0,0.0,19.63,有成交
69ce378a000000002200c76d,健身搭子对我每天吃一盒虾，表示很奢侈,鲜水湾甄选,2026-04-02 17:31:54,图文笔记,未推广,1542,71.0,11.0,0.0,0.0,0.0,12.0,11.0,1.0,0.0,0.0,0,无成交数据
69ce3583000000002800b87b,不要低估69在小红书的购买力…,婉婉上班吃什么,2026-04-02 17:23:15,图文笔记,未推广,7306,499.0,23.0,138.0,2.0,2.0,113.0,96.0,21.0,69.0,1.0,18.89,有成交
69ce28650000000023023665,第一次对爬坡后吃快碳起了敬意…,鲜水湾甄选,2026-04-02 16:27:17,图文笔记,未推广,1509,112.0,12.0,69.0,1.0,1.0,8.0,6.0,1.0,0.0,0.0,45.73,有成交
69ce24be000000001b023981,直观感受一下 100 块的购买力！顺丰包邮,鲜水湾,2026-04-02 16:11:42,图文笔记,未推广,1966,115.0,12.0,256.0,2.0,2.0,29.0,23.0,10.0,0.0,0.0,130.21,有成交
69ce226600000000200387dc,同事对我每天吃一盒虾仁，表示很奢侈❗️,婉婉上班吃什么,2026-04-02 16:01:42,图文笔记,未推广,4904,355.0,12.0,69.0,1.0,1.0,46.0,41.0,12.0,0.0,0.0,14.07,有成交
69ce1bb2000000002800b1b2,真的低估了100块购买力！承包了一周减脂餐！,菲菲上班吃什么,2026-04-02 15:33:06,图文笔记,未推广,2451,149.0,15.0,69.0,1.0,1.0,21.0,21.0,3.0,0.0,0.0,28.15,有成交
69ce0364000000001a02fce1,唯一的缺点：超市根本买不到……,婉婉上班吃什么,2026-04-02 13:49:24,图文笔记,未推广,1979,122.0,12.0,0.0,0.0,0.0,34.0,29.0,6.0,0.0,0.0,0,无成交数据
69cdd81c000000002301cd07,真的低估了100块的购买力！承包了一周减脂餐,鲜水湾,2026-04-02 10:44:44,图文笔记,未推广,2545,223.0,15.0,69.0,1.0,1.0,19.0,19.0,4.0,0.0,0.0,27.11,有成交
69cce318000000002800876c,从未觉得100来块的购买力能有多大杀伤力！,菲菲上班吃什么,2026-04-01 17:19:20,图文笔记,未推广,1355,110.0,12.0,0.0,0.0,0.0,11.0,11.0,4.0,0.0,0.0,0,无成交数据
69ccdff8000000001f0029f5,年轻人严重低估了69块的购买力！,婉婉上班吃什么,2026-04-01 17:06:00,图文笔记,未推广,7229,550.0,13.0,394.0,4.0,4.0,120.0,103.0,22.0,69.0,1.0,54.5,有成交
69ccd2800000000023007d06,和老爸商量后，春日推出独居一人食小包装,鲜水湾,2026-04-01 16:08:32,图文笔记,未推广,2911,265.0,17.0,138.0,2.0,2.0,28.0,24.0,4.0,0.0,0.0,47.41,有成交
69ccac3b0000000023020b83,果然，香煎三文鱼只有0次和无数次！,鲜水湾甄选,2026-04-01 13:25:16,图文笔记,未推广,2404,166.0,4.0,0.0,0.0,0.0,38.0,33.0,6.0,0.0,0.0,0,无成交数据
69ccaa3f000000002301cdb3,带饭的尽头…真的是懒人饭,菲菲上班吃什么,2026-04-01 13:16:48,图文笔记,已推广,2932,167.0,11.0,138.0,2.0,2.0,18.0,17.0,5.0,0.0,0.0,47.07,有成交
69cc7dc8000000001a03591f,我妈说这个虾仁绝了！让我一定发出来！！,菲菲上班吃什么,2026-04-01 10:07:04,图文笔记,已推广,1500,42.0,12.0,0.0,0.0,0.0,8.0,6.0,1.0,0.0,0.0,0,无成交数据
69cbdd72000000002301f884,脱脂牛马带饭启发,菲菲上班吃什么,2026-03-31 22:42:58,图文笔记,未推广,2402,209.0,14.0,414.0,4.0,4.0,17.0,15.0,6.0,0.0,0.0,172.36,有成交
69cbd5a3000000001f00702c,逼自己吃了两周水煮虾仁，结果真的惊到我,婉婉上班吃什么,2026-03-31 22:09:39,图文笔记,未推广,1321,87.0,13.0,0.0,0.0,0.0,7.0,7.0,3.0,0.0,0.0,0,无成交数据
69cbd4ed000000001f006cd9,开始春日减脂，69块直接承包我一周减脂餐,菲菲上班吃什么,2026-03-31 22:06:37,图文笔记,未推广,1960,78.0,13.0,69.0,1.0,1.0,18.0,16.0,4.0,0.0,0.0,35.2,有成交
69cb9ed000000000230074e2,以为 69 没多少，结果解决了我一周上班带饭,菲菲上班吃什么,2026-03-31 18:15:44,图文笔记,未推广,1602799,189253,3115,46106.96,608.0,606.0,12869.0,11325.0,2043.0,3916.2799999999997,55.0,28.77,有成交
69cb9556000000001e00efd8,真心建议孕妈妈试试我家这种无保水虾仁,鲜水湾,2026-03-31 17:35:18,图文笔记,已推广,2076,127.0,13.0,0.0,0.0,0.0,8.0,8.0,1.0,0.0,0.0,0,无成交数据
69cb8c790000000020038236,减脂人真的不要低估69块钱的购买力....,婉婉上班吃什么,2026-03-31 16:57:30,图文笔记,未推广,1390,77.0,16.0,0.0,0.0,0.0,10.0,9.0,1.0,0.0,0.0,0,无成交数据
69cb8091000000001e00c500,我也不想买啊，但69够我吃一周了～,鲜水湾,2026-03-31 16:06:41,图文笔记,已推广,2203,89.0,13.0,207.0,3.0,3.0,25.0,23.0,1.0,69.0,1.0,93.96,有成交
69cb7d16000000002800bb98,香煎三文鱼，其实真的没有那么复杂[哇R],菲菲上班吃什么,2026-03-31 15:51:50,图文笔记,已推广,2389,263.0,6.0,118.0,1.0,1.0,27.0,27.0,4.0,0.0,0.0,49.39,有成交
69cb66cb000000002301e83e,奉劝现在的年轻人不要低估了300块的购买力,婉婉上班吃什么,2026-03-31 14:16:43,图文笔记,已推广,3294,296.0,10.0,396.0,2.0,2.0,49.0,46.0,9.0,0.0,0.0,120.22,有成交
69cb3f80000000002003a5d1,青岛无冰衣手剥大虾仁入驻小红书了！！,鲜水湾,2026-03-31 11:29:04,图文笔记,已推广,2225,59.0,14.0,0.0,0.0,0.0,13.0,13.0,5.0,0.0,0.0,0,无成交数据
69ca9b20000000001b022f98,完全低估了300多的购买力…,婉婉上班吃什么,2026-03-30 23:47:44,图文笔记,未推广,2317,212.0,6.0,333.0,1.0,1.0,27.0,23.0,4.0,0.0,0.0,143.72,有成交
69ca9180000000001f0062ef,以为300多没多少，结果把整条三文鱼发来了,菲菲上班吃什么,2026-03-30 23:06:40,图文笔记,已推广,10365,829.0,16.0,481.0,2.0,2.0,158.0,145.0,37.0,0.0,0.0,46.41,有成交
69ca4b650000000020038d5c,奉劝大家不要低估了100来块的购买力…,婉婉上班吃什么,2026-03-30 18:07:33,图文笔记,已推广,2639,169.0,14.0,128.0,1.0,1.0,28.0,27.0,3.0,0.0,0.0,48.5,有成交
69ca38700000000022026688,大家带去公司的饭都是隔夜饭吗？,菲菲上班吃什么,2026-03-30 16:46:40,图文笔记,未推广,9097,1201,14.0,69.0,1.0,1.0,38.0,36.0,9.0,69.0,1.0,7.58,有成交
69ca2a12000000002800a3fc,带饭的尽头…真的是极简,鲜水湾,2026-03-30 15:45:22,图文笔记,已推广,1656,103.0,14.0,197.0,2.0,2.0,15.0,12.0,1.0,197.0,2.0,118.96,有成交
69ca24df000000001b022c22,现在的年轻人严重低估了69块的购买力,婉婉上班吃什么,2026-03-30 15:23:11,图文笔记,未推广,5284,341.0,18.0,197.0,2.0,2.0,59.0,56.0,17.0,62.0,1.0,37.28,有成交
69ca17c8000000001f0004f7,100来块吃不了一顿火锅，但能承包我一周,菲菲上班吃什么,2026-03-30 14:27:20,图文笔记,未推广,2193,134.0,12.0,0.0,0.0,0.0,17.0,14.0,2.0,0.0,0.0,0,无成交数据
69ca0e530000000022025ec0,感谢315！终于让大家认识无保水剂虾仁🙏,鲜水湾,2026-03-30 13:46:59,图文笔记,已推广,1728,67.0,15.0,0.0,0.0,0.0,10.0,10.0,3.0,0.0,0.0,0,无成交数据
69ca07a600000000220243b5,100来块解决我半个月的上班带饭,婉婉上班吃什么,2026-03-30 13:18:30,图文笔记,未推广,1302,73.0,12.0,178.0,1.0,1.0,14.0,10.0,1.0,178.0,1.0,136.71,有成交
69c9d7ec0000000023016d9a,拒绝外卖！一个人吃不腻的干净饭,婉婉上班吃什么,2026-03-30 09:54:52,图文笔记,已推广,1415,107.0,12.0,295.0,3.0,3.0,11.0,10.0,3.0,0.0,0.0,208.48,有成交
69c9cf35000000001f004e36,和老板商量后，推出春天控体一人食🥹,鲜水湾,2026-03-30 09:17:41,图文笔记,未推广,2134,73.0,13.0,69.0,1.0,1.0,16.0,13.0,5.0,69.0,1.0,32.33,有成交
69c94348000000001e00e321,315过后，大家都买这种无保水剂的虾仁了,鲜水湾,2026-03-29 23:20:40,图文笔记,已推广,2185,102.0,14.0,69.0,1.0,1.0,25.0,21.0,4.0,0.0,0.0,31.58,有成交
69c92c4b000000001a037418,泪水打湿控体餐！坚持so到100斤！,婉婉上班吃什么,2026-03-29 21:42:35,图文笔记,未推广,1533,134.0,6.0,118.0,1.0,1.0,12.0,12.0,2.0,0.0,0.0,76.97,有成交
69c9288200000000220296ea,为什么煎出来的三文鱼巨腥？,鲜水湾,2026-03-29 21:26:26,图文笔记,未推广,16065,3924,46.0,0.0,0.0,0.0,0.0,0.0,0.0,0.0,0.0,0,无成交数据
69c926e20000000022025f2d,试过了！确实比鸡胸肉牛,菲菲上班吃什么,2026-03-29 21:19:30,图文笔记,已推广,1040,109.0,9.0,0.0,0.0,0.0,9.0,9.0,1.0,0.0,0.0,0,无成交数据
69c8efc6000000001b022df0,区区100来块，解决我一周的减脂晚餐🥹,婉婉上班吃什么,2026-03-29 17:24:22,图文笔记,未推广,5864,338.0,16.0,226.0,2.0,2.0,159.0,143.0,37.0,0.0,0.0,38.54,有成交
69c8ea2b000000002301c4f4,爸妈说我每天吃三文鱼很奢侈…,菲菲上班吃什么,2026-03-29 17:00:27,图文笔记,已推广,2336,259.0,4.0,0.0,0.0,0.0,27.0,26.0,3.0,0.0,0.0,0,无成交数据
69c8e4730000000020038e80,听粉丝的话，推出了一人食小包装,婉婉上班吃什么,2026-03-29 16:36:03,图文笔记,未推广,4638,265.0,13.0,0.0,0.0,0.0,43.0,39.0,5.0,0.0,0.0,0,无成交数据
69c8df73000000001e00f25b,冻虾仁怎么煮最嫩还不柴？,鲜水湾,2026-03-29 16:14:43,图文笔记,未推广,33698,7339,190.0,0.0,0.0,0.0,0.0,0.0,0.0,0.0,0.0,0,无成交数据
69c8de3b000000002300420f,因为一个人，带动了全办公室,菲菲上班吃什么,2026-03-29 16:09:31,图文笔记,已推广,3307,207.0,17.0,69.0,1.0,1.0,34.0,34.0,9.0,0.0,0.0,20.86,有成交
69c8d773000000001f0005b2,减脂期姐妹听我的，都去吃这个！真的超饱腹！,婉婉上班吃什么,2026-03-29 15:40:35,图文笔记,未推广,2254,115.0,15.0,128.0,1.0,1.0,9.0,8.0,3.0,0.0,0.0,56.79,有成交
69c8cd4e0000000022028710,无保水虾仁才是孕妈妈、宝宝辅食的首选,鲜水湾,2026-03-29 14:57:18,图文笔记,已推广,1008,42.0,13.0,69.0,1.0,1.0,7.0,7.0,2.0,0.0,0.0,68.45,有成交
69c8c5ed000000001a036ea7,教大家一个订婚前15天瘦骨感巨屌的tips,菲菲上班吃什么,2026-03-29 14:25:49,图文笔记,已推广,6178,973.0,31.0,266.0,3.0,3.0,43.0,38.0,15.0,62.0,1.0,43.06,有成交
69c8c36d0000000022026a5b,本来不想买，奈何69够吃一周上班带饭,婉婉上班吃什么,2026-03-29 14:15:09,图文笔记,未推广,4205,294.0,18.0,128.0,1.0,1.0,45.0,43.0,10.0,0.0,0.0,30.44,有成交
69c8b448000000001f0057df,别拿⛰️姆来跟我碰，真的真的不够打,鲜水湾,2026-03-29 13:10:33,图文笔记,未推广,1543,93.0,14.0,69.0,1.0,1.0,12.0,10.0,4.0,0.0,0.0,44.72,有成交
69c88fcd000000001e00efe1,春日减脂花不了多少！69块够吃整整一周～,菲菲上班吃什么,2026-03-29 10:34:53,图文笔记,未推广,1173,49.0,11.0,69.0,1.0,1.0,10.0,10.0,1.0,0.0,0.0,58.82,有成交
69c889970000000023006d5a,真的惊到我！才花69块，居然够我连吃整整一周,婉婉上班吃什么,2026-03-29 10:08:23,图文笔记,未推广,6166,393.0,17.0,276.0,3.0,3.0,68.0,64.0,18.0,207.0,2.0,44.76,有成交
69c8866f000000002301e9d9,和老爸商量后推出减脂人小包装,鲜水湾,2026-03-29 09:54:55,图文笔记,未推广,2536,79.0,16.0,69.0,1.0,1.0,29.0,29.0,5.0,0.0,0.0,27.21,有成交
69c7c42a000000002202a5e9,区区69块钱，竟解决了我一周上班带饭,婉婉上班吃什么,2026-03-28 20:06:02,图文笔记,未推广,1620,104.0,11.0,0.0,0.0,0.0,15.0,11.0,3.0,0.0,0.0,0,无成交数据
69c64f8d000000001a02f457,同事以为我每天吃虾仁很奢侈…,婉婉上班吃什么,2026-03-27 17:36:13,图文笔记,已推广,2053,97.0,15.0,69.0,1.0,1.0,21.0,16.0,4.0,0.0,0.0,33.61,有成交
69c641a500000000230154c3,感谢315，让我家虾仁被更多人看到🥹,鲜水湾,2026-03-27 16:36:53,图文笔记,未推广,2122,69.0,14.0,247.0,2.0,2.0,14.0,12.0,3.0,0.0,0.0,116.4,有成交
69c627150000000023006d2e,因为上班带饭被同事误以为家境拮据…,菲菲上班吃什么,2026-03-27 14:43:33,图文笔记,未推广,1372,68.0,13.0,0.0,0.0,0.0,8.0,7.0,3.0,0.0,0.0,0,无成交数据
69c625700000000023014616,姐的体态直接焊亖在高蛋白上！,婉婉上班吃什么,2026-03-27 14:36:32,图文笔记,未推广,1433,48.0,12.0,197.0,2.0,2.0,5.0,5.0,0.0,0.0,0.0,137.47,有成交
69c622f000000000220244c2,别和⛰️姆的虾仁比，真的不够打！,鲜水湾,2026-03-27 14:25:52,图文笔记,已推广,1448,69.0,12.0,0.0,0.0,0.0,11.0,9.0,1.0,0.0,0.0,0,无成交数据
69c5e763000000001f0036f4,给大家直观展示一下70的购买力……,菲菲上班吃什么,2026-03-27 10:11:47,图文笔记,未推广,2315,83.0,14.0,138.0,2.0,2.0,17.0,15.0,5.0,0.0,0.0,59.61,有成交
69c500960000000022028a8c,当代减肥人的冰箱,菲菲上班吃什么,2026-03-26 17:47:02,图文笔记,未推广,2484,299.0,19.0,69.0,1.0,1.0,34.0,31.0,5.0,0.0,0.0,27.78,有成交
69c4f9c9000000001e00e8e3,以为69没多少，结果够我吃一周的了,婉婉上班吃什么,2026-03-26 17:18:01,图文笔记,未推广,1759,62.0,11.0,138.0,2.0,2.0,13.0,11.0,1.0,0.0,0.0,78.45,有成交
69c4f367000000001f00102e,同事问我怎么每天带饭都是虾仁……,婉婉上班吃什么,2026-03-26 16:50:47,图文笔记,未推广,5018,744.0,20.0,68.0,1.0,1.0,43.0,42.0,5.0,0.0,0.0,13.55,有成交
69c4f0cc000000001f007cae,春日控体真不贵，69够我吃一周了…,菲菲上班吃什么,2026-03-26 16:39:40,图文笔记,未推广,1904,66.0,14.0,69.0,1.0,1.0,14.0,12.0,5.0,0.0,0.0,36.24,有成交
69c4de36000000001a036820,一整个身材管理期都在吃，根本没有平替,婉婉上班吃什么,2026-03-26 15:20:22,图文笔记,未推广,1213,47.0,13.0,69.0,1.0,1.0,13.0,12.0,1.0,0.0,0.0,56.88,有成交
69c4d7c300000000200387da,真别低估了100来块的购买力，够吃半个月了,鲜水湾,2026-03-26 14:52:51,图文笔记,已推广,28316,3157,64.0,1957.0,25.0,25.0,424.0,373.0,67.0,206.0,3.0,69.11,有成交
69c3f245000000001b02373f,奉劝年轻人不要低估了100来块的购买力…,婉婉上班吃什么,2026-03-25 22:33:41,图文笔记,未推广,3568,268.0,15.0,138.0,2.0,2.0,45.0,40.0,11.0,0.0,0.0,38.68,有成交
69c3e3900000000020038c25,终于找到煎三文鱼不腥的办法！,菲菲上班吃什么,2026-03-25 21:30:56,图文笔记,已推广,10978,2001,29.0,63.0,1.0,1.0,50.0,49.0,6.0,0.0,0.0,5.74,有成交
69c3bfda0000000020039b54,懒人的控体餐能有多省事…,婉婉上班吃什么,2026-03-25 18:58:34,图文笔记,未推广,1532,116.0,11.0,0.0,0.0,0.0,7.0,7.0,2.0,0.0,0.0,0,无成交数据
69c3ab55000000002003b156,自律期吃虾仁，等夏天惊艳所有人✨,婉婉上班吃什么,2026-03-25 17:31:01,图文笔记,未推广,1707,73.0,13.0,335.0,4.0,4.0,13.0,13.0,3.0,0.0,0.0,196.25,有成交
69c3a5ab00000000280097e2,长期主义的三文鱼，真的没有平替。。。,菲菲上班吃什么,2026-03-25 17:06:51,图文笔记,已推广,38898,6543,31.0,1079.0,8.0,8.0,654.0,618.0,83.0,67.0,1.0,27.74,有成交
69c396410000000023017924,感谢315🥹，让更多宝妈知道了咱家无添加虾仁,鲜水湾,2026-03-25 16:01:05,图文笔记,已推广,2425,155.0,12.0,69.0,1.0,1.0,44.0,41.0,10.0,69.0,1.0,28.45,有成交
69c38e9400000000230075f9,说了春日控体真不贵，100来块够我吃半个月了,菲菲上班吃什么,2026-03-25 15:28:20,图文笔记,未推广,1330,84.0,16.0,0.0,0.0,0.0,7.0,6.0,1.0,0.0,0.0,0,无成交数据
69c37d2400000000280091cf,身材管理期，回购N次的虾仁,婉婉上班吃什么,2026-03-25 14:13:56,图文笔记,已推广,1847,62.0,12.0,0.0,0.0,0.0,12.0,12.0,2.0,0.0,0.0,0,无成交数据
69c3774a0000000022027070,区区100块，承包我半个月减脂餐,鲜水湾,2026-03-25 13:48:58,图文笔记,未推广,1825,92.0,13.0,0.0,0.0,0.0,13.0,12.0,3.0,0.0,0.0,0,无成交数据
69c353ba000000001e00cbc5,同事总说我天天吃虾仁也太奢侈了……,菲菲上班吃什么,2026-03-25 11:17:14,图文笔记,已推广,33799,3136,57.0,1792.0,21.0,21.0,453.0,398.0,74.0,186.0,2.0,53.02,有成交
69c2acd60000000028008317,感谢315，让我家无添加虾仁又爆单了,鲜水湾,2026-03-24 23:25:10,图文笔记,已推广,39966,3851,73.0,6892.0,83.0,83.0,1613.0,1381.0,278.0,276.0,4.0,172.45,有成交
69c2602b000000002202bed3,同事对于我每天吃一盒虾仁，表示很奢侈…,婉婉上班吃什么,2026-03-24 17:58:03,图文笔记,已推广,9571,670.0,25.0,404.0,5.0,5.0,137.0,119.0,28.0,0.0,0.0,42.21,有成交
69c24d14000000001b020d51,别拿⛰️姆🎁马跟我比，真就不够打,鲜水湾,2026-03-24 16:36:36,图文笔记,已推广,4630,358.0,18.0,207.0,3.0,3.0,67.0,60.0,20.0,0.0,0.0,44.71,有成交
69c24388000000002202ac04,现在的年轻人真的低估了100来块的购买力！,菲菲上班吃什么,2026-03-24 15:55:52,图文笔记,已推广,4023,352.0,14.0,0.0,0.0,0.0,62.0,60.0,9.0,0.0,0.0,0,无成交数据
69c231ef000000002301fef2,现在人严重低估了100块的购买力,婉婉上班吃什么,2026-03-24 14:40:47,图文笔记,已推广,1089,64.0,13.0,0.0,0.0,0.0,8.0,8.0,1.0,0.0,0.0,0,无成交数据
69c20451000000001f0022e1,315过后，都来买我家这种无添加虾仁了,鲜水湾,2026-03-24 11:26:09,图文笔记,未推广,2070,92.0,10.0,69.0,1.0,1.0,23.0,22.0,2.0,0.0,0.0,33.33,有成交
69c1fec5000000001f000872,谁懂啊！69实现虾仁自由太香了😭,菲菲上班吃什么,2026-03-24 11:02:29,图文笔记,已推广,4486,193.0,16.0,69.0,1.0,1.0,27.0,24.0,6.0,0.0,0.0,15.38,有成交
69c1f4ad000000001a035fed,和老妈商量后，推出减脂小包装虾仁,鲜水湾,2026-03-24 10:19:25,图文笔记,未推广,3465,126.0,11.0,207.0,3.0,3.0,46.0,43.0,9.0,0.0,0.0,59.74,有成交
69c1f172000000001b0235d8,以为100块没多少，结果够我自律期吃半个月了,婉婉上班吃什么,2026-03-24 10:05:38,图文笔记,已推广,2870,192.0,16.0,178.0,1.0,1.0,48.0,42.0,6.0,0.0,0.0,62.02,有成交
69c1eed70000000023017a4d,爸妈对于我每天吃一盒虾仁表示很奢侈……,菲菲上班吃什么,2026-03-24 09:54:31,图文笔记,未推广,1220,52.0,14.0,0.0,0.0,0.0,9.0,7.0,1.0,0.0,0.0,0,无成交数据
69c1e82a000000001f0069c8,100块吃不了一顿火锅，但能承包我一周轻食餐,鲜水湾,2026-03-24 09:26:02,图文笔记,已推广,2079,97.0,15.0,138.0,2.0,2.0,15.0,14.0,4.0,0.0,0.0,66.38,有成交
69c163a4000000002300793e,感谢315🙏让我家这种无添加的虾仁被看见,鲜水湾,2026-03-24 00:00:36,图文笔记,未推广,1502,55.0,12.0,69.0,1.0,1.0,17.0,16.0,6.0,0.0,0.0,45.94,有成交
69c160d200000000220286e8,100块搞定半个月轻食！,婉婉上班吃什么,2026-03-23 23:48:34,图文笔记,未推广,3035,153.0,12.0,325.0,3.0,3.0,44.0,36.0,9.0,0.0,0.0,107.08,有成交
69c15c01000000002800873c,以为69没多少，结果够我吃一周减脂餐的了,菲菲上班吃什么,2026-03-23 23:28:01,图文笔记,已推广,3170,156.0,15.0,197.0,2.0,2.0,35.0,33.0,8.0,0.0,0.0,62.15,有成交
69c14c73000000001b022934,第一次直观感受到100来块的威力！,婉婉上班吃什么,2026-03-23 22:21:39,图文笔记,已推广,1630,96.0,11.0,69.0,1.0,1.0,17.0,15.0,4.0,0.0,0.0,42.33,有成交
69c146cd000000002003a7c1,区区69竟然够我吃一周了😂,鲜水湾,2026-03-23 21:57:33,图文笔记,未推广,1345,46.0,14.0,69.0,1.0,1.0,12.0,11.0,0.0,0.0,0.0,51.3,有成交
69c14136000000001f00088f,发现大家都严重低估了100来块的购买力…,鲜水湾,2026-03-23 21:33:42,图文笔记,已推广,2065,82.0,12.0,0.0,0.0,0.0,13.0,10.0,2.0,0.0,0.0,0,无成交数据
69c136150000000023014524,以为69没多少，结果够我吃一周控体餐了🥹,鲜水湾,2026-03-23 20:46:13,图文笔记,已推广,3460,198.0,11.0,207.0,3.0,2.0,42.0,38.0,9.0,69.0,1.0,59.83,有成交
69c103dd0000000023024919,不得不说三文鱼真的是控体圣物,鲜水湾甄选,2026-03-23 17:11:57,图文笔记,已推广,1300,79.0,5.0,0.0,0.0,0.0,13.0,11.0,0.0,0.0,0.0,0,无成交数据
69c0fde7000000002800b822,69💰解决了我一周上班带饭的难题,婉婉上班吃什么,2026-03-23 16:46:31,图文笔记,已推广,1297,36.0,10.0,69.0,1.0,1.0,9.0,7.0,2.0,0.0,0.0,53.2,有成交
69c0f621000000001a02e3d5,跟风吃了半个月虾仁。。。,菲菲上班吃什么,2026-03-23 16:13:21,图文笔记,未推广,1299,72.0,12.0,0.0,0.0,0.0,10.0,9.0,3.0,0.0,0.0,0,无成交数据
69c0e495000000002202795b,同事问我为什么每天带饭都是虾,婉婉上班吃什么,2026-03-23 14:58:29,图文笔记,未推广,1969,209.0,12.0,69.0,1.0,1.0,14.0,13.0,4.0,69.0,1.0,35.04,有成交
69c0d9b80000000023017b7c,同事问我：天天带饭，是因为穷吗？,菲菲上班吃什么,2026-03-23 14:12:08,图文笔记,已推广,2802,184.0,12.0,197.0,2.0,2.0,24.0,20.0,4.0,0.0,0.0,70.31,有成交
69c0d03a000000001f001f27,上班带饭的尽头是…极简,菲菲上班吃什么,2026-03-23 13:31:38,图文笔记,未推广,1327,137.0,13.0,69.0,1.0,1.0,11.0,10.0,3.0,0.0,0.0,52.0,有成交
69c0c1fd0000000023015a4e,100块够吃一周的！和外卖说再见👋,婉婉上班吃什么,2026-03-23 12:30:53,图文笔记,已推广,24968,460.0,16.0,473.0,6.0,6.0,127.0,114.0,26.0,0.0,0.0,18.94,有成交
69c0baf300000000230064ec,每天带一袋虾仁上班，90后同事说我太招摇,婉婉上班吃什么,2026-03-23 12:00:51,图文笔记,未推广,1265,65.0,12.0,0.0,0.0,0.0,11.0,10.0,0.0,0.0,0.0,0,无成交数据
69c09361000000002800a916,春日减脂真不多，69够吃一周了,鲜水湾,2026-03-23 09:12:01,图文笔记,未推广,1145,78.0,15.0,69.0,1.0,1.0,10.0,7.0,3.0,0.0,0.0,60.26,有成交
69bfe1a2000000001f0036e7,70💰的购买力解决我上班一周的带饭,鲜水湾,2026-03-22 20:33:38,图文笔记,未推广,1825,52.0,14.0,0.0,0.0,0.0,12.0,12.0,3.0,0.0,0.0,0,无成交数据
69bfbcc0000000001e00f027,向全世界安利我无限回购的虾仁,菲菲上班吃什么,2026-03-22 17:56:16,图文笔记,已推广,4199,236.0,15.0,236.0,3.0,3.0,68.0,59.0,13.0,0.0,0.0,56.2,有成交
69be6912000000001f002fb0,质疑 理解 成为…懒人带饭党,婉婉上班吃什么,2026-03-21 17:46:58,图文笔记,已推广,8250,1106,22.0,138.0,2.0,2.0,37.0,31.0,5.0,0.0,0.0,16.73,有成交
69be578f0000000020039b18,节后不挨饿也能稳稳⬇️！小基数亲测巨管用,婉婉上班吃什么,2026-03-21 16:32:15,图文笔记,未推广,1794,119.0,14.0,69.0,1.0,1.0,19.0,16.0,5.0,0.0,0.0,38.46,有成交
69be4e15000000002800aa80,现在的人严重低估了60来块的购买力,菲菲上班吃什么,2026-03-21 15:51:49,图文笔记,已推广,2298,194.0,7.0,79.0,1.0,1.0,47.0,41.0,4.0,0.0,0.0,34.38,有成交
69be4653000000002202a9a5,请教教我爸无添加虾仁怎么在网上卖出去😭,鲜水湾,2026-03-21 15:18:43,图文笔记,已推广,1862,53.0,16.0,0.0,0.0,0.0,4.0,4.0,1.0,0.0,0.0,0,无成交数据
69bdfd49000000001a02f24c,不是？昨天吃虾仁今天直接掉了快两斤！,菲菲上班吃什么,2026-03-21 10:07:05,图文笔记,未推广,9453,1249,24.0,266.0,3.0,3.0,33.0,30.0,12.0,0.0,0.0,28.14,有成交
69bdf758000000001f004836,听劝！不吃晚饭真的会稳稳反弹,婉婉上班吃什么,2026-03-21 09:41:44,图文笔记,已推广,6353,859.0,16.0,69.0,1.0,1.0,23.0,19.0,7.0,0.0,0.0,10.86,有成交
69bd6b52000000001f0015a2,身材管理期虾仁和牛肉怎么选？我全要有的～,菲菲上班吃什么,2026-03-20 23:44:18,图文笔记,未推广,1588,148.0,13.0,69.0,1.0,1.0,17.0,16.0,2.0,0.0,0.0,43.45,有成交
69bd64bf000000002300553e,说一个撑死人但热量很低的东西,菲菲上班吃什么,2026-03-20 23:16:15,图文笔记,未推广,2197,141.0,15.0,69.0,1.0,1.0,12.0,9.0,2.0,69.0,1.0,31.41,有成交
69bd624d000000002003b666,爸妈对我于我每天吃一碗虾仁表示很奢侈…,菲菲上班吃什么,2026-03-20 23:05:49,图文笔记,未推广,2030,182.0,14.0,0.0,0.0,0.0,24.0,20.0,0.0,0.0,0.0,0,无成交数据
69bd5beb000000001a02e655,真别小看69块！够我吃一周了,菲菲上班吃什么,2026-03-20 22:38:35,图文笔记,未推广,2747,146.0,15.0,0.0,0.0,0.0,28.0,25.0,6.0,0.0,0.0,0,无成交数据
69bd1e3100000000230070c8,还有比虾仁更方便的控体餐吗,鲜水湾,2026-03-20 18:15:13,图文笔记,已推广,1439,101.0,16.0,0.0,0.0,0.0,17.0,15.0,3.0,0.0,0.0,0,无成交数据
69bd0e38000000001e00f1df,我家虾仁不够🔥吗，怎么还有人吃保水剂虾仁,鲜水湾,2026-03-20 17:07:04,图文笔记,已推广,1945,111.0,15.0,138.0,2.0,2.0,24.0,20.0,1.0,64.0,1.0,70.95,有成交
69bd06fa0000000023006f02,本以为69没多少，结果够我吃一星期的了,菲菲上班吃什么,2026-03-20 16:36:10,图文笔记,已推广,3644,217.0,15.0,138.0,2.0,2.0,42.0,37.0,8.0,0.0,0.0,37.87,有成交
69bd027c000000001f007dc1,区区69块💰承包了我一星期减脂餐,菲菲上班吃什么,2026-03-20 16:17:00,图文笔记,未推广,1927,75.0,12.0,0.0,0.0,0.0,11.0,10.0,1.0,0.0,0.0,0,无成交数据
69bcfaec000000001a035dde,买的时候也没人说，69💰吃一周减肥餐,婉婉上班吃什么,2026-03-20 15:44:44,图文笔记,未推广,1781,86.0,16.0,69.0,1.0,1.0,16.0,16.0,4.0,0.0,0.0,38.74,有成交
69bcdae4000000001a02d392,算了不劝了……这价卖保水剂虾仁，那真没良心,鲜水湾,2026-03-20 13:28:04,图文笔记,已推广,1606,94.0,12.0,138.0,2.0,2.0,15.0,12.0,7.0,0.0,0.0,85.93,有成交
69bcbb300000000022027560,没人觉得控体人上班带饭跟省钱吗？,菲菲上班吃什么,2026-03-20 11:12:48,图文笔记,已推广,2429,278.0,36.0,0.0,0.0,0.0,12.0,10.0,4.0,0.0,0.0,0,无成交数据
69bcb01c000000001f0005dc,感谢315，让我买到了无保水虾仁🍤,菲菲上班吃什么,2026-03-20 10:25:32,图文笔记,已推广,4970,294.0,13.0,138.0,2.0,2.0,42.0,40.0,14.0,0.0,0.0,27.77,有成交
69bcad5f000000002202a466,懂货的姐妹很多，不要总想着买便宜虾仁,鲜水湾,2026-03-20 10:13:51,图文笔记,已推广,2106,119.0,14.0,316.0,2.0,2.0,26.0,20.0,9.0,0.0,0.0,150.05,有成交
69bbf8ee0000000023015a28,年后减脂真花不了几个钱，69够吃一周,鲜水湾,2026-03-19 21:23:58,图文笔记,未推广,1231,43.0,14.0,0.0,0.0,0.0,5.0,5.0,0.0,0.0,0.0,0,无成交数据
69bbed56000000002003abe7,年轻人真的不要低估了100块的购买力,婉婉上班吃什么,2026-03-19 20:34:30,图文笔记,已推广,2029,124.0,10.0,197.0,2.0,2.0,14.0,12.0,0.0,0.0,0.0,97.09,有成交
69bbe546000000001f0000ea,某姆对不起，我移情这个一人食大虾仁了！🍤,鲜水湾,2026-03-19 20:00:06,图文笔记,已推广,1135,108.0,11.0,69.0,1.0,1.0,13.0,12.0,4.0,0.0,0.0,60.79,有成交
69bbe275000000002800b6c0,我也不想买啊🥹但69够我吃一周轻食餐的了,菲菲上班吃什么,2026-03-19 19:48:05,图文笔记,未推广,3108,108.0,11.0,138.0,2.0,2.0,41.0,35.0,3.0,0.0,0.0,44.4,有成交
69bbcbb3000000001f0005d1,奉劝身材管理期的姐妹不要低估70的购买力…,鲜水湾,2026-03-19 18:11:00,图文笔记,未推广,1079,67.0,12.0,0.0,0.0,0.0,14.0,11.0,3.0,0.0,0.0,0,无成交数据
69bbc9c6000000001a0379e6,年后控体真花不了多少钱，69够吃一周了,婉婉上班吃什么,2026-03-19 18:02:46,图文笔记,未推广,1702,50.0,11.0,0.0,0.0,0.0,16.0,14.0,1.0,0.0,0.0,0,无成交数据
69bbbb3d000000001f006d84,又囤上了😂100块承包了半个多月的减脂餐,鲜水湾,2026-03-19 17:00:45,图文笔记,未推广,1721,48.0,12.0,197.0,2.0,2.0,10.0,8.0,3.0,0.0,0.0,114.47,有成交
69bbb262000000002301d917,小小69元，承包了我一周减脂餐的快乐,菲菲上班吃什么,2026-03-19 16:22:58,图文笔记,未推广,2332,153.0,14.0,69.0,1.0,1.0,15.0,14.0,3.0,0.0,0.0,29.59,有成交
69bbaf6b000000001f00728f,买的时候没人告诉我，69💰吃一周减脂餐,婉婉上班吃什么,2026-03-19 16:10:19,图文笔记,未推广,1712,116.0,18.0,0.0,0.0,0.0,12.0,12.0,2.0,0.0,0.0,0,无成交数据
69bba9e40000000023006d0f,以为69没多少，结果够我上班带饭吃一周了,菲菲上班吃什么,2026-03-19 15:46:44,图文笔记,未推广,3197,249.0,14.0,266.0,3.0,3.0,30.0,24.0,4.0,0.0,0.0,83.2,有成交
69bb985400000000280085d7,和大家讨论后🥹，推出一人食小包装虾仁,鲜水湾,2026-03-19 14:31:48,图文笔记,未推广,1432,60.0,14.0,0.0,0.0,0.0,20.0,19.0,2.0,0.0,0.0,0,无成交数据
69bb6a07000000001a02cda7,带饭的尽头…真的是免加热,菲菲上班吃什么,2026-03-19 11:14:15,图文笔记,未推广,5195,584.0,20.0,138.0,2.0,2.0,26.0,19.0,8.0,69.0,1.0,26.56,有成交
69bb65a4000000002301ff2b,请大数据把我推荐给上班带饭的宝子,婉婉上班吃什么,2026-03-19 10:55:32,图文笔记,未推广,1133,78.0,13.0,128.0,1.0,1.0,6.0,6.0,1.0,0.0,0.0,112.97,有成交
69bb62430000000022025116,感谢315，让真正无添加的好虾仁被看见！,鲜水湾,2026-03-19 10:41:07,图文笔记,未推广,1639,84.0,12.0,69.0,1.0,1.0,19.0,19.0,2.0,0.0,0.0,42.1,有成交
69bb57b2000000001a0369f3,春日减脂，69块够我吃一周了,菲菲上班吃什么,2026-03-19 09:56:02,图文笔记,未推广,1819,72.0,12.0,0.0,0.0,0.0,7.0,7.0,1.0,0.0,0.0,0,无成交数据
69bac2e4000000001a035f20,和老爸商量后，为独居姐妹推出的专属小包,鲜水湾,2026-03-18 23:21:08,图文笔记,未推广,1557,65.0,11.0,0.0,0.0,0.0,9.0,9.0,3.0,0.0,0.0,0,无成交数据
69babd40000000002302116a,在小红书买的！一人食小包装虾仁🍤,鲜水湾甄选,2026-03-18 22:57:04,图文笔记,未推广,1440,59.0,11.0,0.0,0.0,0.0,11.0,11.0,3.0,0.0,0.0,0,无成交数据
69bab98f000000001e00ed7f,和老爸商量后，为减脂姐妹推出的专属小包,婉婉上班吃什么,2026-03-18 22:41:19,图文笔记,未推广,1213,60.0,13.0,69.0,1.0,1.0,8.0,8.0,3.0,0.0,0.0,56.88,有成交
69ba9e7c000000001e00eb36,下班后的干净晚餐｜一块三文鱼排就够了🍣,鲜水湾,2026-03-18 20:45:48,图文笔记,未推广,2166,160.0,8.0,68.0,1.0,1.0,31.0,30.0,4.0,0.0,0.0,31.39,有成交
69ba9686000000001e00c419,,婉婉上班吃什么,2026-03-18 20:11:50,图文笔记,未推广,1269,93.0,11.0,128.0,1.0,1.0,10.0,8.0,3.0,0.0,0.0,100.87,有成交
69ba7578000000001f002c39,春日减脂，区区69块够我吃一周了,婉婉上班吃什么,2026-03-18 17:50:48,图文笔记,未推广,1298,62.0,12.0,69.0,1.0,1.0,9.0,9.0,2.0,0.0,0.0,53.16,有成交
69ba70750000000023026413,健身后花的最值的一笔钱…,鲜水湾甄选,2026-03-18 17:29:25,图文笔记,未推广,1116,124.0,6.0,63.0,1.0,1.0,10.0,8.0,0.0,0.0,0.0,56.45,有成交
69ba6cb50000000023017bb2,一个撑死人但热量很低的东西,鲜水湾,2026-03-18 17:13:25,图文笔记,未推广,1379,105.0,12.0,0.0,0.0,0.0,4.0,4.0,0.0,0.0,0.0,0,无成交数据
69ba5ec6000000001a02c6c0,感谢315，让我家这种无添加的虾仁被大家看到,鲜水湾,2026-03-18 16:13:58,图文笔记,已推广,5270,195.0,16.0,444.0,4.0,4.0,54.0,49.0,13.0,69.0,1.0,84.25,有成交
69ba54d2000000001e00fadd,姐妹们别乱买了！69元搞定一周轻食餐,婉婉上班吃什么,2026-03-18 15:31:30,图文笔记,未推广,1235,125.0,12.0,69.0,1.0,1.0,13.0,11.0,2.0,69.0,1.0,55.87,有成交
69ba465a000000002301dc1f,真的没想到！一人食小包装虾仁这么受欢迎😭,鲜水湾,2026-03-18 14:29:46,图文笔记,未推广,1128,62.0,13.0,0.0,0.0,0.0,7.0,5.0,1.0,0.0,0.0,0,无成交数据
69ba3bfd000000001e00c8bd,瘦子实习生带的饭一天比一天离谱,婉婉上班吃什么,2026-03-18 13:45:33,图文笔记,未推广,2249,176.0,8.0,0.0,0.0,0.0,15.0,13.0,4.0,0.0,0.0,0,无成交数据
69ba0fb1000000001f005381,区区69块，结果够我吃一周的了,婉婉上班吃什么,2026-03-18 10:36:33,图文笔记,未推广,1713,62.0,12.0,0.0,0.0,0.0,9.0,8.0,2.0,0.0,0.0,0,无成交数据
69b960eb000000001f005fed,推荐身材管理期的宝子们都去吃这个,婉婉上班吃什么,2026-03-17 22:10:52,图文笔记,未推广,2217,135.0,10.0,69.0,1.0,1.0,16.0,14.0,4.0,0.0,0.0,31.12,有成交
69b94d84000000001a02d1a7,请教教我无添加大虾怎么在网上卖出去啊,鲜水湾,2026-03-17 20:48:04,图文笔记,未推广,2888,224.0,17.0,69.0,1.0,1.0,27.0,25.0,9.0,0.0,0.0,23.89,有成交
69b9472a0000000022025bf2,凭一己之力带动办公室买了十多份虾仁,婉婉上班吃什么,2026-03-17 20:20:58,图文笔记,未推广,1226,61.0,11.0,69.0,1.0,1.0,7.0,7.0,3.0,0.0,0.0,56.28,有成交
69b94607000000001a035b94,和老爸商量后，推出春日减脂一人食🍤,鲜水湾,2026-03-17 20:16:07,图文笔记,未推广,1311,111.0,15.0,138.0,2.0,2.0,17.0,15.0,3.0,0.0,0.0,105.26,有成交
69b923f9000000001f007572,我家虾仁不够火？还有人吃保水剂虾仁？,鲜水湾,2026-03-17 17:50:49,图文笔记,未推广,1348,84.0,13.0,0.0,0.0,0.0,14.0,12.0,1.0,0.0,0.0,0,无成交数据
69b9219800000000230168d4,和老爸商量后，推出专为独居人做的小包装☺️,鲜水湾,2026-03-17 17:40:40,图文笔记,未推广,1373,64.0,13.0,138.0,1.0,1.0,10.0,10.0,0.0,0.0,0.0,100.51,有成交
69b91f54000000002800a745,和老爹商量后，推出一人食小包装,鲜水湾,2026-03-17 17:31:00,图文笔记,已推广,21111,1957,32.0,1282.0,16.0,16.0,491.0,431.0,88.0,0.0,0.0,60.73,有成交
69b912070000000020039d0b,泪水打湿减脂餐！这虾仁怎么能这么好吃啊！！,婉婉上班吃什么,2026-03-17 16:34:15,图文笔记,未推广,1237,107.0,14.0,207.0,3.0,3.0,14.0,11.0,2.0,69.0,1.0,167.34,有成交
69b904fe000000001a02e963,跟刘板筋儿学的，自己做减脂餐so了7斤,婉婉上班吃什么,2026-03-17 15:38:39,图文笔记,已推广,7899,830.0,13.0,69.0,1.0,1.0,16.0,15.0,5.0,0.0,0.0,8.74,有成交
69b8fede000000001b022197,直观感受一下70块的购买力，顺丰包邮,婉婉上班吃什么,2026-03-17 15:12:30,图文笔记,已推广,3194,235.0,14.0,69.0,1.0,1.0,38.0,34.0,5.0,0.0,0.0,21.6,有成交
69b8be17000000002003a549,奉劝大家不要低估70的购买力！,婉婉上班吃什么,2026-03-17 10:36:07,图文笔记,已推广,1209,79.0,10.0,0.0,0.0,0.0,11.0,11.0,1.0,0.0,0.0,0,无成交数据
69b8b8120000000028008e86,真的低估了100来块的购买力，够我吃一周了,鲜水湾,2026-03-17 10:10:26,图文笔记,已推广,1874,106.0,11.0,138.0,2.0,2.0,15.0,14.0,2.0,0.0,0.0,73.64,有成交
69b8b0f9000000002301c5b5,69元搞定一周蛋白质！无添加宝藏虾仁🍤,鲜水湾,2026-03-17 09:40:09,图文笔记,未推广,1704,87.0,14.0,0.0,0.0,0.0,16.0,13.0,5.0,0.0,0.0,0,无成交数据
69b7cd93000000001a0363fa,管理期巨抗饿！69直接承包一周减脂餐💯,婉婉上班吃什么,2026-03-16 17:29:55,图文笔记,未推广,1166,57.0,11.0,69.0,1.0,1.0,6.0,5.0,1.0,0.0,0.0,59.18,有成交
69b795d4000000001a02eed5,奶奶的绝了！减脂健身餐天花板 一周才60多,婉婉上班吃什么,2026-03-16 13:32:04,图文笔记,未推广,1125,42.0,9.0,0.0,0.0,0.0,9.0,8.0,3.0,0.0,0.0,0,无成交数据
69b75d96000000001f00385e,爸妈对于我每天吃一盒虾仁，表示很奢侈！,婉婉上班吃什么,2026-03-16 09:32:06,图文笔记,已推广,1235,87.0,11.0,0.0,0.0,0.0,10.0,9.0,1.0,0.0,0.0,0,无成交数据
69b6d05b000000001e00c338,独居女生必囤！这个健康餐我已经回购N次🍤,婉婉上班吃什么,2026-03-15 23:29:31,图文笔记,未推广,1124,45.0,13.0,69.0,1.0,1.0,4.0,3.0,0.0,0.0,0.0,61.39,有成交
69b6cd9c0000000022027952,宝子们放心！就算火了我们也绝不涨价！,鲜水湾,2026-03-15 23:17:48,图文笔记,未推广,2528,171.0,15.0,138.0,2.0,2.0,22.0,18.0,6.0,0.0,0.0,54.59,有成交
69b6cc6a000000001b021e96,69r承包一周轻食！我是真没想到🍤,婉婉上班吃什么,2026-03-15 23:12:42,图文笔记,已推广,1409,94.0,11.0,69.0,1.0,1.0,10.0,7.0,1.0,0.0,0.0,48.97,有成交
69b583f3000000001f00071f,69五袋我微微心动，你说顺丰包邮我直接冲,婉婉上班吃什么,2026-03-14 23:51:15,图文笔记,已推广,2252,115.0,12.0,276.0,4.0,4.0,38.0,34.0,6.0,0.0,0.0,122.56,有成交
69b57a0e000000001a02ec92,年轻人真的不要低估60来块的购买力！,婉婉上班吃什么,2026-03-14 23:09:02,图文笔记,已推广,3827,343.0,28.0,345.0,3.0,3.0,43.0,39.0,8.0,0.0,0.0,90.15,有成交
69b55914000000001a0370f6,年后减脂真花不了多少钱，69够吃一周了,婉婉上班吃什么,2026-03-14 20:48:20,图文笔记,未推广,2204,159.0,15.0,0.0,0.0,0.0,17.0,17.0,5.0,0.0,0.0,0,无成交数据
69b52200000000001f004cb6,说一个撑死人但热量很低的东西,婉婉上班吃什么,2026-03-14 16:53:20,图文笔记,已推广,6258,933.0,92.0,404.0,5.0,5.0,56.0,44.0,10.0,0.0,0.0,64.56,有成交
69b517c10000000022024bb1,自己赚钱后报复性吃虾吃到爽,鲜水湾,2026-03-14 16:09:37,图文笔记,已推广,3545,343.0,22.0,236.0,2.0,2.0,80.0,76.0,21.0,0.0,0.0,66.57,有成交
69b512010000000022026e60,我也不想囤啊，可它69到手五包大虾仁,婉婉上班吃什么,2026-03-14 15:45:05,图文笔记,已推广,1084,50.0,11.0,98.0,1.0,1.0,15.0,14.0,3.0,98.0,1.0,90.41,有成交
69b502ed00000000220262e6,第一次直观感受到69块的威力,婉婉上班吃什么,2026-03-14 14:40:45,图文笔记,未推广,2309,139.0,10.0,207.0,3.0,3.0,37.0,34.0,9.0,0.0,0.0,89.65,有成交
69b5000d00000000220289ed,奉劝女孩们对70的购买力有点概念！,婉婉上班吃什么,2026-03-14 14:28:29,图文笔记,已推广,3581,300.0,47.0,541.0,8.0,8.0,55.0,51.0,10.0,0.0,0.0,151.08,有成交
69b4feae000000002301f1f2,以为69没多少，结果够我吃一周的了,婉婉上班吃什么,2026-03-14 14:22:38,图文笔记,未推广,1162,71.0,11.0,0.0,0.0,0.0,8.0,8.0,3.0,0.0,0.0,0,无成交数据
69b4f850000000001a02c65d,老妈说：你就给一人食的单独定制！总会出单的,鲜水湾,2026-03-14 13:55:28,图文笔记,未推广,1197,79.0,13.0,69.0,1.0,1.0,9.0,9.0,3.0,0.0,0.0,57.64,有成交
69b4f7570000000022026975,和老妈商量了，年后推出一人食小包装,鲜水湾,2026-03-14 13:51:19,图文笔记,未推广,1083,69.0,14.0,0.0,0.0,0.0,8.0,8.0,3.0,0.0,0.0,0,无成交数据
69b4f5df000000001b020b79,能接受没有保水剂虾仁的，年后控体你们就买,鲜水湾,2026-03-14 13:45:03,图文笔记,已推广,2924,258.0,13.0,385.0,4.0,4.0,46.0,39.0,5.0,178.0,1.0,131.67,有成交
69b4d1d7000000002202ad8d,宝子们听劝！自律期吃虾仁，低热量还巨顶饱…,婉婉上班吃什么,2026-03-14 11:11:19,图文笔记,未推广,1572,135.0,12.0,0.0,0.0,0.0,26.0,21.0,5.0,0.0,0.0,0,无成交数据
69b4313d000000002003bfd0,爸妈对于我每天吃一片三文鱼表示很奢侈,婉婉上班吃什么,2026-03-13 23:46:05,图文笔记,未推广,1291,185.0,6.0,0.0,0.0,0.0,29.0,26.0,5.0,0.0,0.0,0,无成交数据
69b2539b000000000b034e10,年后减脂真不多，区区69块够我吃一周的了,婉婉上班吃什么,2026-03-12 13:48:11,图文笔记,未推广,1234,97.0,2.0,0.0,0.0,0.0,18.0,17.0,1.0,0.0,0.0,0,无成交数据
69b15afb000000000b035170,身材管理期的姐妹建议把鸡胸肉换成三文鱼,婉婉上班吃什么,2026-03-11 20:07:23,图文笔记,未推广,2125,145.0,8.0,0.0,0.0,0.0,29.0,29.0,7.0,0.0,0.0,0,无成交数据
69b14b4f000000000601f212,节后控体，都把鸡胸肉换成抗炎减脂的三文鱼,鲜水湾,2026-03-11 19:00:31,图文笔记,未推广,3335,335.0,5.0,0.0,0.0,0.0,47.0,43.0,7.0,0.0,0.0,0,无成交数据
69b13d4d0000000008032af2,区区69块，结果够我吃一周的了～,鲜水湾,2026-03-11 18:00:45,图文笔记,未推广,3279,316.0,10.0,79.0,1.0,1.0,54.0,47.0,5.0,0.0,0.0,24.09,有成交
69b132b60000000006008aed,以为300块没多少，结果吃了半个月,婉婉上班吃什么,2026-03-11 17:15:34,图文笔记,未推广,1652,114.0,7.0,363.0,1.0,1.0,20.0,18.0,3.0,0.0,0.0,219.73,有成交
69b1265b0000000008033642,70块吃不了一顿外卖，但承包我一周减脂餐！,鲜水湾,2026-03-11 16:22:51,图文笔记,未推广,2903,167.0,5.0,67.0,1.0,1.0,25.0,23.0,4.0,0.0,0.0,23.08,有成交
69b02f7b000000002602d7bf,三文鱼真是减脂邪修啊,鲜水湾甄选,2026-03-10 22:49:31,图文笔记,未推广,2031,177.0,3.0,0.0,0.0,0.0,32.0,30.0,12.0,0.0,0.0,0,无成交数据
69b024e9000000000c0156a8,说一个撑死人，但热量低到离谱的东西,鲜水湾,2026-03-10 22:04:25,图文笔记,未推广,1142,85.0,5.0,0.0,0.0,0.0,11.0,10.0,1.0,0.0,0.0,0,无成交数据
69afde860000000004000657,长期主义的三文鱼，没有平替。。。,鲜水湾,2026-03-10 17:04:06,图文笔记,未推广,1646,182.0,8.0,0.0,0.0,0.0,48.0,42.0,12.0,0.0,0.0,0,无成交数据
69afdc5a000000000800fd98,吃 3 箱大虾，就可以丢掉一条裤子了,婉婉上班吃什么,2026-03-10 16:54:50,图文笔记,未推广,1094,80.0,4.0,0.0,0.0,0.0,14.0,13.0,2.0,0.0,0.0,0,无成交数据
69afc1be000000000503398c,老妈说，69一盒试试水，1000单走起...!!,鲜水湾,2026-03-10 15:01:18,图文笔记,未推广,1200,59.0,4.0,0.0,0.0,0.0,19.0,18.0,1.0,0.0,0.0,0,无成交数据
69afae19000000000b034aa4,试过了，确实比鸡胸肉快！,鲜水湾,2026-03-10 13:37:29,图文笔记,未推广,1190,94.0,9.0,96.0,1.0,1.0,14.0,12.0,1.0,0.0,0.0,80.67,有成交
69afad30000000002602fb54,试过了，确实比鸡胸肉快！,小宅减脂餐,2026-03-10 13:33:36,图文笔记,未推广,1537,29.0,2.0,0.0,0.0,0.0,0.0,0.0,0.0,0.0,0.0,0,无成交数据
69aee3fb000000000e03cf07,控体后才知道，干净饮食可以这么省钱,鲜水湾,2026-03-09 23:15:07,图文笔记,未推广,1012,99.0,6.0,0.0,0.0,0.0,9.0,9.0,2.0,0.0,0.0,0,无成交数据
69aed383000000001a0367ca,控体后才知道，干净饮食可以这么省钱🤣,婉婉上班吃什么,2026-03-09 22:04:51,图文笔记,未推广,1094,88.0,4.0,0.0,0.0,0.0,4.0,4.0,1.0,0.0,0.0,0,无成交数据
69ae8868000000002801cdbd,这盘三文鱼餐，承包了我一天的快乐和营养,鲜水湾,2026-03-09 16:44:24,图文笔记,已推广,1316,155.0,14.0,0.0,0.0,0.0,13.0,13.0,2.0,0.0,0.0,0,无成交数据
69ae7fd10000000022038d18,这盘三文鱼餐，承包了我一天的快乐和营养✨,鲜水湾甄选,2026-03-09 16:07:45,图文笔记,已推广,1293,162.0,13.0,63.0,1.0,1.0,14.0,13.0,1.0,0.0,0.0,48.72,有成交
69ae5965000000002801d96e,节后减脂无限回购，鲜水湾家的大虾,鲜水湾,2026-03-09 13:23:49,图文笔记,未推广,1374,124.0,7.0,0.0,0.0,0.0,28.0,25.0,5.0,0.0,0.0,0,无成交数据
69ad8b83000000002800b0fe,每天带一包大虾上班，同事说我很有钱,鲜水湾,2026-03-08 22:45:23,图文笔记,已推广,1339,116.0,6.0,0.0,0.0,0.0,18.0,18.0,3.0,0.0,0.0,0,无成交数据
69ad8a46000000001a028410,每天带一包大虾上班，同事说我很有钱,婉婉上班吃什么,2026-03-08 22:40:06,图文笔记,已推广,1711,188.0,13.0,0.0,0.0,0.0,30.0,26.0,5.0,0.0,0.0,0,无成交数据
69ad877e000000002303acac,奉劝那些天天喝蛋白粉健身的女孩……,鲜水湾甄选,2026-03-08 22:28:14,图文笔记,未推广,1049,198.0,8.0,0.0,0.0,0.0,9.0,9.0,0.0,0.0,0.0,0,无成交数据
69ad7d71000000001a03025f,奉劝控体人不要低估了60来块钱的购买力……,鲜水湾,2026-03-08 21:45:21,图文笔记,已推广,2494,154.0,3.0,77.0,1.0,1.0,42.0,40.0,10.0,0.0,0.0,30.87,有成交
69ad6262000000001a01d058,区区69直接承包我一周的控体餐,鲜水湾,2026-03-08 19:49:54,图文笔记,已推广,1207,94.0,2.0,67.0,1.0,1.0,22.0,21.0,3.0,0.0,0.0,55.51,有成交
69ac454e0000000026031715,我健身教练推荐的！,鲜水湾甄选,2026-03-07 23:33:34,图文笔记,未推广,2255,271.0,5.0,66.0,1.0,1.0,31.0,28.0,6.0,0.0,0.0,29.27,有成交
69ac3564000000001a035d5d,节后控体，真花不了几个钱，69够吃一周了,鲜水湾,2026-03-07 22:25:40,图文笔记,未推广,1716,96.0,2.0,0.0,0.0,0.0,50.0,47.0,8.0,0.0,0.0,0,无成交数据
69ac2c3c000000001a01e13f,2030大虾到底什么意思？不懂就先不要买,鲜水湾,2026-03-07 21:46:36,图文笔记,已推广,1695,128.0,4.0,77.0,1.0,1.0,22.0,20.0,1.0,0.0,0.0,45.43,有成交
69abf821000000001a033c09,区区58元，承包了我一周减脂的快乐,鲜水湾,2026-03-07 18:04:17,图文笔记,未推广,1742,103.0,11.0,154.0,2.0,2.0,45.0,36.0,8.0,0.0,0.0,88.4,有成交
69abf19e0000000022032f19,第一次对爬坡后吃快碳+蛋白起了敬意……,鲜水湾甄选,2026-03-07 17:36:30,图文笔记,已推广,1449,132.0,8.0,236.0,2.0,2.0,8.0,7.0,1.0,0.0,0.0,162.87,有成交
69abdddf000000002801e216,感谢网友推荐！年后控体真的太简单了,鲜水湾,2026-03-07 16:12:15,图文笔记,已推广,1389,149.0,8.0,0.0,0.0,0.0,23.0,21.0,4.0,0.0,0.0,0,无成交数据
69abdb6b000000000e00dc9a,控体谁还吃鸡胸肉啊，别2G网速了！！,婉婉上班吃什么,2026-03-07 16:01:47,图文笔记,未推广,1254,109.0,5.0,77.0,1.0,1.0,10.0,10.0,0.0,0.0,0.0,61.4,有成交
69ab845b000000002801fb2a,讲真…我家大虾在小红书上真找不到平替,鲜水湾,2026-03-07 09:50:19,图文笔记,未推广,1617,164.0,4.0,0.0,0.0,0.0,40.0,36.0,10.0,0.0,0.0,0,无成交数据
69aaef50000000000e00d86f,为啥还去超市买虾？网上买真的便宜又实惠！,鲜水湾,2026-03-06 23:14:24,图文笔记,已推广,4800,486.0,25.0,288.0,4.0,4.0,101.0,87.0,12.0,0.0,0.0,60.0,有成交
69aaca22000000000e03d2a2,晚上只吃虾会变瘦是真的,婉婉上班吃什么,2026-03-06 20:35:46,图文笔记,未推广,1492,275.0,4.0,0.0,0.0,0.0,17.0,15.0,4.0,0.0,0.0,0,无成交数据
69aabe5e000000000e00cd88,破防了…😭减脂期的姐妹一定要试试这个！！,鲜水湾,2026-03-06 19:45:34,图文笔记,未推广,1067,82.0,7.0,67.0,1.0,1.0,10.0,10.0,1.0,0.0,0.0,62.79,有成交
69a9695d000000000e03e9cb,和老爸商量后，加急定制独居人小包装,鲜水湾,2026-03-05 19:30:37,图文笔记,未推广,1030,34.0,11.0,196.0,2.0,2.0,11.0,10.0,1.0,0.0,0.0,190.29,有成交
69a951ca000000002801f02d,抱歉商超，找到大虾源头了,鲜水湾,2026-03-05 17:50:02,图文笔记,未推广,1125,37.0,3.0,0.0,0.0,0.0,11.0,9.0,0.0,0.0,0.0,0,无成交数据
69a940ca000000001a031ed2,不啰嗦了，60来块一大盒,鲜水湾,2026-03-05 16:37:30,图文笔记,未推广,2065,130.0,8.0,77.0,1.0,1.0,49.0,42.0,2.0,0.0,0.0,37.29,有成交
69a9313d000000002202051a,不啰嗦了，300来块一整条,鲜水湾甄选,2026-03-05 15:31:09,图文笔记,未推广,1674,131.0,5.0,0.0,0.0,0.0,23.0,21.0,7.0,0.0,0.0,0,无成交数据
69a92dbc000000001a037ae8,天塌了，不到70💰能囤一周的减脂餐,鲜水湾,2026-03-05 15:16:12,图文笔记,未推广,1708,127.0,1.0,67.0,1.0,1.0,28.0,26.0,2.0,0.0,0.0,39.23,有成交
69a9172c000000002603da23,300来块真的可以爽吃一个月三文鱼,鲜水湾甄选,2026-03-05 13:39:56,图文笔记,未推广,1181,81.0,5.0,0.0,0.0,0.0,12.0,11.0,3.0,0.0,0.0,0,无成交数据
69a913b0000000000e03e0f7,给害怕处理活虾的人一个买虾思路,鲜水湾,2026-03-05 13:25:04,图文笔记,未推广,5876,638.0,9.0,166.0,2.0,2.0,96.0,87.0,12.0,0.0,0.0,28.25,有成交
69a8fada000000001a01e106,带饭的尽头…真的是免加热,鲜水湾,2026-03-05 11:39:06,图文笔记,未推广,1106,160.0,1.0,0.0,0.0,0.0,10.0,10.0,1.0,0.0,0.0,0,无成交数据
69a8f445000000002801d57d,晚上只吃虾，掉秤巨稳,鲜水湾,2026-03-05 11:11:01,图文笔记,未推广,1468,242.0,6.0,0.0,0.0,0.0,16.0,15.0,0.0,0.0,0.0,0,无成交数据
69a8ec06000000002203217f,月薪3k也能实现三文鱼自由！减脂党闭眼冲,鲜水湾甄选,2026-03-05 10:35:50,图文笔记,未推广,1282,126.0,7.0,0.0,0.0,0.0,19.0,19.0,5.0,0.0,0.0,0,无成交数据
69a7e033000000002202f15e,上班带饭！我推荐这款8斤整条三文鱼,鲜水湾甄选,2026-03-04 15:33:07,图文笔记,未推广,1602,82.0,4.0,338.0,1.0,1.0,23.0,19.0,8.0,0.0,0.0,210.99,有成交
69a7da05000000001a02810a,自己赚钱后报复性吃虾吃到撑,鲜水湾,2026-03-04 15:06:45,图文笔记,已推广,1298,88.0,3.0,0.0,0.0,0.0,14.0,11.0,1.0,0.0,0.0,0,无成交数据
69a7bcb7000000001a02cded,办公室同事说我每天吃虾减脂很奢侈,鲜水湾,2026-03-04 13:01:43,图文笔记,未推广,3582,266.0,9.0,0.0,0.0,0.0,60.0,54.0,4.0,0.0,0.0,0,无成交数据
69a798ad000000000e03ca72,算了不劝了……69一盒已是底线,鲜水湾,2026-03-04 10:27:57,图文笔记,未推广,2005,100.0,3.0,158.0,1.0,1.0,25.0,25.0,6.0,0.0,0.0,78.8,有成交
69a78f0f00000000220334a8,一盒25r🔥日料店半成品爽吃,鲜水湾甄选,2026-03-04 09:46:55,图文笔记,未推广,1825,90.0,3.0,59.9,1.0,1.0,28.0,25.0,3.0,0.0,0.0,32.82,有成交
69a78b72000000002801c960,年后减脂计划，69块就能搞定一周,鲜水湾,2026-03-04 09:31:30,图文笔记,未推广,1104,80.0,3.0,0.0,0.0,0.0,21.0,14.0,1.0,0.0,0.0,0,无成交数据
69a6f10a000000002801ec20,节后控体真花不了多少钱，69 够吃一周了,鲜水湾,2026-03-03 22:32:42,图文笔记,未推广,1497,87.0,2.0,0.0,0.0,0.0,14.0,14.0,2.0,0.0,0.0,0,无成交数据
69a6e5f8000000001a024b5f,69一盒大虾怎么才能让减脂的姐妹看到,鲜水湾,2026-03-03 21:45:28,图文笔记,未推广,1634,52.0,2.0,0.0,0.0,0.0,20.0,17.0,3.0,0.0,0.0,0,无成交数据
69a6afc4000000001a0237ed,我也不想抢超市生意，可线下真买不到这价,鲜水湾,2026-03-03 17:54:12,图文笔记,已推广,2808,173.0,12.0,0.0,0.0,0.0,50.0,47.0,8.0,0.0,0.0,0,无成交数据
69a69f6c000000001a027b60,60来块够我吃一周的减脂餐的了,鲜水湾,2026-03-03 16:44:28,图文笔记,未推广,2785,175.0,4.0,312.0,4.0,4.0,49.0,43.0,5.0,0.0,0.0,112.03,有成交
69a5857b000000001a028bd1,听劝！控体人吃它准没错👍,鲜水湾,2026-03-02 20:41:31,图文笔记,未推广,1883,188.0,7.0,79.0,1.0,1.0,51.0,43.0,6.0,0.0,0.0,41.95,有成交
69a45b55000000002203a034,年后控体，我就这样吃！,小宅减脂餐,2026-03-01 23:29:26,图文笔记,未推广,1030,30.0,2.0,0.0,0.0,0.0,0.0,0.0,0.0,0.0,0.0,0,无成交数据
69a2a0c60000000026033610,大学生闭眼入！感受一下60块的购买力,鲜水湾甄选,2026-02-28 16:01:10,图文笔记,未推广,1086,95.0,2.0,0.0,0.0,0.0,3.0,3.0,0.0,0.0,0.0,0,无成交数据
69a29461000000002303bafd,这么来上一碗真是惬意🥹,鲜水湾甄选,2026-02-28 15:08:17,图文笔记,未推广,1281,120.0,2.0,0.0,0.0,0.0,4.0,3.0,1.0,0.0,0.0,0,无成交数据
69a25159000000001a01f71b,办公室同事说我每天吃虾仁减脂很奢侈！,鲜水湾,2026-02-28 10:22:17,图文笔记,未推广,1108,53.0,4.0,0.0,0.0,0.0,0.0,0.0,0.0,0.0,0.0,0,无成交数据
69a1b797000000001a029ab5,,鲜水湾,2026-02-27 23:26:15,图文笔记,未推广,1015,163.0,4.0,0.0,0.0,0.0,0.0,0.0,0.0,0.0,0.0,0,无成交数据
69a1b573000000001a0340c8,从此西餐厅别想赚我一分钱！,鲜水湾,2026-02-27 23:17:07,图文笔记,已推广,1813,198.0,5.0,0.0,0.0,0.0,5.0,5.0,0.0,0.0,0.0,0,无成交数据
69a1874b000000001a02fb68,爸妈总说我天天吃虾仁太奢侈,鲜水湾,2026-02-27 20:00:11,图文笔记,已推广,1180,63.0,5.0,0.0,0.0,0.0,5.0,5.0,1.0,0.0,0.0,0,无成交数据
69a14a91000000001a036d53,这是你的减脂餐，左边和右边，你会怎么选？,鲜水湾,2026-02-27 15:41:05,图文笔记,未推广,1618,204.0,6.0,0.0,0.0,0.0,0.0,0.0,0.0,0.0,0.0,0,无成交数据
69a145ef000000002602fa15,甜虾脑袋表示这一碗很满足！,鲜水湾甄选,2026-02-27 15:21:19,图文笔记,未推广,1208,128.0,5.0,0.0,0.0,0.0,1.0,1.0,0.0,0.0,0.0,0,无成交数据
69a133e4000000001a01c1a9,100元的购买力，真的让我目瞪口呆,鲜水湾,2026-02-27 14:04:20,图文笔记,未推广,19234,1978,20.0,672.0,4.0,4.0,258.0,245.0,37.0,368.0,1.0,34.94,有成交
69a11f1d000000001a036323,抗炎饮食21天！全靠三文鱼救我,鲜水湾,2026-02-27 12:35:41,图文笔记,未推广,5216,682.0,13.0,0.0,0.0,0.0,38.0,33.0,4.0,0.0,0.0,0,无成交数据
69a0149b000000001a02cdb4,发现年轻人真低估了100块的购买力...,鲜水湾,2026-02-26 17:38:35,图文笔记,已推广,1048,79.0,4.0,0.0,0.0,0.0,2.0,2.0,1.0,0.0,0.0,0,无成交数据
69a002e0000000000e00eeba,咱家乳山生蚝靠的就是实打实的品质～,婉婉上班吃什么,2026-02-26 16:22:56,图文笔记,已推广,2053,105.0,10.0,0.0,0.0,0.0,3.0,3.0,0.0,0.0,0.0,0,无成交数据
699ff98e000000002202f0d8,甜虾脑袋表示这一口很满足！,鲜水湾甄选,2026-02-26 15:43:10,图文笔记,未推广,3128,263.0,8.0,0.0,0.0,0.0,1.0,1.0,0.0,0.0,0.0,0,无成交数据
699ff03d000000001a02073e,不啰嗦了！！300来块一整条,鲜水湾,2026-02-26 15:03:25,图文笔记,已推广,1388,80.0,9.0,0.0,0.0,0.0,7.0,7.0,0.0,0.0,0.0,0,无成交数据
699fea210000000022023cfc,爱你老己！在家实现甜虾自由啦！🦐,鲜水湾甄选,2026-02-26 14:37:21,图文笔记,未推广,3314,256.0,4.0,0.0,0.0,0.0,1.0,1.0,0.0,0.0,0.0,0,无成交数据
699fe81c0000000028023446,不夸张！我家孕妇一直回购的乳山生蚝！巨解馋,婉婉上班吃什么,2026-02-26 14:28:44,图文笔记,已推广,11088,1783,12.0,379.6,4.0,4.0,98.0,88.0,8.0,59.9,1.0,34.24,有成交
699fd8ca000000002303929a,老吃家才懂得快乐！寿司甜虾太好吃啦,鲜水湾甄选,2026-02-26 13:23:22,图文笔记,未推广,1623,130.0,8.0,0.0,0.0,0.0,1.0,1.0,0.0,0.0,0.0,0,无成交数据
699fb39f0000000028020ca2,控体期提前结束！大功臣是海捕大虾！🎉,鲜水湾,2026-02-26 10:44:47,图文笔记,已推广,1177,54.0,0.0,79.0,1.0,1.0,0.0,0.0,0.0,0.0,0.0,67.12,有成交
699fa53f000000000e00c7f9,管理期快乐主食，热量比鸡胸肉还低！！,鲜水湾,2026-02-26 09:43:27,图文笔记,已推广,1219,66.0,2.0,0.0,0.0,0.0,0.0,0.0,0.0,0.0,0.0,0,无成交数据
699ec98d000000001a01ed96,蛋白质健身教练推荐我吃三文鱼排,鲜水湾,2026-02-25 18:06:05,图文笔记,已推广,1718,147.0,3.0,0.0,0.0,0.0,4.0,3.0,2.0,0.0,0.0,0,无成交数据
699ec416000000001a03214d,第一次直观感受到 70 块钱的威力,鲜水湾,2026-02-25 17:42:46,图文笔记,未推广,1505,107.0,2.0,0.0,0.0,0.0,0.0,0.0,0.0,0.0,0.0,0,无成交数据
699eb76a000000001a01d105,干干净净的大虾，年后控体又稳了👍🏻,鲜水湾,2026-02-25 16:48:42,图文笔记,未推广,1148,72.0,0.0,0.0,0.0,0.0,0.0,0.0,0.0,0.0,0.0,0,无成交数据
699ea1ef000000002303af25,发现一个初春食欲稳定的方法,鲜水湾甄选,2026-02-25 15:17:03,图文笔记,未推广,1156,95.0,3.0,0.0,0.0,0.0,0.0,0.0,0.0,0.0,0.0,0,无成交数据
699e9161000000001a02a851,热量比鸡胸肉还低，年后控体就吃它！,鲜水湾,2026-02-25 14:06:25,图文笔记,未推广,1372,93.0,8.0,0.0,0.0,0.0,1.0,1.0,0.0,0.0,0.0,0,无成交数据
699e52ff000000000d00b62c,适合年后打工人的干净碳水出现了,鲜水湾,2026-02-25 09:40:15,图文笔记,未推广,1471,172.0,3.0,0.0,0.0,0.0,2.0,1.0,0.0,0.0,0.0,0,无成交数据
699e4b9e000000002603e3ac,适合年后打工人的干净碳水出现了,鲜水湾甄选,2026-02-25 09:08:46,图文笔记,未推广,1299,75.0,3.0,0.0,0.0,0.0,0.0,0.0,0.0,0.0,0.0,0,无成交数据
699d6e4f000000000e03c29c,果然是超市买不到的口感！！,鲜水湾,2026-02-24 17:24:31,图文笔记,已推广,1316,72.0,4.0,0.0,0.0,0.0,0.0,0.0,0.0,0.0,0.0,0,无成交数据
699d4f80000000000b0134d4,年前买北极甜虾的！年后都来回购了🤤,鲜水湾甄选,2026-02-24 15:13:04,图文笔记,未推广,1510,114.0,6.0,0.0,0.0,0.0,4.0,4.0,0.0,0.0,0.0,0,无成交数据
699d3bed000000000e03d6a7,继续回购，区区69就搞定一周减脂餐～,鲜水湾,2026-02-24 13:49:33,图文笔记,未推广,1958,92.0,3.0,0.0,0.0,0.0,0.0,0.0,0.0,0.0,0.0,0,无成交数据
699d3854000000001a02580e,年后减脂真不多，区区69块够吃一周了!,鲜水湾,2026-02-24 13:34:12,图文笔记,未推广,3697,282.0,12.0,0.0,0.0,0.0,0.0,0.0,0.0,0.0,0.0,0,无成交数据
699bc609000000002801c462,你以为我想吃吗？可它69承包我一周减脂餐🤩,鲜水湾,2026-02-23 11:14:17,图文笔记,未推广,5986,439.0,41.0,0.0,0.0,0.0,31.0,25.0,2.0,0.0,0.0,0,无成交数据
69998adb000000001a0298c7,冬天上班就这么吃，裤子都穿不住了,鲜水湾,2026-02-21 18:37:15,图文笔记,已推广,2847,236.0,6.0,0.0,0.0,0.0,1.0,1.0,0.0,0.0,0.0,0,无成交数据
69983f10000000001a02347b,区区69块，承包了我一周减脂的快乐,鲜水湾,2026-02-20 19:01:36,图文笔记,未推广,1762,97.0,3.0,0.0,0.0,0.0,1.0,1.0,0.0,0.0,0.0,0,无成交数据
69903b7a000000000e00eba9,以为60来块没多少，结果够我吃一周的了,鲜水湾,2026-02-14 17:08:10,图文笔记,已推广,3269,340.0,6.0,0.0,0.0,0.0,21.0,19.0,3.0,0.0,0.0,0,无成交数据
698ebc83000000000e00cad5,青岛发过来的！被爸妈夸了一整天,鲜水湾,2026-02-13 13:54:11,图文笔记,已推广,1427,101.0,6.0,0.0,0.0,0.0,1.0,1.0,0.0,0.0,0.0,0,无成交数据
698d82ab000000000e03ffb3,算了不劝了！300多顺丰包邮最后1天,鲜水湾,2026-02-12 15:35:07,图文笔记,已推广,1221,46.0,8.0,378.0,1.0,1.0,5.0,2.0,0.0,0.0,0.0,309.58,有成交
698c4a7f000000001a0245b9,这个整条三文鱼还是太超前了,鲜水湾,2026-02-11 17:23:11,图文笔记,已推广,1473,76.0,5.0,0.0,0.0,0.0,0.0,0.0,0.0,0.0,0.0,0,无成交数据
698c1bf10000000028009f39,过度补甲=3倍⬇️秤,鲜水湾,2026-02-11 14:04:33,图文笔记,未推广,1591,120.0,3.0,0.0,0.0,0.0,2.0,2.0,0.0,0.0,0.0,0,无成交数据
698bee7a000000002801ec1a,威海文旅你到是抓紧宣传啊！已经口感巅峰期,婉婉上班吃什么,2026-02-11 10:50:34,图文笔记,已推广,2134,134.0,6.0,0.0,0.0,0.0,2.0,1.0,0.0,0.0,0.0,0,无成交数据
698be84b000000001a037a18,不愧是村驴老师认证过的茄汁大虾！好好吃🤤,鲜水湾,2026-02-11 10:24:11,图文笔记,未推广,1760,80.0,3.0,0.0,0.0,0.0,0.0,0.0,0.0,0.0,0.0,0,无成交数据
698b3b1d000000000a03221b,立马回购6箱，家附近超市的再也看不上了,鲜水湾甄选,2026-02-10 22:05:17,图文笔记,已推广,1963,148.0,2.0,0.0,0.0,0.0,0.0,0.0,0.0,0.0,0.0,0,无成交数据
698afed0000000001a02598b,区区69/盒，承包我半个月减脂餐了,鲜水湾,2026-02-10 17:48:00,图文笔记,未推广,1427,70.0,1.0,0.0,0.0,0.0,1.0,1.0,0.0,0.0,0.0,0,无成交数据
698af796000000000e00e89c,威海发过来的！被爸妈夸了一整天！,鲜水湾,2026-02-10 17:17:10,图文笔记,已推广,2292,152.0,6.0,0.0,0.0,0.0,10.0,9.0,1.0,0.0,0.0,0,无成交数据
698ae7930000000028022c8a,立马回购6箱，家附近超市的再也看不上了,鲜水湾,2026-02-10 16:08:51,图文笔记,已推广,2379,192.0,5.0,77.0,1.0,1.0,11.0,8.0,2.0,0.0,0.0,32.37,有成交
698ae027000000000e03cef2,才69一盒？还发顺丰！很难不买单,鲜水湾,2026-02-10 15:37:11,图文笔记,未推广,15389,2237,18.0,69.0,1.0,1.0,235.0,214.0,10.0,0.0,0.0,4.48,有成交
698aa5f5000000000903b245,给孩子买了一整条三文鱼补营养！,鲜水湾甄选,2026-02-10 11:28:53,图文笔记,已推广,3484,451.0,4.0,68.0,1.0,1.0,21.0,20.0,1.0,0.0,0.0,19.52,有成交
698a9b64000000001a02c083,买了一整条三文鱼回家过年🧨,鲜水湾,2026-02-10 10:43:48,图文笔记,已推广,1520,216.0,6.0,0.0,0.0,0.0,4.0,3.0,1.0,0.0,0.0,0,无成交数据
69896f05000000002800accd,马上过年了来一箱生蚝全家一起吃,婉婉上班吃什么,2026-02-09 13:22:13,视频笔记,已推广,1277,342.0,9.0,0.0,0.0,0.0,2.0,2.0,0.0,0.0,0.0,0,无成交数据
69895362000000000b009467,不要低估了 300 来块的购买力，能买八九斤……,鲜水湾甄选,2026-02-09 11:24:18,图文笔记,未推广,1678,100.0,5.0,66.0,1.0,1.0,2.0,2.0,0.0,0.0,0.0,39.33,有成交
698937ad000000000b009bb0,青岛发过来的，被爸妈夸了一整天,鲜水湾甄选,2026-02-09 09:26:06,图文笔记,已推广,2561,225.0,4.0,0.0,0.0,0.0,3.0,3.0,0.0,0.0,0.0,0,无成交数据
69870401000000000e00c0fc,从青岛发过来的！被爸妈夸了一整天,鲜水湾,2026-02-07 17:21:05,图文笔记,已推广,8424,1154,6.0,283.0,4.0,4.0,134.0,110.0,6.0,0.0,0.0,33.59,有成交
6986f477000000002800b5b6,青岛🚗整条三文鱼礼盒已经 next level,鲜水湾,2026-02-07 16:14:47,图文笔记,已推广,2262,139.0,8.0,116.0,1.0,1.0,9.0,9.0,1.0,0.0,0.0,51.28,有成交
6986eb28000000000e03edae,买了整条三文鱼回家过年🧧,鲜水湾,2026-02-07 15:35:04,图文笔记,已推广,1252,84.0,5.0,0.0,0.0,0.0,0.0,0.0,0.0,0.0,0.0,0,无成交数据
6986e48e000000001a0353d7,刚刚300块，承包了我一个月的减脂餐,鲜水湾,2026-02-07 15:06:54,图文笔记,未推广,1453,61.0,7.0,0.0,0.0,0.0,2.0,2.0,0.0,0.0,0.0,0,无成交数据
6986df320000000028009681,青岛发过来的，被爸妈夸了一整天,鲜水湾,2026-02-07 14:44:02,图文笔记,已推广,2778,244.0,4.0,0.0,0.0,0.0,1.0,1.0,0.0,0.0,0.0,0,无成交数据
6986d826000000001a024ae7,整条三文鱼礼盒，年货送礼首选！,鲜水湾,2026-02-07 14:13:58,图文笔记,已推广,1146,58.0,7.0,0.0,0.0,0.0,0.0,0.0,0.0,0.0,0.0,0,无成交数据
69855157000000002801dd97,三文鱼算白肉还是红肉呀？,鲜水湾,2026-02-06 10:26:31,图文笔记,未推广,1922,424.0,2.0,0.0,0.0,0.0,0.0,0.0,0.0,0.0,0.0,0,无成交数据
69830046000000002802359e,5分钟搞定!香煎三文鱼0失败教程,鲜水湾,2026-02-04 16:16:06,图文笔记,已推广,2789,261.0,15.0,0.0,0.0,0.0,3.0,2.0,0.0,0.0,0.0,0,无成交数据
6982f73e000000001a01e246,过年就靠这个油焖大虾来惊讶小朋友啦～,鲜水湾,2026-02-04 15:37:34,图文笔记,未推广,1935,112.0,7.0,0.0,0.0,0.0,0.0,0.0,0.0,0.0,0.0,0,无成交数据
6982e399000000001a02dbc6,以为69没多少，但一盒够我吃一周的了🫢,鲜水湾,2026-02-04 14:13:45,图文笔记,已推广,1668,107.0,5.0,69.0,1.0,1.0,5.0,5.0,0.0,0.0,0.0,41.37,有成交
6982b7ba000000001a01cbd7,买了整条三文鱼回家，被我妈夸了☺️,鲜水湾,2026-02-04 11:06:34,图文笔记,已推广,2695,249.0,9.0,0.0,0.0,0.0,7.0,5.0,1.0,0.0,0.0,0,无成交数据
6982a4ac000000000a033c8c,还有多少南方宝宝没吃过这个北极甜虾,鲜水湾甄选,2026-02-04 09:45:16,视频笔记,未推广,2200,532.0,10.0,0.0,0.0,0.0,3.0,3.0,0.0,0.0,0.0,0,无成交数据
698197600000000028021a81,新年送礼被问爆！整条三文鱼礼盒太有面了,鲜水湾,2026-02-03 14:36:16,图文笔记,已推广,1610,181.0,6.0,0.0,0.0,0.0,2.0,1.0,0.0,0.0,0.0,0,无成交数据
6980b960000000000d0083dd,过年送礼就买整条三文鱼！,鲜水湾,2026-02-02 22:49:04,图文笔记,已推广,2785,230.0,6.0,0.0,0.0,0.0,3.0,2.0,0.0,0.0,0.0,0,无成交数据
69806aed000000000a0282c5,100+可以买到这种品质的北极甜虾吗,鲜水湾甄选,2026-02-02 17:14:21,视频笔记,未推广,2276,438.0,10.0,0.0,0.0,0.0,0.0,0.0,0.0,0.0,0.0,0,无成交数据
6980641a000000000c034ea0,成功代替车厘子在我心中的地位……,鲜水湾甄选,2026-02-02 16:45:14,图文笔记,未推广,1872,133.0,1.0,0.0,0.0,0.0,0.0,0.0,0.0,0.0,0.0,0,无成交数据
69801642000000000c037ccf,100来块实现头籽甜虾自由！,鲜水湾甄选,2026-02-02 11:13:06,图文笔记,未推广,1884,201.0,1.0,0.0,0.0,0.0,0.0,0.0,0.0,0.0,0.0,0,无成交数据
697f0ed9000000000e00cb1d,我妈：过年你就69💰三斤这样卖，别涨价！,鲜水湾,2026-02-01 16:29:13,图文笔记,已推广,1267,81.0,3.0,0.0,0.0,0.0,0.0,0.0,0.0,0.0,0.0,0,无成交数据
697eae4d000000001a02fc41,以为69元没多少，结果够我吃一周的了,鲜水湾,2026-02-01 09:37:17,图文笔记,已推广,1049,99.0,4.0,0.0,0.0,0.0,0.0,0.0,0.0,0.0,0.0,0,无成交数据
697d850e000000001a029a04,其实，300块能吃一个月的三文鱼🫢,鲜水湾,2026-01-31 12:29:02,图文笔记,未推广,1499,114.0,2.0,0.0,0.0,0.0,4.0,4.0,0.0,0.0,0.0,0,无成交数据
697c62c2000000000a02a1c5,冬天限定！再过几天就没有头籽甜虾了,鲜水湾甄选,2026-01-30 15:50:27,视频笔记,未推广,2130,500.0,8.0,0.0,0.0,0.0,0.0,0.0,0.0,0.0,0.0,0,无成交数据
697c460f000000000a02c1c6,一个月回购3次，这冰虾口感真的赢麻了！,鲜水湾甄选,2026-01-30 13:47:59,图文笔记,未推广,1616,155.0,5.0,474.0,2.0,1.0,4.0,4.0,1.0,0.0,0.0,293.32,有成交
697b140a000000002801f272,买不到好的生蚝就来找我！包肥的,鲜水湾,2026-01-29 16:02:18,图文笔记,已推广,3731,306.0,8.0,59.9,1.0,1.0,12.0,10.0,3.0,0.0,0.0,16.05,有成交
697a0a1d000000000b00a2b0,一代人有一代人的年货要买！,鲜水湾甄选,2026-01-28 21:07:41,图文笔记,未推广,3088,382.0,8.0,0.0,0.0,0.0,2.0,2.0,0.0,0.0,0.0,0,无成交数据
69784b08000000002801e2f2,和老爸商量了，69发3斤还顺丰包邮,鲜水湾,2026-01-27 13:20:08,图文笔记,已推广,1744,86.0,2.0,0.0,0.0,0.0,0.0,0.0,0.0,0.0,0.0,0,无成交数据
69783035000000000e03e32f,马上过年了，都来囤我家大虾了,鲜水湾,2026-01-27 11:25:41,图文笔记,已推广,1344,161.0,3.0,0.0,0.0,0.0,2.0,1.0,0.0,0.0,0.0,0,无成交数据
69782235000000001a0213f9,千万别买……我怕过年亲戚都来找你要链接,鲜水湾,2026-01-27 10:25:57,图文笔记,已推广,2020,115.0,4.0,0.0,0.0,0.0,0.0,0.0,0.0,0.0,0.0,0,无成交数据
697817a7000000000d0088a5,69💰3斤还发顺丰！很难不买单,鲜水湾,2026-01-27 09:40:55,图文笔记,已推广,1049,84.0,3.0,0.0,0.0,0.0,0.0,0.0,0.0,0.0,0.0,0,无成交数据
69770c77000000001a01cb2f,终于找到性价比天花板！这三文鱼比⛰️姆划算,鲜水湾,2026-01-26 14:40:55,图文笔记,已推广,1044,67.0,4.0,0.0,0.0,0.0,2.0,2.0,0.0,0.0,0.0,0,无成交数据
69742df6000000002800b39a,天冷了，乳山生蚝一下子全肥了不可控…,鲜水湾,2026-01-24 10:27:02,图文笔记,已推广,1372,157.0,7.0,0.0,0.0,0.0,4.0,4.0,0.0,0.0,0.0,0,无成交数据
69733ba5000000000b012ea6,我妈：你就卖点好的，贵点没关系,鲜水湾甄选,2026-01-23 17:13:09,图文笔记,未推广,12081,1992,19.0,469.0,3.0,3.0,76.0,69.0,9.0,157.0,1.0,38.82,有成交
6971eb71000000001a02cb37,冬天的生蚝最肥了，40来块就能买到5斤生蚝,婉婉上班吃什么,2026-01-22 17:18:41,视频笔记,已推广,1088,259.0,7.0,0.0,0.0,0.0,0.0,0.0,0.0,0.0,0.0,0,无成交数据
696f47ec000000001a0210c5,重新定义10多块钱的购买力！,婉婉上班吃什么,2026-01-20 17:16:28,视频笔记,已推广,3810,806.0,17.0,0.0,0.0,0.0,1.0,1.0,0.0,0.0,0.0,0,无成交数据
696d934e000000000c03739d,小月龄宝宝也可以放心吃的甜虾,鲜水湾甄选,2026-01-19 15:23:00,视频笔记,未推广,4771,2039,21.0,0.0,0.0,0.0,12.0,12.0,0.0,0.0,0.0,0,无成交数据
696d9286000000000a02ae67,快递半个月就停运了😭错过只能明年再吃了,鲜水湾甄选,2026-01-19 12:10:03,视频笔记,未推广,2050,885.0,8.0,0.0,0.0,0.0,2.0,2.0,0.0,0.0,0.0,0,无成交数据
696d8f8c000000000b008465,孕妈妈可以放心吃的野生深海虾🦐,鲜水湾甄选,2026-01-19 09:57:32,视频笔记,未推广,2685,772.0,8.0,0.0,0.0,0.0,12.0,8.0,3.0,0.0,0.0,0,无成交数据
696d8eb3000000000c035e5e,头籽北极甜虾你真的会吃吗？,鲜水湾甄选,2026-01-19 09:53:55,视频笔记,未推广,3875,1663,21.0,316.0,2.0,2.0,43.0,37.0,6.0,0.0,0.0,81.55,有成交
696b31e6000000001a0368ed,爱你老己 又给老己买到好吃的大生蚝了🥹,婉婉上班吃什么,2026-01-17 14:53:26,视频笔记,已推广,1427,427.0,7.0,0.0,0.0,0.0,0.0,0.0,0.0,0.0,0.0,0,无成交数据
696a474d000000001a02c985,这乳山生蚝49.9一箱光是口感就赢麻了,婉婉上班吃什么,2026-01-16 22:12:29,视频笔记,已推广,1428,507.0,8.0,0.0,0.0,0.0,4.0,4.0,0.0,0.0,0.0,0,无成交数据
6969f715000000000b00baef,99%的南方人都没吃过的北极甜虾你吃过吗,鲜水湾甄选,2026-01-16 16:30:13,视频笔记,未推广,6156,3864,43.0,0.0,0.0,0.0,19.0,17.0,2.0,0.0,0.0,0,无成交数据
69699d9a000000001a01c003,老爸：你就49.9五斤总会出单的,婉婉上班吃什么,2026-01-16 10:08:26,视频笔记,已推广,1577,598.0,7.0,0.0,0.0,0.0,2.0,2.0,0.0,0.0,0.0,0,无成交数据
6968b1ae000000000e03ffe8,不愧是山东网友推荐的🥹好好吃,婉婉上班吃什么,2026-01-15 17:21:50,视频笔记,已推广,1930,366.0,6.0,0.0,0.0,0.0,1.0,1.0,0.0,0.0,0.0,0,无成交数据
6965fec9000000001a02b1ff,唯一缺点：每年冬天才能吃到巅峰状态！,婉婉上班吃什么,2026-01-13 16:14:01,视频笔记,已推广,1642,447.0,9.0,0.0,0.0,0.0,3.0,3.0,0.0,0.0,0.0,0,无成交数据
69609677000000001a023d13,40+一箱的乳山生蚝太鲜了，好好吃🤤,婉婉上班吃什么,2026-01-09 13:47:35,视频笔记,已推广,2209,473.0,10.0,0.0,0.0,0.0,0.0,0.0,0.0,0.0,0.0,0,无成交数据
6958d1f4000000001f005398,真心建议男人过了30，多吃生蚝🦪,鲜水湾,2026-01-03 16:23:16,图文笔记,已推广,4270,572.0,13.0,0.0,0.0,0.0,15.0,15.0,0.0,0.0,0.0,0,无成交数据
6953c1ef000000001f00d45c,买回来的生蚝你就这样做，巨好吃😋,婉婉上班吃什么,2025-12-30 20:13:36,视频笔记,已推广,10963,4908,82.0,0.0,0.0,0.0,24.0,22.0,0.0,0.0,0.0,0,无成交数据
69524c4b000000001e030320,我妈：你就卖49.9五斤，保准能卖出去,鲜水湾,2025-12-29 17:39:23,图文笔记,已推广,1725,140.0,9.0,0.0,0.0,0.0,1.0,1.0,0.0,0.0,0.0,0,无成交数据
69520efc000000001e0373ae,感谢小红书🙏让乳山生蚝卖到了广东,鲜水湾,2025-12-29 13:17:48,图文笔记,已推广,6912,508.0,7.0,0.0,0.0,0.0,5.0,5.0,0.0,0.0,0.0,0,无成交数据
6951220e000000001e02bad7,山东朋友认证的‼️巨好吃～,鲜水湾,2025-12-28 20:26:54,图文笔记,已推广,1688,68.0,5.0,0.0,0.0,0.0,0.0,0.0,0.0,0.0,0.0,0,无成交数据
6950fd77000000001e006b0f,40+一箱的乳山生蚝，真的太好吃了,婉婉上班吃什么,2025-12-28 18:50:46,视频笔记,已推广,3040,591.0,17.0,0.0,0.0,0.0,0.0,0.0,0.0,0.0,0.0,0,无成交数据
6950f5fb000000001e029ca8,生蚝蒸完没开口是坏了吗？,鲜水湾,2025-12-28 17:18:51,图文笔记,已推广,6449,1356,11.0,0.0,0.0,0.0,6.0,6.0,0.0,0.0,0.0,0,无成交数据
6950de41000000001f00f0a5,山东连续大雪❄️，一下子全肥了,鲜水湾,2025-12-28 15:37:37,图文笔记,已推广,1462,136.0,7.0,0.0,0.0,0.0,0.0,0.0,0.0,0.0,0.0,0,无成交数据
69509b7b000000001e0242ce,建议男人过了40多吃生蚝，40+一箱的生蚝真肥,婉婉上班吃什么,2025-12-28 10:52:43,图文笔记,已推广,17016,2544,24.0,49.9,1.0,1.0,51.0,48.0,4.0,0.0,0.0,2.93,有成交
694df88b000000001e0268bb,男朋友过了30岁一定要狠狠吃生蚝🦪,鲜水湾,2025-12-26 10:52:59,图文笔记,已推广,4227,697.0,6.0,0.0,0.0,0.0,23.0,21.0,4.0,0.0,0.0,0,无成交数据
694c99e0000000001f00e958,男朋友过了30，一定要多吃这个乳山生蚝,婉婉上班吃什么,2025-12-25 09:56:48,图文笔记,已推广,3373,381.0,7.0,0.0,0.0,0.0,1.0,1.0,0.0,0.0,0.0,0,无成交数据
694b5431000000001e00acd4,40多的乳山生蚝太肥了！好好吃啊,婉婉上班吃什么,2025-12-24 10:47:13,视频笔记,已推广,22405,5772,55.0,0.0,0.0,0.0,13.0,13.0,3.0,0.0,0.0,0,无成交数据
694aad5f000000001f0085bc,孕妈妈放心炫的虾！鲜到跳脚还补钙,鲜水湾,2025-12-23 22:55:27,图文笔记,已推广,3911,536.0,5.0,0.0,0.0,0.0,36.0,32.0,1.0,0.0,0.0,0,无成交数据
694a6f62000000001e003acc,我也不想买啊，关键40多的乳山生蚝太鲜了,婉婉上班吃什么,2025-12-23 18:30:58,视频笔记,已推广,2200,707.0,6.0,0.0,0.0,0.0,1.0,1.0,0.0,0.0,0.0,0,无成交数据
694a3970000000001e024667,不愧是山东出品！生蚝都和馒头一样大,鲜水湾,2025-12-23 14:40:48,图文笔记,已推广,2420,144.0,6.0,0.0,0.0,0.0,0.0,0.0,0.0,0.0,0.0,0,无成交数据
69491155000000001e0213ee,真心建议控体期的姐妹试试这个大虾,鲜水湾,2025-12-22 17:37:25,图文笔记,已推广,1455,127.0,4.0,0.0,0.0,0.0,0.0,0.0,0.0,0.0,0.0,0,无成交数据
6948f647000000001e02af55,刚下完大雪，生蚝一下子全肥了，不可控……,鲜水湾,2025-12-22 15:41:59,图文笔记,已推广,4301,421.0,8.0,0.0,0.0,0.0,3.0,3.0,1.0,0.0,0.0,0,无成交数据
69479860000000001f006d2a,替大家试过了49.9💰五斤的生蚝是真的肥,鲜水湾,2025-12-21 14:49:04,图文笔记,已推广,5029,404.0,9.0,0.0,0.0,0.0,4.0,3.0,0.0,0.0,0.0,0,无成交数据
6946beeb000000001e026e07,太适合懒人减脂餐了,鲜水湾,2025-12-20 23:21:15,图文笔记,未推广,1523,127.0,4.0,0.0,0.0,0.0,0.0,0.0,0.0,0.0,0.0,0,无成交数据
69456f51000000001f006a7b,其实，300块能吃一个月的三文鱼😎,鲜水湾,2025-12-19 23:29:21,图文笔记,已推广,251684,25295,330.0,19690.600000000002,134.0,133.0,4472.0,3977.0,812.0,2248.0,12.0,78.24,有成交
69452411000000000d03daad,我q。。男朋友吃完瞬间有劲了。。,婉婉上班吃什么,2025-12-19 18:08:17,视频笔记,未推广,3019,660.0,12.0,0.0,0.0,0.0,3.0,2.0,0.0,0.0,0.0,0,无成交数据
6943d39b000000000d034d4f,建议冬至后狠狠吃生蚝，40+一箱的生蚝真肥,婉婉上班吃什么,2025-12-18 18:12:43,视频笔记,已推广,3857,1057,12.0,0.0,0.0,0.0,1.0,1.0,0.0,0.0,0.0,0,无成交数据
694396c2000000001e039870,三文鱼要好吃，煎鱼基础，鱼搭子就不基础,鲜水湾,2025-12-18 13:53:06,图文笔记,已推广,1959,217.0,9.0,0.0,0.0,0.0,4.0,3.0,1.0,0.0,0.0,0,无成交数据
6942b246000000001f006aec,我爸：大虾你就25一斤卖总会出单的,鲜水湾,2025-12-17 21:38:14,图文笔记,已推广,2237,155.0,7.0,0.0,0.0,0.0,1.0,1.0,0.0,0.0,0.0,0,无成交数据
6942ae0f000000001e03583f,跟爸妈商量后，决定推出整条三文鱼100单免邮,鲜水湾,2025-12-17 21:20:15,图文笔记,已推广,1788,162.0,4.0,0.0,0.0,0.0,2.0,1.0,0.0,0.0,0.0,0,无成交数据
69426d29000000000d038b04,这样蒸的生蚝个头又大又肥美~,婉婉上班吃什么,2025-12-17 16:43:21,视频笔记,未推广,119904,20525,477.0,0.0,0.0,0.0,0.0,0.0,0.0,0.0,0.0,0,无成交数据
69425740000000001e022327,孕妈妈为什么要吃生蚝？🦪,婉婉上班吃什么,2025-12-17 16:10:02,图文笔记,未推广,5449,918.0,3.0,0.0,0.0,0.0,0.0,0.0,0.0,0.0,0.0,0,无成交数据
6942543a000000001f00d14c,准爸爸吃完这一口又幸福了,婉婉上班吃什么,2025-12-17 14:56:58,视频笔记,已推广,11971,2032,35.0,0.0,0.0,0.0,19.0,18.0,4.0,0.0,0.0,0,无成交数据
69415ddb000000001e034d33,厨房小白看这里！0失败的香煎三文鱼教程✅,鲜水湾,2025-12-16 21:25:47,图文笔记,已推广,1336,167.0,9.0,0.0,0.0,0.0,6.0,5.0,3.0,0.0,0.0,0,无成交数据
6940ef3c000000001e02c2f8,山东大生蚝肥了！49.9五斤顺丰包邮到家,婉婉上班吃什么,2025-12-16 13:33:48,视频笔记,已推广,12003,1968,25.0,0.0,0.0,0.0,5.0,5.0,0.0,0.0,0.0,0,无成交数据
694024d0000000001f005c0c,买虾不迷路🦐孕妇宝宝都适合吃的大虾,鲜水湾,2025-12-15 23:10:08,图文笔记,已推广,2487,155.0,5.0,0.0,0.0,0.0,8.0,8.0,1.0,0.0,0.0,0,无成交数据
693fbc0f000000001e0388c5,一定要尝尝这个49.9r五斤的乳山生蚝！,婉婉上班吃什么,2025-12-15 15:43:11,视频笔记,已推广,1204,286.0,8.0,0.0,0.0,0.0,0.0,0.0,0.0,0.0,0.0,0,无成交数据
693fa285000000001e03035c,减脂期姐妹推荐的，真有用,鲜水湾,2025-12-15 13:54:13,图文笔记,未推广,2736,206.0,8.0,0.0,0.0,0.0,0.0,0.0,0.0,0.0,0.0,0,无成交数据
693f7f41000000001e026e27,山东朋友推荐的，好好吃🥺忍不住……,鲜水湾,2025-12-15 11:23:45,图文笔记,已推广,5658,497.0,14.0,0.0,0.0,0.0,2.0,1.0,0.0,0.0,0.0,0,无成交数据
693ec388000000001e02f0d0,感谢小红书‼️让我实现三文鱼自由,鲜水湾,2025-12-14 22:02:49,图文笔记,未推广,2044,195.0,2.0,0.0,0.0,0.0,2.0,2.0,0.0,0.0,0.0,0,无成交数据
693e0ff8000000001f008447,已瘦30斤｜吃的简单真的会掉秤🫢,鲜水湾,2025-12-14 09:16:40,图文笔记,未推广,2671,253.0,5.0,0.0,0.0,0.0,0.0,0.0,0.0,0.0,0.0,0,无成交数据
693d3be4000000001e0339c1,我妈让我通知各位：23一斤的大虾真的可以冲,鲜水湾,2025-12-13 18:11:48,图文笔记,未推广,4142,434.0,10.0,0.0,0.0,0.0,5.0,5.0,0.0,0.0,0.0,0,无成交数据
693cce7e000000001e03b55b,建议12月狠狠吃生蚝，40+一箱的生蚝真好吃,婉婉上班吃什么,2025-12-13 10:25:02,视频笔记,已推广,3472,725.0,13.0,0.0,0.0,0.0,2.0,2.0,0.0,0.0,0.0,0,无成交数据
693c089e000000001f00b833,要不是吃虾瘦的快，我早就不吃了！,鲜水湾,2025-12-12 20:20:46,图文笔记,未推广,1306,74.0,6.0,0.0,0.0,0.0,0.0,0.0,0.0,0.0,0.0,0,无成交数据
693bd331000000001e022bdc,我妈：你就23一斤卖总会出单的,鲜水湾,2025-12-12 16:32:49,图文笔记,已推广,5951,526.0,16.0,0.0,0.0,0.0,0.0,0.0,0.0,0.0,0.0,0,无成交数据
693bcf26000000001e0313a0,不要低估40多的购买力，敞开吃吧……,婉婉上班吃什么,2025-12-12 16:15:34,视频笔记,已推广,3448,1120,11.0,0.0,0.0,0.0,1.0,1.0,0.0,0.0,0.0,0,无成交数据
693b8490000000001d03ae47,这么大的生蚝你能吃几个？,婉婉上班吃什么,2025-12-12 10:57:20,视频笔记,未推广,11685,2044,29.0,0.0,0.0,0.0,0.0,0.0,0.0,0.0,0.0,0,无成交数据
693ad1d4000000001e02025e,不愧是健身教练推荐的！抗炎神器,鲜水湾,2025-12-11 22:14:44,图文笔记,未推广,4080,196.0,6.0,179.0,2.0,2.0,9.0,8.0,1.0,61.0,1.0,43.87,有成交
693a99d5000000001b0315a2,没招了，我爸让我在网上卖生蚝，谁买啊🥲,婉婉上班吃什么,2025-12-11 18:15:49,视频笔记,未推广,89608,12114,242.0,0.0,0.0,0.0,0.0,0.0,0.0,0.0,0.0,0,无成交数据
693a66ed000000001f00934c,卧卧卧！！感觉以前的生蚝都白吃了。。。,婉婉上班吃什么,2025-12-11 14:38:37,视频笔记,未推广,4048,619.0,4.0,0.0,0.0,0.0,0.0,0.0,0.0,0.0,0.0,0,无成交数据
693a3eff000000001d03cdbe,建议十二月狠狠吃生蚝，40+一箱的生蚝真嫩~,婉婉上班吃什么,2025-12-11 11:48:15,视频笔记,已推广,10010,1597,32.0,79.9,1.0,1.0,10.0,7.0,1.0,0.0,0.0,7.98,有成交
693a3286000000001f004188,被差评了😭建议吃生蚝之前看下详情,鲜水湾,2025-12-11 10:55:02,图文笔记,已推广,2378,344.0,6.0,0.0,0.0,0.0,4.0,4.0,0.0,0.0,0.0,0,无成交数据
693a2988000000001e0221ba,我爸让我赶紧宣传一下40多一箱了！包活包肥,婉婉上班吃什么,2025-12-11 10:16:40,视频笔记,已推广,5640,1111,19.0,0.0,0.0,0.0,0.0,0.0,0.0,0.0,0.0,0,无成交数据
693a2228000000001f00855d,山东人最真严啊！这么好吃的生蚝不早说,婉婉上班吃什么,2025-12-11 20:01:44,视频笔记,未推广,1533,352.0,8.0,0.0,0.0,0.0,0.0,0.0,0.0,0.0,0.0,0,无成交数据
69397713000000001e032977,现在年轻人对60来块，毫无毫无概念！,鲜水湾,2025-12-10 21:35:15,图文笔记,已推广,5282,1261,21.0,0.0,0.0,0.0,11.0,11.0,2.0,0.0,0.0,0,无成交数据
693935cf000000001e02bdfb,月掉10斤的秘诀～原来都在这个三文鱼身上,鲜水湾,2025-12-10 16:56:47,图文笔记,未推广,1432,141.0,3.0,0.0,0.0,0.0,6.0,6.0,1.0,0.0,0.0,0,无成交数据
69392ffc000000001d03c6d3,不要低估40多💰的购买力，敞开吃吧……,婉婉上班吃什么,2025-12-10 16:31:57,视频笔记,未推广,7005,1273,30.0,0.0,0.0,0.0,0.0,0.0,0.0,0.0,0.0,0,无成交数据
69390863000000001e016a6b,我爸说便宜卖吧，反正就这一季49.9五斤,婉婉上班吃什么,2025-12-10 13:42:59,视频笔记,未推广,4661,740.0,20.0,0.0,0.0,0.0,0.0,0.0,0.0,0.0,0.0,0,无成交数据
6937dbb3000000001e00c896,我也不想买啊，但是40多一箱的生蚝太鲜了,婉婉上班吃什么,2025-12-09 16:20:03,视频笔记,未推广,5207,1202,16.0,0.0,0.0,0.0,0.0,0.0,0.0,0.0,0.0,0,无成交数据
6937c8f1000000001e016edd,这么大的生蚝你能吃几个？,婉婉上班吃什么,2025-12-09 15:00:01,视频笔记,未推广,442327,71399,1019,0.0,0.0,0.0,0.0,0.0,0.0,0.0,0.0,0,无成交数据
6936ce79000000001e02e3c2,小红书诚不欺我😭香煎三文鱼真的超好吃！,鲜水湾,2025-12-08 21:11:21,图文笔记,未推广,1858,120.0,3.0,0.0,0.0,0.0,3.0,2.0,2.0,0.0,0.0,0,无成交数据
69367592000000001f00b9d5,我的老天奶！40多买的乳山生蚝太好吃了！,婉婉上班吃什么,2025-12-08 14:52:02,视频笔记,已推广,2119,684.0,5.0,0.0,0.0,0.0,3.0,2.0,1.0,0.0,0.0,0,无成交数据
693580e4000000001e03479d,在小红书买的😭在家就轻松复刻的日料大餐,鲜水湾,2025-12-07 21:28:04,图文笔记,已推广,1556,230.0,12.0,0.0,0.0,0.0,7.0,7.0,2.0,0.0,0.0,0,无成交数据
6933f4de000000001e038f25,在小红书买的！真的很大,鲜水湾,2025-12-06 17:18:22,图文笔记,未推广,1196,77.0,6.0,0.0,0.0,0.0,0.0,0.0,0.0,0.0,0.0,0,无成交数据
6933e773000000001b021c48,懂事的姐妹已经给男朋友安排起来了,婉婉上班吃什么,2025-12-06 16:21:07,视频笔记,未推广,2190,644.0,10.0,0.0,0.0,0.0,0.0,0.0,0.0,0.0,0.0,0,无成交数据
6933c91f000000001e010b02,这么大的生蚝你能吃几个？,婉婉上班吃什么,2025-12-06 14:11:43,视频笔记,未推广,3619,1574,16.0,0.0,0.0,0.0,0.0,0.0,0.0,0.0,0.0,0,无成交数据
6933b8fe000000001e03b9f0,以前是山姆，现在是小红书,鲜水湾,2025-12-06 13:02:54,图文笔记,已推广,1775,200.0,6.0,0.0,0.0,0.0,7.0,6.0,1.0,0.0,0.0,0,无成交数据
69327b24000000001b0327c8,爸妈愁的睡不着觉，49.9r一箱五斤包邮了,婉婉上班吃什么,2025-12-05 14:26:44,视频笔记,已推广,3071,721.0,7.0,0.0,0.0,0.0,0.0,0.0,0.0,0.0,0.0,0,无成交数据
6931293d000000001e036a7c,生蚝到底哪里不能吃？,婉婉上班吃什么,2025-12-04 14:25:01,视频笔记,未推广,47375,17002,104.0,0.0,0.0,0.0,0.0,0.0,0.0,0.0,0.0,0,无成交数据
69311c76000000001e036021,49.9我微微心动，你说顺丰包邮我直接冲,婉婉上班吃什么,2025-12-04 13:30:30,视频笔记,已推广,4920,1071,14.0,0.0,0.0,0.0,0.0,0.0,0.0,0.0,0.0,0,无成交数据
6930088b000000001f006225,误以为很贵，实际40多五斤生蚝真的过瘾！,婉婉上班吃什么,2025-12-03 17:53:15,视频笔记,已推广,5122,1427,19.0,0.0,0.0,0.0,5.0,4.0,0.0,0.0,0.0,0,无成交数据
692efa4e000000001e031463,网购了一整条三文鱼，安全下车,鲜水湾,2025-12-02 22:40:14,图文笔记,已推广,3132,187.0,5.0,0.0,0.0,0.0,18.0,17.0,1.0,0.0,0.0,0,无成交数据
692e4f1e000000001f007cb8,在小红书上买到了整条三文鱼…,鲜水湾,2025-12-02 10:29:50,图文笔记,已推广,31717,5093,35.0,736.0,2.0,2.0,217.0,202.0,31.0,368.0,1.0,23.21,有成交
692d40f7000000001e035d9c,在鲜水湾买的整条三文鱼…,鲜水湾,2025-12-01 15:17:11,图文笔记,未推广,6560,466.0,30.0,0.0,0.0,0.0,11.0,10.0,2.0,0.0,0.0,0,无成交数据
69271d5b000000001e030027,低估60多块的购买力了，不到一块💰一只,鲜水湾,2025-11-26 23:31:40,图文笔记,已推广,2318,213.0,7.0,69.0,1.0,1.0,20.0,20.0,1.0,0.0,0.0,29.77,有成交
6926a2d7000000000d00d05d,我q。。。这么大的生蚝你能吃几个？,婉婉上班吃什么,2025-11-26 14:48:56,视频笔记,未推广,1070756,193020,3973,0.0,0.0,0.0,0.0,0.0,0.0,0.0,0.0,0,无成交数据
69267780000000001e00ebe8,这么大的生蚝你能吃几个？,婉婉上班吃什么,2025-11-26 11:44:00,视频笔记,已推广,4498,1495,11.0,0.0,0.0,0.0,1.0,1.0,0.0,0.0,0.0,0,无成交数据
6925cf4b000000001e03bc4d,这么大的生蚝你能吃几只？,婉婉上班吃什么,2025-11-25 23:46:19,视频笔记,已推广,4091,1504,9.0,0.0,0.0,0.0,1.0,1.0,0.0,0.0,0.0,0,无成交数据
6925754f000000001e02c06b,这么大的生蚝你能吃几个？,婉婉上班吃什么,2025-11-25 17:22:23,视频笔记,已推广,3376,1664,9.0,0.0,0.0,0.0,2.0,2.0,0.0,0.0,0.0,0,无成交数据
69255a3e000000001e02599d,59.9r到手5斤，大小一个价，喜欢的来尝尝,婉婉上班吃什么,2025-11-25 15:26:54,视频笔记,已推广,18734,2402,31.0,0.0,0.0,0.0,16.0,14.0,0.0,0.0,0.0,0,无成交数据
6923f964000000001e027c8f,这么大的生蚝你能吃几个？,婉婉上班吃什么,2025-11-24 14:21:24,视频笔记,已推广,7784,4877,19.0,0.0,0.0,0.0,12.0,12.0,0.0,0.0,0.0,0,无成交数据
69226d6e000000001d03ec8c,这么大的乳山生蚝你能吃几个？,婉婉上班吃什么,2025-11-23 10:11:58,视频笔记,已推广,5646,1872,17.0,0.0,0.0,0.0,1.0,1.0,0.0,0.0,0.0,0,无成交数据
691fc5ba000000000d00dc1c,这么大的生蚝你能吃几个？,婉婉上班吃什么,2025-11-21 09:51:54,视频笔记,已推广,8163,3417,24.0,0.0,0.0,0.0,0.0,0.0,0.0,0.0,0.0,0,无成交数据
691eeaf8000000001e030573,这么大的生蚝你能吃几个？,婉婉上班吃什么,2025-11-20 18:18:32,视频笔记,未推广,1617896,283538,5400,0.0,0.0,0.0,0.0,0.0,0.0,0.0,0.0,0,无成交数据
691ed184000000001f008fde,爆浆的生蚝能吃吗？,婉婉上班吃什么,2025-11-20 17:29:55,视频笔记,已推广,10515,4849,28.0,0.0,0.0,0.0,5.0,4.0,0.0,0.0,0.0,0,无成交数据
691ebdcb000000001e002b14,我爸说便宜卖吧，反正就这一季 59.9五斤,婉婉上班吃什么,2025-11-20 15:05:47,视频笔记,已推广,4243,1677,23.0,0.0,0.0,0.0,0.0,0.0,0.0,0.0,0.0,0,无成交数据
691e96e5000000001b0336b0,有人爱吃生蚝吗？,婉婉上班吃什么,2025-11-20 12:19:49,视频笔记,已推广,5858,1345,5.0,0.0,0.0,0.0,0.0,0.0,0.0,0.0,0.0,0,无成交数据
691dce53000000001e02d187,新店开业❗️69.9💰3斤海洋大虾,鲜水湾,2025-11-19 22:04:03,图文笔记,已推广,1165,46.0,3.0,0.0,0.0,0.0,0.0,0.0,0.0,0.0,0.0,0,无成交数据
691dcca3000000001f00d933,不要低估50💰的购买力，敞开吃吧……,婉婉上班吃什么,2025-11-19 21:56:51,视频笔记,已推广,4988,942.0,11.0,0.0,0.0,0.0,0.0,0.0,0.0,0.0,0.0,0,无成交数据
691d6969000000001d03a42c,爸妈眼里的奢侈品，我的平价大虾😂,鲜水湾甄选,2025-11-19 14:53:29,图文笔记,已推广,1337,105.0,3.0,0.0,0.0,0.0,0.0,0.0,0.0,0.0,0.0,0,无成交数据
691c9929000000001f00e731,巨惊艳❗️乳山真有好生蚝,婉婉上班吃什么,2025-11-19 00:04:57,图文笔记,已推广,3775,171.0,3.0,0.0,0.0,0.0,0.0,0.0,0.0,0.0,0.0,0,无成交数据
691c462f000000001e007a24,没招了，我爸让我在网上卖生蚝，谁买啊🥲,婉婉上班吃什么,2025-11-18 19:10:50,视频笔记,已推广,5358,923.0,13.0,0.0,0.0,0.0,1.0,1.0,0.0,0.0,0.0,0,无成交数据
691c04390000000019025de9,不要低估50💰的购买力，敞开吃吧……,婉婉上班吃什么,2025-11-18 13:29:29,视频笔记,已推广,3757,691.0,13.0,0.0,0.0,0.0,0.0,0.0,0.0,0.0,0.0,0,无成交数据
691aeb55000000000503963f,我爸让我通知各位，乳山超大生蚝59.9r5斤,婉婉上班吃什么,2025-11-17 17:31:01,视频笔记,已推广,4796,940.0,12.0,0.0,0.0,0.0,0.0,0.0,0.0,0.0,0.0,0,无成交数据
691a7ea200000000050388b4,59.9r到手5斤，大小一个价，喜欢的来尝尝,婉婉上班吃什么,2025-11-17 11:47:00,视频笔记,已推广,32189,5579,89.0,0.0,0.0,0.0,5.0,5.0,0.0,0.0,0.0,0,无成交数据
691a7b380000000007021be5,用生蚝下个面，也太过瘾了吧！涮锅也好吃！,婉婉上班吃什么,2025-11-17 10:32:41,视频笔记,已推广,2784,840.0,9.0,0.0,0.0,0.0,0.0,0.0,0.0,0.0,0.0,0,无成交数据
691a79eb0000000007021690,不愧是10w网友认证过的乳山生蚝 ?太绝了！,婉婉上班吃什么,2025-11-17 09:27:07,视频笔记,已推广,4128,1195,10.0,0.0,0.0,0.0,9.0,9.0,0.0,0.0,0.0,0,无成交数据
69183e3c0000000004006b70,对60几块钱的概念越来越模糊了,鲜水湾,2025-11-15 16:47:56,图文笔记,已推广,4821,437.0,6.0,0.0,0.0,0.0,0.0,0.0,0.0,0.0,0.0,0,无成交数据
691825770000000005038dec,年轻人别太低估100块的购买力…,鲜水湾,2025-11-15 15:02:15,图文笔记,未推广,1565,46.0,4.0,0.0,0.0,0.0,0.0,0.0,0.0,0.0,0.0,0,无成交数据
6916fd440000000004002b06,60+💰很适合上班族带饭的虾,鲜水湾,2025-11-14 17:58:28,图文笔记,已推广,1148,54.0,6.0,0.0,0.0,0.0,1.0,1.0,1.0,0.0,0.0,0,无成交数据
6916f793000000001b0218c5,生蚝一箱也是码头价，运费算我的！,婉婉上班吃什么,2025-11-14 17:34:11,视频笔记,已推广,38458,4210,50.0,77.9,1.0,1.0,70.0,57.0,8.0,0.0,0.0,2.03,有成交
6916f37a00000000050114f9,不要低估50💰的购买力，敞开吃吧……,婉婉上班吃什么,2025-11-14 18:16:26,视频笔记,已推广,5159,841.0,18.0,109.9,1.0,1.0,12.0,8.0,0.0,109.9,1.0,21.3,有成交
6916ee160000000005012c8b,60块的购买力又刷新了我的认知！,婉婉上班吃什么,2025-11-14 16:53:42,视频笔记,已推广,6205,1053,11.0,0.0,0.0,0.0,2.0,2.0,0.0,0.0,0.0,0,无成交数据
69169a18000000000702364f,不要低估50💰的购买力，敞开吃吧……,婉婉上班吃什么,2025-11-14 11:55:01,视频笔记,已推广,1224,368.0,2.0,0.0,0.0,0.0,1.0,1.0,0.0,0.0,0.0,0,无成交数据
6916983e00000000070142da,真心建议姐妹们尝尝这个三倍体生蚝！,婉婉上班吃什么,2025-11-14 10:47:26,视频笔记,已推广,2615,628.0,6.0,0.0,0.0,0.0,9.0,8.0,1.0,0.0,0.0,0,无成交数据
6915f2e80000000004011f79,看着平平无奇，大虾减酯吃属实高调,鲜水湾,2025-11-13 23:02:00,图文笔记,已推广,1460,87.0,5.0,0.0,0.0,0.0,0.0,0.0,0.0,0.0,0.0,0,无成交数据
6915a71900000000050315c1,不要低估60+💰的购买力，敞开吃吧…,鲜水湾,2025-11-13 17:38:33,图文笔记,已推广,4426,266.0,6.0,0.0,0.0,0.0,0.0,0.0,0.0,0.0,0.0,0,无成交数据
69159a5e0000000005010da5,虾怎么保存新鲜？,鲜水湾,2025-11-13 16:44:14,视频笔记,未推广,3286,783.0,12.0,0.0,0.0,0.0,0.0,0.0,0.0,0.0,0.0,0,无成交数据
6915949e000000000703b57a,备孕姐妹冲！我家冷水蚝 59.9 元 5 斤,婉婉上班吃什么,2025-11-13 16:19:42,视频笔记,已推广,14949,2238,20.0,0.0,0.0,0.0,24.0,22.0,3.0,0.0,0.0,0,无成交数据
6915760a0000000004013483,太香了！60多就能买满满一箱大虾！,鲜水湾,2025-11-13 14:09:14,图文笔记,已推广,1248,84.0,1.0,0.0,0.0,0.0,0.0,0.0,0.0,0.0,0.0,0,无成交数据
69154f1a0000000004011889,在办公室吃虾，结果整个公司都被种草了🥺,鲜水湾,2025-11-13 11:23:06,图文笔记,已推广,1399,77.0,2.0,0.0,0.0,0.0,0.0,0.0,0.0,0.0,0.0,0,无成交数据
69153e6b0000000005002992,跟风买的！50+一箱的生蚝是真的肥！,婉婉上班吃什么,2025-11-13 10:11:56,视频笔记,已推广,3767,719.0,4.0,0.0,0.0,0.0,0.0,0.0,0.0,0.0,0.0,0,无成交数据
69149d800000000004029271,太香了！60几块就能买满满一箱大虾！,鲜水湾,2025-11-12 22:45:20,图文笔记,已推广,1099,62.0,1.0,0.0,0.0,0.0,0.0,0.0,0.0,0.0,0.0,0,无成交数据
69145aa20000000004014a85,我q。。。谁还没吃过这个乳山生蚝啊,婉婉上班吃什么,2025-11-12 18:00:02,视频笔记,已推广,2484,573.0,3.0,0.0,0.0,0.0,0.0,0.0,0.0,0.0,0.0,0,无成交数据
69141ff30000000004004dac,好吃我已经说累了，没看到就随缘吧,婉婉上班吃什么,2025-11-12 13:49:39,视频笔记,已推广,1397,350.0,2.0,0.0,0.0,0.0,0.0,0.0,0.0,0.0,0.0,0,无成交数据
69141aad000000000700bda1,没招了，我爸让我在网上卖，谁买啊🥲,婉婉上班吃什么,2025-11-12 13:27:09,视频笔记,已推广,1174,288.0,1.0,0.0,0.0,0.0,0.0,0.0,0.0,0.0,0.0,0,无成交数据
691417bd0000000005030f0d,好吃我已经说累了，没看到就随缘吧！,鲜水湾,2025-11-12 13:14:37,图文笔记,已推广,1356,75.0,1.0,0.0,0.0,0.0,1.0,1.0,0.0,0.0,0.0,0,无成交数据
6913ee9d0000000007016882,感谢小红书，让我感受到69.9吃一周的快乐！,鲜水湾甄选,2025-11-12 10:19:09,图文笔记,已推广,2072,166.0,4.0,0.0,0.0,0.0,0.0,0.0,0.0,0.0,0.0,0,无成交数据
6912feac000000000302d5f9,原产地海蛎子直发！这海蛎子真的肥到没边了,婉婉上班吃什么,2025-11-11 17:15:24,视频笔记,已推广,2630,531.0,4.0,0.0,0.0,0.0,0.0,0.0,0.0,0.0,0.0,0,无成交数据
6912f5760000000005001201,说一个撑死人但热量很低的东西,鲜水湾,2025-11-11 16:36:06,图文笔记,已推广,3357,349.0,13.0,0.0,0.0,0.0,0.0,0.0,0.0,0.0,0.0,0,无成交数据
6912d7f80000000004011daa,到底是谁爱吃这种肥肥的生蚝啊😭,婉婉上班吃什么,2025-11-11 14:30:16,视频笔记,已推广,18380,2765,37.0,0.0,0.0,0.0,0.0,0.0,0.0,0.0,0.0,0,无成交数据
6912caf4000000000301ad06,懂事的姐妹已经给男朋友安排起来了......,婉婉上班吃什么,2025-11-11 13:34:44,视频笔记,已推广,1162,302.0,2.0,0.0,0.0,0.0,0.0,0.0,0.0,0.0,0.0,0,无成交数据
6912ace8000000000402b13c,70块承包半月减酯晚餐，这虾比鸡胸肉还值！,鲜水湾,2025-11-11 11:26:32,图文笔记,已推广,5333,323.0,7.0,0.0,0.0,0.0,0.0,0.0,0.0,0.0,0.0,0,无成交数据
69129a6600000000050126a3,减脂期最简单的饭,鲜水湾,2025-11-11 10:07:34,图文笔记,未推广,1032,97.0,6.0,0.0,0.0,0.0,0.0,0.0,0.0,0.0,0.0,0,无成交数据
6911b8c3000000000703a88d,是谁还没有吃过乳山生蚝呀😅,婉婉上班吃什么,2025-11-10 18:04:51,视频笔记,已推广,1233,246.0,5.0,0.0,0.0,0.0,0.0,0.0,0.0,0.0,0.0,0,无成交数据
6911a66d0000000004002444,没招了，我妈让我在网上卖，谁买啊🥲,婉婉上班吃什么,2025-11-10 16:46:37,视频笔记,已推广,1374,252.0,1.0,0.0,0.0,0.0,0.0,0.0,0.0,0.0,0.0,0,无成交数据
6911964b000000000302e613,怎么正确蒸生蚝，看完这条视频你就知道了,婉婉上班吃什么,2025-11-10 15:37:47,视频笔记,已推广,13040,1708,57.0,0.0,0.0,0.0,0.0,0.0,0.0,0.0,0.0,0,无成交数据
691185f4000000000703b57a,终于知道年轻人爱大虾的理由了……,鲜水湾甄选,2025-11-10 14:28:04,图文笔记,已推广,2942,113.0,10.0,0.0,0.0,0.0,0.0,0.0,0.0,0.0,0.0,0,无成交数据
69116e680000000005039ec9,立冬开始你一定要吃的海鲜,婉婉上班吃什么,2025-11-10 12:47:36,视频笔记,已推广,11456,1922,20.0,0.0,0.0,0.0,0.0,0.0,0.0,0.0,0.0,0,无成交数据
69114141000000000700abc9,不要低估50💰的购买力，敞开吃吧……,婉婉上班吃什么,2025-11-10 09:34:57,视频笔记,已推广,2781,533.0,7.0,0.0,0.0,0.0,0.0,0.0,0.0,0.0,0.0,0,无成交数据
691090c7000000000503163c,又到吃生蚝的季节了！🔥,婉婉上班吃什么,2025-11-09 21:01:59,视频笔记,已推广,17687,5813,56.0,0.0,0.0,0.0,39.0,36.0,4.0,0.0,0.0,0,无成交数据
690f0fb000000000040010a4,生蚝一箱也是码头价，运费算我的！,婉婉上班吃什么,2025-11-08 17:38:56,视频笔记,已推广,3486,767.0,6.0,0.0,0.0,0.0,0.0,0.0,0.0,0.0,0.0,0,无成交数据
690ece1300000000030393c5,深海大肥猪！这生蚝真的没对手！,婉婉上班吃什么,2025-11-08 12:58:59,视频笔记,已推广,24493,5170,58.0,0.0,0.0,0.0,0.0,0.0,0.0,0.0,0.0,0,无成交数据
690ea68e0000000003010d38,"我爸让我赶紧宣传一下,50+一箱了！包活包肥",婉婉上班吃什么,2025-11-08 10:10:22,视频笔记,已推广,3247,503.0,4.0,0.0,0.0,0.0,0.0,0.0,0.0,0.0,0.0,0,无成交数据
690ea0dc0000000004002f4f,别再砍价啦！20+💰1斤的大虾真没赚头,鲜水湾,2025-11-08 09:46:04,图文笔记,已推广,1277,84.0,3.0,0.0,0.0,0.0,5.0,4.0,1.0,0.0,0.0,0,无成交数据
690d87950000000004028206,低估60多块的购买力了，不到1r💰1只,鲜水湾,2025-11-07 13:45:57,图文笔记,已推广,1760,74.0,15.0,0.0,0.0,0.0,0.0,0.0,0.0,0.0,0.0,0,无成交数据
690c9bfa000000000700c012,低估60💰多块的购买力了不到1r一只,鲜水湾甄选,2025-11-06 21:00:43,图文笔记,已推广,1585,81.0,5.0,0.0,0.0,0.0,2.0,2.0,0.0,0.0,0.0,0,无成交数据
